FILE,LINE,VENDOR_OR_EXTERNAL_REFERENCE,CLASS,WHY_IT_EXISTS,SAFE_IN_ARCHITECTURE,ADAPTER_LOCAL,HISTORICAL,NEEDS_ANOTHER_ARCHITECTURE_FIX
.github/workflows/ci.yml,81,http://localhost:8080,J,Dependency/provenance or CI service configuration; no business provider selection.,True,False,False,False
.github/workflows/ci.yml,92,http://localhost:8080/,J,Dependency/provenance or CI service configuration; no business provider selection.,True,False,False,False
Dockerfile,20,http://127.0.0.1:,B,Configured local service/health endpoint; not an external provider dependency.,True,False,False,False
LICENSE,24,https://unlicense.org,I,"Standard namespace, schema or license reference; not an application provider dependency.",True,False,False,False
README.md,55,Resend,B,Provider/deployment documentation or optional infrastructure example; consult provider-architecture.md for current release restrictions.,True,False,False,False
README.md,57,Resend,B,Provider/deployment documentation or optional infrastructure example; consult provider-architecture.md for current release restrictions.,True,False,False,False
README.md,59,resend,B,Provider/deployment documentation or optional infrastructure example; consult provider-architecture.md for current release restrictions.,True,False,False,False
README.md,60,RESEND,B,Provider/deployment documentation or optional infrastructure example; consult provider-architecture.md for current release restrictions.,True,False,False,False
README.md,60,Resend,B,Provider/deployment documentation or optional infrastructure example; consult provider-architecture.md for current release restrictions.,True,False,False,False
README.md,61,RESEND,B,Provider/deployment documentation or optional infrastructure example; consult provider-architecture.md for current release restrictions.,True,False,False,False
README.md,62,RESEND,B,Provider/deployment documentation or optional infrastructure example; consult provider-architecture.md for current release restrictions.,True,False,False,False
README.md,63,RESEND,B,Provider/deployment documentation or optional infrastructure example; consult provider-architecture.md for current release restrictions.,True,False,False,False
README.md,63,Resend,B,Provider/deployment documentation or optional infrastructure example; consult provider-architecture.md for current release restrictions.,True,False,False,False
README.md,65,Resend,B,Provider/deployment documentation or optional infrastructure example; consult provider-architecture.md for current release restrictions.,True,False,False,False
README.md,67,FCM,B,Provider/deployment documentation or optional infrastructure example; consult provider-architecture.md for current release restrictions.,True,False,False,False
README.md,68,Firebase,B,Provider/deployment documentation or optional infrastructure example; consult provider-architecture.md for current release restrictions.,True,False,False,False
README.md,70,fcm,B,Provider/deployment documentation or optional infrastructure example; consult provider-architecture.md for current release restrictions.,True,False,False,False
README.md,71,Firebase,B,Provider/deployment documentation or optional infrastructure example; consult provider-architecture.md for current release restrictions.,True,False,False,False
README.md,73,FCM,B,Provider/deployment documentation or optional infrastructure example; consult provider-architecture.md for current release restrictions.,True,False,False,False
README.md,75,FCM,B,Provider/deployment documentation or optional infrastructure example; consult provider-architecture.md for current release restrictions.,True,False,False,False
README.md,77,Firebase,B,Provider/deployment documentation or optional infrastructure example; consult provider-architecture.md for current release restrictions.,True,False,False,False
README.md,80,Firebase,B,Provider/deployment documentation or optional infrastructure example; consult provider-architecture.md for current release restrictions.,True,False,False,False
README.md,81,FIREBASE,B,Provider/deployment documentation or optional infrastructure example; consult provider-architecture.md for current release restrictions.,True,False,False,False
README.md,81,Firebase,B,Provider/deployment documentation or optional infrastructure example; consult provider-architecture.md for current release restrictions.,True,False,False,False
README.md,82,FIREBASE,B,Provider/deployment documentation or optional infrastructure example; consult provider-architecture.md for current release restrictions.,True,False,False,False
README.md,82,Firebase,B,Provider/deployment documentation or optional infrastructure example; consult provider-architecture.md for current release restrictions.,True,False,False,False
README.md,83,FIREBASE,B,Provider/deployment documentation or optional infrastructure example; consult provider-architecture.md for current release restrictions.,True,False,False,False
README.md,83,Firebase,B,Provider/deployment documentation or optional infrastructure example; consult provider-architecture.md for current release restrictions.,True,False,False,False
README.md,84,FIREBASE,B,Provider/deployment documentation or optional infrastructure example; consult provider-architecture.md for current release restrictions.,True,False,False,False
README.md,84,Firebase,B,Provider/deployment documentation or optional infrastructure example; consult provider-architecture.md for current release restrictions.,True,False,False,False
README.md,85,FIREBASE,B,Provider/deployment documentation or optional infrastructure example; consult provider-architecture.md for current release restrictions.,True,False,False,False
README.md,85,Firebase,B,Provider/deployment documentation or optional infrastructure example; consult provider-architecture.md for current release restrictions.,True,False,False,False
README.md,86,FIREBASE,B,Provider/deployment documentation or optional infrastructure example; consult provider-architecture.md for current release restrictions.,True,False,False,False
README.md,86,Firebase,B,Provider/deployment documentation or optional infrastructure example; consult provider-architecture.md for current release restrictions.,True,False,False,False
README.md,87,FIREBASE,B,Provider/deployment documentation or optional infrastructure example; consult provider-architecture.md for current release restrictions.,True,False,False,False
README.md,87,Firebase,B,Provider/deployment documentation or optional infrastructure example; consult provider-architecture.md for current release restrictions.,True,False,False,False
README.md,90,FCM,B,Provider/deployment documentation or optional infrastructure example; consult provider-architecture.md for current release restrictions.,True,False,False,False
README.md,90,Firebase,B,Provider/deployment documentation or optional infrastructure example; consult provider-architecture.md for current release restrictions.,True,False,False,False
README.md,92,Fylings,B,Provider/deployment documentation or optional infrastructure example; consult provider-architecture.md for current release restrictions.,True,False,False,False
README.md,93,Fylings,B,Provider/deployment documentation or optional infrastructure example; consult provider-architecture.md for current release restrictions.,True,False,False,False
README.md,97,fylings,B,Provider/deployment documentation or optional infrastructure example; consult provider-architecture.md for current release restrictions.,True,False,False,False
README.md,98,Fylings,B,Provider/deployment documentation or optional infrastructure example; consult provider-architecture.md for current release restrictions.,True,False,False,False
README.md,98,FYLINGS,B,Provider/deployment documentation or optional infrastructure example; consult provider-architecture.md for current release restrictions.,True,False,False,False
README.md,99,FYLINGS,B,Provider/deployment documentation or optional infrastructure example; consult provider-architecture.md for current release restrictions.,True,False,False,False
README.md,99,https://www.fylings.com,B,Provider/deployment documentation or optional infrastructure example; consult provider-architecture.md for current release restrictions.,True,False,False,False
README.md,101,Fylings,B,Provider/deployment documentation or optional infrastructure example; consult provider-architecture.md for current release restrictions.,True,False,False,False
README.md,105,Geoapify,B,Provider/deployment documentation or optional infrastructure example; consult provider-architecture.md for current release restrictions.,True,False,False,False
README.md,105,GEOAPIFY,B,Provider/deployment documentation or optional infrastructure example; consult provider-architecture.md for current release restrictions.,True,False,False,False
README.md,105,geoapify,B,Provider/deployment documentation or optional infrastructure example; consult provider-architecture.md for current release restrictions.,True,False,False,False
README.md,105,OpenStreetMap,B,Provider/deployment documentation or optional infrastructure example; consult provider-architecture.md for current release restrictions.,True,False,False,False
README.md,105,Render,B,Provider/deployment documentation or optional infrastructure example; consult provider-architecture.md for current release restrictions.,True,False,False,False
RENDER_RUNTIME_COMPATIBILITY_FIX.md,1,Render,B,Provider/deployment documentation or optional infrastructure example; consult provider-architecture.md for current release restrictions.,True,False,False,False
RENDER_RUNTIME_COMPATIBILITY_FIX.md,3,Render,B,Provider/deployment documentation or optional infrastructure example; consult provider-architecture.md for current release restrictions.,True,False,False,False
RENDER_RUNTIME_COMPATIBILITY_FIX.md,4,RENDER,B,Provider/deployment documentation or optional infrastructure example; consult provider-architecture.md for current release restrictions.,True,False,False,False
RENDER_RUNTIME_COMPATIBILITY_FIX.md,6,Render,B,Provider/deployment documentation or optional infrastructure example; consult provider-architecture.md for current release restrictions.,True,False,False,False
RENDER_RUNTIME_COMPATIBILITY_FIX.md,7,redis,B,Provider/deployment documentation or optional infrastructure example; consult provider-architecture.md for current release restrictions.,True,False,False,False
RENDER_RUNTIME_COMPATIBILITY_FIX.md,10,Redis,B,Provider/deployment documentation or optional infrastructure example; consult provider-architecture.md for current release restrictions.,True,False,False,False
RENDER_RUNTIME_COMPATIBILITY_FIX.md,11,Redis,B,Provider/deployment documentation or optional infrastructure example; consult provider-architecture.md for current release restrictions.,True,False,False,False
RENDER_RUNTIME_COMPATIBILITY_FIX.md,15,redis,B,Provider/deployment documentation or optional infrastructure example; consult provider-architecture.md for current release restrictions.,True,False,False,False
RENDER_RUNTIME_COMPATIBILITY_FIX.md,16,Render,B,Provider/deployment documentation or optional infrastructure example; consult provider-architecture.md for current release restrictions.,True,False,False,False
RENDER_RUNTIME_COMPATIBILITY_FIX.md,17,Render,B,Provider/deployment documentation or optional infrastructure example; consult provider-architecture.md for current release restrictions.,True,False,False,False
RENDER_RUNTIME_COMPATIBILITY_FIX.md,18,Redis,B,Provider/deployment documentation or optional infrastructure example; consult provider-architecture.md for current release restrictions.,True,False,False,False
RENDER_RUNTIME_COMPATIBILITY_FIX.md,18,REDIS,B,Provider/deployment documentation or optional infrastructure example; consult provider-architecture.md for current release restrictions.,True,False,False,False
docs/CLOUDFLARE_R2_STORAGE.md,1,Cloudflare,B,Provider/deployment documentation or optional infrastructure example; consult provider-architecture.md for current release restrictions.,True,False,False,False
docs/CLOUDFLARE_R2_STORAGE.md,1,R2,B,Provider/deployment documentation or optional infrastructure example; consult provider-architecture.md for current release restrictions.,True,False,False,False
docs/CLOUDFLARE_R2_STORAGE.md,13,Cloudflare,B,Provider/deployment documentation or optional infrastructure example; consult provider-architecture.md for current release restrictions.,True,False,False,False
docs/CLOUDFLARE_R2_STORAGE.md,18,R2,B,Provider/deployment documentation or optional infrastructure example; consult provider-architecture.md for current release restrictions.,True,False,False,False
docs/CLOUDFLARE_R2_STORAGE.md,20,Render,B,Provider/deployment documentation or optional infrastructure example; consult provider-architecture.md for current release restrictions.,True,False,False,False
docs/CLOUDFLARE_R2_STORAGE.md,25,r2,B,Provider/deployment documentation or optional infrastructure example; consult provider-architecture.md for current release restrictions.,True,False,False,False
docs/CLOUDFLARE_R2_STORAGE.md,26,CLOUDFLARE,B,Provider/deployment documentation or optional infrastructure example; consult provider-architecture.md for current release restrictions.,True,False,False,False
docs/CLOUDFLARE_R2_STORAGE.md,26,Cloudflare,B,Provider/deployment documentation or optional infrastructure example; consult provider-architecture.md for current release restrictions.,True,False,False,False
docs/CLOUDFLARE_R2_STORAGE.md,27,CLOUDFLARE,B,Provider/deployment documentation or optional infrastructure example; consult provider-architecture.md for current release restrictions.,True,False,False,False
docs/CLOUDFLARE_R2_STORAGE.md,27,R2,B,Provider/deployment documentation or optional infrastructure example; consult provider-architecture.md for current release restrictions.,True,False,False,False
docs/CLOUDFLARE_R2_STORAGE.md,28,CLOUDFLARE,B,Provider/deployment documentation or optional infrastructure example; consult provider-architecture.md for current release restrictions.,True,False,False,False
docs/CLOUDFLARE_R2_STORAGE.md,28,R2,B,Provider/deployment documentation or optional infrastructure example; consult provider-architecture.md for current release restrictions.,True,False,False,False
docs/CLOUDFLARE_R2_STORAGE.md,29,CLOUDFLARE,B,Provider/deployment documentation or optional infrastructure example; consult provider-architecture.md for current release restrictions.,True,False,False,False
docs/CLOUDFLARE_R2_STORAGE.md,29,R2,B,Provider/deployment documentation or optional infrastructure example; consult provider-architecture.md for current release restrictions.,True,False,False,False
docs/CLOUDFLARE_R2_STORAGE.md,34,R2,B,Provider/deployment documentation or optional infrastructure example; consult provider-architecture.md for current release restrictions.,True,False,False,False
docs/CLOUDFLARE_R2_STORAGE.md,34,s3,B,Provider/deployment documentation or optional infrastructure example; consult provider-architecture.md for current release restrictions.,True,False,False,False
docs/CLOUDFLARE_R2_STORAGE.md,34,S3,B,Provider/deployment documentation or optional infrastructure example; consult provider-architecture.md for current release restrictions.,True,False,False,False
docs/CLOUDFLARE_R2_STORAGE.md,36,Cloudflare,B,Provider/deployment documentation or optional infrastructure example; consult provider-architecture.md for current release restrictions.,True,False,False,False
docs/CLOUDFLARE_R2_STORAGE.md,38,Cloudflare,B,Provider/deployment documentation or optional infrastructure example; consult provider-architecture.md for current release restrictions.,True,False,False,False
docs/CLOUDFLARE_R2_STORAGE.md,38,R2,B,Provider/deployment documentation or optional infrastructure example; consult provider-architecture.md for current release restrictions.,True,False,False,False
docs/CLOUDFLARE_R2_STORAGE.md,39,R2,B,Provider/deployment documentation or optional infrastructure example; consult provider-architecture.md for current release restrictions.,True,False,False,False
docs/CLOUDFLARE_R2_STORAGE.md,40,Render,B,Provider/deployment documentation or optional infrastructure example; consult provider-architecture.md for current release restrictions.,True,False,False,False
docs/CLOUDFLARE_R2_STORAGE.md,41,r2,B,Provider/deployment documentation or optional infrastructure example; consult provider-architecture.md for current release restrictions.,True,False,False,False
docs/CLOUDFLARE_R2_STORAGE.md,44,AWS,B,Provider/deployment documentation or optional infrastructure example; consult provider-architecture.md for current release restrictions.,True,False,False,False
docs/CLOUDFLARE_R2_STORAGE.md,44,S3,B,Provider/deployment documentation or optional infrastructure example; consult provider-architecture.md for current release restrictions.,True,False,False,False
docs/CLOUDFLARE_R2_STORAGE.md,50,R2,B,Provider/deployment documentation or optional infrastructure example; consult provider-architecture.md for current release restrictions.,True,False,False,False
docs/CLOUDFLARE_R2_STORAGE.md,51,R2,B,Provider/deployment documentation or optional infrastructure example; consult provider-architecture.md for current release restrictions.,True,False,False,False
docs/CLOUDFLARE_R2_STORAGE.md,76,R2,B,Provider/deployment documentation or optional infrastructure example; consult provider-architecture.md for current release restrictions.,True,False,False,False
docs/deployment/production-candidate.md,7,https://github.com/PaystackOSS/openapi/blob/main/dist/paystack.yaml,B,Provider/deployment documentation or optional infrastructure example; consult provider-architecture.md for current release restrictions.,True,False,False,False
docs/deployment/production-candidate.md,7,Paystack,B,Provider/deployment documentation or optional infrastructure example; consult provider-architecture.md for current release restrictions.,True,False,False,False
docs/deployment/production-candidate.md,17,AWS,B,Provider/deployment documentation or optional infrastructure example; consult provider-architecture.md for current release restrictions.,True,False,False,False
docs/deployment/production-candidate.md,17,Render,B,Provider/deployment documentation or optional infrastructure example; consult provider-architecture.md for current release restrictions.,True,False,False,False
docs/deployment/production-candidate.md,19,RENDER,B,Provider/deployment documentation or optional infrastructure example; consult provider-architecture.md for current release restrictions.,True,False,False,False
docs/deployment/production-candidate.md,19,Render,B,Provider/deployment documentation or optional infrastructure example; consult provider-architecture.md for current release restrictions.,True,False,False,False
docs/deployment/production-candidate.md,21,Redis,B,Provider/deployment documentation or optional infrastructure example; consult provider-architecture.md for current release restrictions.,True,False,False,False
docs/deployment/production-candidate.md,23,Redis,B,Provider/deployment documentation or optional infrastructure example; consult provider-architecture.md for current release restrictions.,True,False,False,False
docs/deployment/production-candidate.md,23,REDIS,B,Provider/deployment documentation or optional infrastructure example; consult provider-architecture.md for current release restrictions.,True,False,False,False
docs/deployment/production-candidate.md,23,redis,B,Provider/deployment documentation or optional infrastructure example; consult provider-architecture.md for current release restrictions.,True,False,False,False
docs/deployment/production-candidate.md,23,Render,B,Provider/deployment documentation or optional infrastructure example; consult provider-architecture.md for current release restrictions.,True,False,False,False
docs/deployment/production-candidate.md,23,Valkey,B,Provider/deployment documentation or optional infrastructure example; consult provider-architecture.md for current release restrictions.,True,False,False,False
docs/deployment/production-candidate.md,25,CLOUDFLARE,B,Provider/deployment documentation or optional infrastructure example; consult provider-architecture.md for current release restrictions.,True,False,False,False
docs/deployment/production-candidate.md,25,R2,B,Provider/deployment documentation or optional infrastructure example; consult provider-architecture.md for current release restrictions.,True,False,False,False
docs/deployment/production-candidate.md,25,s3,B,Provider/deployment documentation or optional infrastructure example; consult provider-architecture.md for current release restrictions.,True,False,False,False
docs/deployment/production-candidate.md,25,S3,B,Provider/deployment documentation or optional infrastructure example; consult provider-architecture.md for current release restrictions.,True,False,False,False
docs/deployment/production-candidate.md,35,AWS,B,Provider/deployment documentation or optional infrastructure example; consult provider-architecture.md for current release restrictions.,True,False,False,False
docs/deployment/production-candidate.md,37,AWS,B,Provider/deployment documentation or optional infrastructure example; consult provider-architecture.md for current release restrictions.,True,False,False,False
docs/deployment/production-candidate.md,39,Vercel,B,Provider/deployment documentation or optional infrastructure example; consult provider-architecture.md for current release restrictions.,True,False,False,False
docs/deployment/production-candidate.md,41,Arkesel,B,Provider/deployment documentation or optional infrastructure example; consult provider-architecture.md for current release restrictions.,True,False,False,False
docs/deployment/production-candidate.md,41,Paystack,B,Provider/deployment documentation or optional infrastructure example; consult provider-architecture.md for current release restrictions.,True,False,False,False
docs/deployment/production-candidate.md,41,R2,B,Provider/deployment documentation or optional infrastructure example; consult provider-architecture.md for current release restrictions.,True,False,False,False
docs/deployment/production-candidate.md,41,Resend,B,Provider/deployment documentation or optional infrastructure example; consult provider-architecture.md for current release restrictions.,True,False,False,False
docs/deployment/provider-architecture.md,17,paystack,B,Provider/deployment documentation or optional infrastructure example; consult provider-architecture.md for current release restrictions.,True,False,False,False
docs/deployment/provider-architecture.md,18,s3,B,Provider/deployment documentation or optional infrastructure example; consult provider-architecture.md for current release restrictions.,True,False,False,False
docs/deployment/provider-architecture.md,19,CLOUDFLARE,B,Provider/deployment documentation or optional infrastructure example; consult provider-architecture.md for current release restrictions.,True,False,False,False
docs/deployment/provider-architecture.md,19,r2,B,Provider/deployment documentation or optional infrastructure example; consult provider-architecture.md for current release restrictions.,True,False,False,False
docs/deployment/provider-architecture.md,19,R2,B,Provider/deployment documentation or optional infrastructure example; consult provider-architecture.md for current release restrictions.,True,False,False,False
docs/deployment/provider-architecture.md,20,geoapify,B,Provider/deployment documentation or optional infrastructure example; consult provider-architecture.md for current release restrictions.,True,False,False,False
docs/deployment/provider-architecture.md,20,GEOAPIFY,B,Provider/deployment documentation or optional infrastructure example; consult provider-architecture.md for current release restrictions.,True,False,False,False
docs/deployment/provider-architecture.md,21,RESEND,B,Provider/deployment documentation or optional infrastructure example; consult provider-architecture.md for current release restrictions.,True,False,False,False
docs/deployment/provider-architecture.md,21,resend,B,Provider/deployment documentation or optional infrastructure example; consult provider-architecture.md for current release restrictions.,True,False,False,False
docs/deployment/provider-architecture.md,22,arkesel,B,Provider/deployment documentation or optional infrastructure example; consult provider-architecture.md for current release restrictions.,True,False,False,False
docs/deployment/provider-architecture.md,22,ARKESEL,B,Provider/deployment documentation or optional infrastructure example; consult provider-architecture.md for current release restrictions.,True,False,False,False
docs/deployment/provider-architecture.md,23,FCM,B,Provider/deployment documentation or optional infrastructure example; consult provider-architecture.md for current release restrictions.,True,False,False,False
docs/deployment/provider-architecture.md,23,fcm,B,Provider/deployment documentation or optional infrastructure example; consult provider-architecture.md for current release restrictions.,True,False,False,False
docs/deployment/provider-architecture.md,23,FIREBASE,B,Provider/deployment documentation or optional infrastructure example; consult provider-architecture.md for current release restrictions.,True,False,False,False
docs/deployment/provider-architecture.md,24,fylings,B,Provider/deployment documentation or optional infrastructure example; consult provider-architecture.md for current release restrictions.,True,False,False,False
docs/deployment/provider-architecture.md,24,Fylings,B,Provider/deployment documentation or optional infrastructure example; consult provider-architecture.md for current release restrictions.,True,False,False,False
docs/deployment/provider-architecture.md,24,FYLINGS,B,Provider/deployment documentation or optional infrastructure example; consult provider-architecture.md for current release restrictions.,True,False,False,False
docs/deployment/provider-architecture.md,25,Bolt,B,Provider/deployment documentation or optional infrastructure example; consult provider-architecture.md for current release restrictions.,True,False,False,False
docs/deployment/provider-architecture.md,25,Uber,B,Provider/deployment documentation or optional infrastructure example; consult provider-architecture.md for current release restrictions.,True,False,False,False
docs/deployment/provider-architecture.md,25,Yango,B,Provider/deployment documentation or optional infrastructure example; consult provider-architecture.md for current release restrictions.,True,False,False,False
docs/deployment/provider-architecture.md,27,Hubtel,B,Provider/deployment documentation or optional infrastructure example; consult provider-architecture.md for current release restrictions.,True,False,False,False
docs/deployment/provider-architecture.md,31,S3,B,Provider/deployment documentation or optional infrastructure example; consult provider-architecture.md for current release restrictions.,True,False,False,False
docs/deployment/provider-architecture.md,35,STUN,B,Provider/deployment documentation or optional infrastructure example; consult provider-architecture.md for current release restrictions.,True,False,False,False
docs/deployment/provider-architecture.md,37,FCM,B,Provider/deployment documentation or optional infrastructure example; consult provider-architecture.md for current release restrictions.,True,False,False,False
docs/deployment/provider-architecture.md,47,Render,B,Provider/deployment documentation or optional infrastructure example; consult provider-architecture.md for current release restrictions.,True,False,False,False
docs/deployment/provider-architecture.md,57,Redis,B,Provider/deployment documentation or optional infrastructure example; consult provider-architecture.md for current release restrictions.,True,False,False,False
docs/deployment/provider-architecture.md,64,Render,B,Provider/deployment documentation or optional infrastructure example; consult provider-architecture.md for current release restrictions.,True,False,False,False
docs/deployment/provider-architecture.md,68,Arkesel,B,Provider/deployment documentation or optional infrastructure example; consult provider-architecture.md for current release restrictions.,True,False,False,False
docs/deployment/provider-architecture.md,68,AWS,B,Provider/deployment documentation or optional infrastructure example; consult provider-architecture.md for current release restrictions.,True,False,False,False
docs/deployment/provider-architecture.md,68,FCM,B,Provider/deployment documentation or optional infrastructure example; consult provider-architecture.md for current release restrictions.,True,False,False,False
docs/deployment/provider-architecture.md,68,Fylings,B,Provider/deployment documentation or optional infrastructure example; consult provider-architecture.md for current release restrictions.,True,False,False,False
docs/deployment/provider-architecture.md,68,Geoapify,B,Provider/deployment documentation or optional infrastructure example; consult provider-architecture.md for current release restrictions.,True,False,False,False
docs/deployment/provider-architecture.md,68,Paystack,B,Provider/deployment documentation or optional infrastructure example; consult provider-architecture.md for current release restrictions.,True,False,False,False
docs/deployment/provider-architecture.md,68,Render,B,Provider/deployment documentation or optional infrastructure example; consult provider-architecture.md for current release restrictions.,True,False,False,False
docs/deployment/provider-architecture.md,68,Resend,B,Provider/deployment documentation or optional infrastructure example; consult provider-architecture.md for current release restrictions.,True,False,False,False
docs/deployment/provider-architecture.md,68,S3,B,Provider/deployment documentation or optional infrastructure example; consult provider-architecture.md for current release restrictions.,True,False,False,False
eslint.config.mjs,14,vercel,B,Configured local service/health endpoint; not an external provider dependency.,True,False,False,False
migrations.sha256.json,26,motito,D,Checksum ledger and historical migration filename; immutable history retained.,True,False,True,False
migrations.sha256.json,26,paysmallsmall,D,Checksum ledger and historical migration filename; immutable history retained.,True,False,True,False
migrations.sha256.json,39,arkesel,D,Checksum ledger and historical migration filename; immutable history retained.,True,False,True,False
migrations.sha256.json,43,resend,D,Checksum ledger and historical migration filename; immutable history retained.,True,False,True,False
migrations.sha256.json,46,fylings,D,Checksum ledger and historical migration filename; immutable history retained.,True,False,True,False
migrations.sha256.json,52,geoapify,D,Checksum ledger and historical migration filename; immutable history retained.,True,False,True,False
migrations.sha256.json,70,paystack,D,Checksum ledger and historical migration filename; immutable history retained.,True,False,True,False
migrations/0001_auth.sql,9,Neon,D,Historical migration/seed preserved unchanged; apply the complete migration chain.,True,False,True,False
migrations/0001_auth.sql,9,Vercel,D,Historical migration/seed preserved unchanged; apply the complete migration chain.,True,False,True,False
migrations/0001_auth.sql,17,neon,D,Historical migration/seed preserved unchanged; apply the complete migration chain.,True,False,True,False
migrations/0003_auth.sql,9,Neon,D,Historical migration/seed preserved unchanged; apply the complete migration chain.,True,False,True,False
migrations/0003_auth.sql,9,Vercel,D,Historical migration/seed preserved unchanged; apply the complete migration chain.,True,False,True,False
migrations/0003_auth.sql,17,neon,D,Historical migration/seed preserved unchanged; apply the complete migration chain.,True,False,True,False
migrations/0021_escrow_settlement_brands.sql,117,https://www.samsung.com/,D,Historical migration/seed preserved unchanged; apply the complete migration chain.,True,False,True,False
migrations/0021_escrow_settlement_brands.sql,118,https://www.hisense.com/,D,Historical migration/seed preserved unchanged; apply the complete migration chain.,True,False,True,False
migrations/0024_payment_provider_selection.sql,3,Paystack,D,Historical migration/seed preserved unchanged; apply the complete migration chain.,True,False,True,False
migrations/0024_payment_provider_selection.sql,4,Hubtel,D,Historical migration/seed preserved unchanged; apply the complete migration chain.,True,False,True,False
migrations/0024_payment_provider_selection.sql,8,Paystack,D,Historical migration/seed preserved unchanged; apply the complete migration chain.,True,False,True,False
migrations/0024_payment_provider_selection.sql,8,paystack,D,Historical migration/seed preserved unchanged; apply the complete migration chain.,True,False,True,False
migrations/0024_payment_provider_selection.sql,9,Paystack,D,Historical migration/seed preserved unchanged; apply the complete migration chain.,True,False,True,False
migrations/0024_payment_provider_selection.sql,9,paystack,D,Historical migration/seed preserved unchanged; apply the complete migration chain.,True,False,True,False
migrations/0024_payment_provider_selection.sql,10,Hubtel,D,Historical migration/seed preserved unchanged; apply the complete migration chain.,True,False,True,False
migrations/0024_payment_provider_selection.sql,10,hubtel,D,Historical migration/seed preserved unchanged; apply the complete migration chain.,True,False,True,False
migrations/0024_payment_provider_selection.sql,11,Hubtel,D,Historical migration/seed preserved unchanged; apply the complete migration chain.,True,False,True,False
migrations/0024_payment_provider_selection.sql,11,hubtel,D,Historical migration/seed preserved unchanged; apply the complete migration chain.,True,False,True,False
migrations/0024_payment_provider_selection.sql,18,Hubtel,D,Historical migration/seed preserved unchanged; apply the complete migration chain.,True,False,True,False
migrations/0024_payment_provider_selection.sql,18,Paystack,D,Historical migration/seed preserved unchanged; apply the complete migration chain.,True,False,True,False
migrations/0026_neutral_financing_provider.sql,17,motito,D,Historical migration/seed preserved unchanged; apply the complete migration chain.,True,False,True,False
migrations/0026_neutral_financing_provider.sql,17,paysmallsmall,D,Historical migration/seed preserved unchanged; apply the complete migration chain.,True,False,True,False
migrations/0028_real_provider_integration_hardening.sql,15,hubtel,D,Historical migration/seed preserved unchanged; apply the complete migration chain.,True,False,True,False
migrations/0028_real_provider_integration_hardening.sql,15,paystack,D,Historical migration/seed preserved unchanged; apply the complete migration chain.,True,False,True,False
migrations/0029_live_checkout_provider_binding.sql,2,Paystack,D,Historical migration/seed preserved unchanged; apply the complete migration chain.,True,False,True,False
migrations/0029_live_checkout_provider_binding.sql,2,paystack,D,Historical migration/seed preserved unchanged; apply the complete migration chain.,True,False,True,False
migrations/0031_provider_neutral_capabilities.sql,8,Paystack,D,Historical migration/seed preserved unchanged; apply the complete migration chain.,True,False,True,False
migrations/0031_provider_neutral_capabilities.sql,12,paystack,D,Historical migration/seed preserved unchanged; apply the complete migration chain.,True,False,True,False
migrations/0043_email_otp_resend.sql,1,Resend,D,Historical migration/seed preserved unchanged; apply the complete migration chain. Vendor-specific OTP indexes are superseded by 0137.,True,False,True,False
migrations/0043_email_otp_resend.sql,3,resend,D,Historical migration/seed preserved unchanged; apply the complete migration chain. Vendor-specific OTP indexes are superseded by 0137.,True,False,True,False
migrations/0043_email_otp_resend.sql,5,resend,D,Historical migration/seed preserved unchanged; apply the complete migration chain. Vendor-specific OTP indexes are superseded by 0137.,True,False,True,False
migrations/0043_email_otp_resend.sql,7,resend,D,Historical migration/seed preserved unchanged; apply the complete migration chain. Vendor-specific OTP indexes are superseded by 0137.,True,False,True,False
migrations/0043_email_otp_resend.sql,8,resend,D,Historical migration/seed preserved unchanged; apply the complete migration chain. Vendor-specific OTP indexes are superseded by 0137.,True,False,True,False
migrations/0043_email_otp_resend.sql,10,resend,D,Historical migration/seed preserved unchanged; apply the complete migration chain. Vendor-specific OTP indexes are superseded by 0137.,True,False,True,False
migrations/0044_email_events.sql,1,Resend,D,Historical migration/seed preserved unchanged; apply the complete migration chain.,True,False,True,False
migrations/0044_email_events.sql,18,Resend,D,Historical migration/seed preserved unchanged; apply the complete migration chain.,True,False,True,False
migrations/0045_push_notifications_fcm.sql,1,FCM,D,Historical migration/seed preserved unchanged; apply the complete migration chain.,True,False,True,False
migrations/0046_kyb_fylings.sql,2,Fylings,D,Historical migration/seed preserved unchanged; apply the complete migration chain.,True,False,True,False
migrations/0046_kyb_fylings.sql,8,Fylings,D,Historical migration/seed preserved unchanged; apply the complete migration chain.,True,False,True,False
migrations/0050_fraud_risk_controls.sql,3,Hubtel,D,Historical migration/seed preserved unchanged; apply the complete migration chain.,True,False,True,False
migrations/0050_fraud_risk_controls.sql,3,Paystack,D,Historical migration/seed preserved unchanged; apply the complete migration chain.,True,False,True,False
migrations/0052_geoapify_location_cache.sql,1,Geoapify,D,Historical migration/seed preserved unchanged; apply the complete migration chain. Provider-only CHECK is superseded by 0137.,True,False,True,False
migrations/0052_geoapify_location_cache.sql,5,geoapify,D,Historical migration/seed preserved unchanged; apply the complete migration chain. Provider-only CHECK is superseded by 0137.,True,False,True,False
migrations/0117_owasp_deep_remediation.sql,167,https://[^\\s]+$,D,Historical migration/seed preserved unchanged; apply the complete migration chain.,True,False,True,False
migrations/0123_admin_campaign_management.sql,26,render,D,Historical migration/seed preserved unchanged; apply the complete migration chain.,True,False,True,False
migrations/0133_production_payment_boundaries.sql,248,Paystack,D,Historical migration/seed preserved unchanged; apply the complete migration chain. Vendor-specific refund branch is superseded by 0137.,True,False,True,False
migrations/0133_production_payment_boundaries.sql,250,paystack,D,Historical migration/seed preserved unchanged; apply the complete migration chain. Vendor-specific refund branch is superseded by 0137.,True,False,True,False
migrations/0137_provider_capability_boundaries.sql,8,paystack,B,Explicit installed adapter metadata or historical transport backfill; financial transitions use capabilities.,True,False,False,False
migrations/0137_provider_capability_boundaries.sql,11,resend,B,Explicit installed adapter metadata or historical transport backfill; financial transitions use capabilities.,True,False,False,False
migrations/0137_provider_capability_boundaries.sql,12,resend,B,Explicit installed adapter metadata or historical transport backfill; financial transitions use capabilities.,True,False,False,False
migrations/0138_push_provider_binding.sql,3,fcm,B,Explicit installed adapter metadata or historical transport backfill; financial transitions use capabilities.,True,False,False,False
migrations/auth/0001_auth.sql,9,Neon,D,Historical migration/seed preserved unchanged; apply the complete migration chain.,True,False,True,False
migrations/auth/0001_auth.sql,9,Vercel,D,Historical migration/seed preserved unchanged; apply the complete migration chain.,True,False,True,False
migrations/auth/0001_auth.sql,17,neon,D,Historical migration/seed preserved unchanged; apply the complete migration chain.,True,False,True,False
mobile/.env.example,2,http://localhost.,B,"Deployment-owned static registry, browser policy, build configuration or validator; no user-controlled module import.",True,False,False,False
mobile/.env.example,3,https://api.example.com,B,"Deployment-owned static registry, browser policy, build configuration or validator; no user-controlled module import.",True,False,False,False
mobile/eas.json,6,https://elevoratrading.com,B,"Deployment-owned static registry, browser policy, build configuration or validator; no user-controlled module import.",True,False,False,False
mobile/eas.json,10,https://elevoratrading.com,B,"Deployment-owned static registry, browser policy, build configuration or validator; no user-controlled module import.",True,False,False,False
package-lock.json,91,https://registry.npmjs.org/@babel/code-frame/-/code-frame-7.29.7.tgz,J,Dependency/provenance or CI service configuration; no business provider selection.,True,False,False,False
package-lock.json,105,https://registry.npmjs.org/@babel/compat-data/-/compat-data-7.29.7.tgz,J,Dependency/provenance or CI service configuration; no business provider selection.,True,False,False,False
package-lock.json,114,https://registry.npmjs.org/@babel/core/-/core-7.29.7.tgz,J,Dependency/provenance or CI service configuration; no business provider selection.,True,False,False,False
package-lock.json,139,https://opencollective.com/babel,J,Dependency/provenance or CI service configuration; no business provider selection.,True,False,False,False
package-lock.json,144,https://registry.npmjs.org/@babel/generator/-/generator-7.29.8.tgz,J,Dependency/provenance or CI service configuration; no business provider selection.,True,False,False,False
package-lock.json,160,https://registry.npmjs.org/@babel/helper-compilation-targets/-/helper-compilation-targets-7.29.7.tgz,J,Dependency/provenance or CI service configuration; no business provider selection.,True,False,False,False
package-lock.json,176,https://registry.npmjs.org/@babel/helper-globals/-/helper-globals-7.29.7.tgz,J,Dependency/provenance or CI service configuration; no business provider selection.,True,False,False,False
package-lock.json,185,https://registry.npmjs.org/@babel/helper-module-imports/-/helper-module-imports-7.29.7.tgz,J,Dependency/provenance or CI service configuration; no business provider selection.,True,False,False,False
package-lock.json,198,https://registry.npmjs.org/@babel/helper-module-transforms/-/helper-module-transforms-7.29.7.tgz,J,Dependency/provenance or CI service configuration; no business provider selection.,True,False,False,False
package-lock.json,215,https://registry.npmjs.org/@babel/helper-plugin-utils/-/helper-plugin-utils-7.29.7.tgz,J,Dependency/provenance or CI service configuration; no business provider selection.,True,False,False,False
package-lock.json,225,https://registry.npmjs.org/@babel/helper-string-parser/-/helper-string-parser-7.29.7.tgz,J,Dependency/provenance or CI service configuration; no business provider selection.,True,False,False,False
package-lock.json,234,https://registry.npmjs.org/@babel/helper-validator-identifier/-/helper-validator-identifier-7.29.7.tgz,J,Dependency/provenance or CI service configuration; no business provider selection.,True,False,False,False
package-lock.json,243,https://registry.npmjs.org/@babel/helper-validator-option/-/helper-validator-option-7.29.7.tgz,J,Dependency/provenance or CI service configuration; no business provider selection.,True,False,False,False
package-lock.json,252,https://registry.npmjs.org/@babel/helpers/-/helpers-7.29.7.tgz,J,Dependency/provenance or CI service configuration; no business provider selection.,True,False,False,False
package-lock.json,265,https://registry.npmjs.org/@babel/parser/-/parser-7.29.8.tgz,J,Dependency/provenance or CI service configuration; no business provider selection.,True,False,False,False
package-lock.json,280,https://registry.npmjs.org/@babel/plugin-transform-react-jsx-self/-/plugin-transform-react-jsx-self-7.29.7.tgz,J,Dependency/provenance or CI service configuration; no business provider selection.,True,False,False,False
package-lock.json,296,https://registry.npmjs.org/@babel/plugin-transform-react-jsx-source/-/plugin-transform-react-jsx-source-7.29.7.tgz,J,Dependency/provenance or CI service configuration; no business provider selection.,True,False,False,False
package-lock.json,312,https://registry.npmjs.org/@babel/runtime/-/runtime-7.29.7.tgz,J,Dependency/provenance or CI service configuration; no business provider selection.,True,False,False,False
package-lock.json,321,https://registry.npmjs.org/@babel/template/-/template-7.29.7.tgz,J,Dependency/provenance or CI service configuration; no business provider selection.,True,False,False,False
package-lock.json,335,https://registry.npmjs.org/@babel/traverse/-/traverse-7.29.8.tgz,J,Dependency/provenance or CI service configuration; no business provider selection.,True,False,False,False
package-lock.json,353,https://registry.npmjs.org/@babel/types/-/types-7.29.8.tgz,J,Dependency/provenance or CI service configuration; no business provider selection.,True,False,False,False
package-lock.json,366,https://registry.npmjs.org/@better-auth/core/-/core-1.7.6.tgz,J,Dependency/provenance or CI service configuration; no business provider selection.,True,False,False,False
package-lock.json,376,cloudflare,J,Dependency/provenance or CI service configuration; no business provider selection.,True,False,False,False
package-lock.json,384,cloudflare,J,Dependency/provenance or CI service configuration; no business provider selection.,True,False,False,False
package-lock.json,394,https://registry.npmjs.org/@better-auth/drizzle-adapter/-/drizzle-adapter-1.7.6.tgz,J,Dependency/provenance or CI service configuration; no business provider selection.,True,False,False,False
package-lock.json,409,https://registry.npmjs.org/@better-auth/kysely-adapter/-/kysely-adapter-1.7.6.tgz,J,Dependency/provenance or CI service configuration; no business provider selection.,True,False,False,False
package-lock.json,424,https://registry.npmjs.org/@better-auth/memory-adapter/-/memory-adapter-1.7.6.tgz,J,Dependency/provenance or CI service configuration; no business provider selection.,True,False,False,False
package-lock.json,433,https://registry.npmjs.org/@better-auth/mongo-adapter/-/mongo-adapter-1.7.6.tgz,J,Dependency/provenance or CI service configuration; no business provider selection.,True,False,False,False
package-lock.json,448,https://registry.npmjs.org/@better-auth/prisma-adapter/-/prisma-adapter-1.7.6.tgz,J,Dependency/provenance or CI service configuration; no business provider selection.,True,False,False,False
package-lock.json,467,https://registry.npmjs.org/@better-auth/telemetry/-/telemetry-1.7.6.tgz,J,Dependency/provenance or CI service configuration; no business provider selection.,True,False,False,False
package-lock.json,477,https://registry.npmjs.org/@better-auth/utils/-/utils-0.4.2.tgz,J,Dependency/provenance or CI service configuration; no business provider selection.,True,False,False,False
package-lock.json,486,https://registry.npmjs.org/@better-fetch/fetch/-/fetch-1.3.2.tgz,J,Dependency/provenance or CI service configuration; no business provider selection.,True,False,False,False
package-lock.json,491,https://registry.npmjs.org/@date-fns/tz/-/tz-1.5.0.tgz,J,Dependency/provenance or CI service configuration; no business provider selection.,True,False,False,False
package-lock.json,497,https://registry.npmjs.org/@electric-sql/pglite/-/pglite-0.5.8.tgz,J,Dependency/provenance or CI service configuration; no business provider selection.,True,False,False,False
package-lock.json,503,https://registry.npmjs.org/@eslint-community/eslint-utils/-/eslint-utils-4.10.1.tgz,J,Dependency/provenance or CI service configuration; no business provider selection.,True,False,False,False
package-lock.json,514,https://opencollective.com/eslint,J,Dependency/provenance or CI service configuration; no business provider selection.,True,False,False,False
package-lock.json,522,https://registry.npmjs.org/eslint-visitor-keys/-/eslint-visitor-keys-3.4.3.tgz,J,Dependency/provenance or CI service configuration; no business provider selection.,True,False,False,False
package-lock.json,530,https://opencollective.com/eslint,J,Dependency/provenance or CI service configuration; no business provider selection.,True,False,False,False
package-lock.json,535,https://registry.npmjs.org/@eslint-community/regexpp/-/regexpp-4.12.2.tgz,J,Dependency/provenance or CI service configuration; no business provider selection.,True,False,False,False
package-lock.json,545,https://registry.npmjs.org/@eslint/config-array/-/config-array-0.21.2.tgz,J,Dependency/provenance or CI service configuration; no business provider selection.,True,False,False,False
package-lock.json,560,https://registry.npmjs.org/@eslint/config-helpers/-/config-helpers-0.4.2.tgz,J,Dependency/provenance or CI service configuration; no business provider selection.,True,False,False,False
package-lock.json,573,https://registry.npmjs.org/@eslint/core/-/core-0.17.0.tgz,J,Dependency/provenance or CI service configuration; no business provider selection.,True,False,False,False
package-lock.json,586,https://registry.npmjs.org/@eslint/eslintrc/-/eslintrc-3.3.7.tgz,J,Dependency/provenance or CI service configuration; no business provider selection.,True,False,False,False
package-lock.json,605,https://opencollective.com/eslint,J,Dependency/provenance or CI service configuration; no business provider selection.,True,False,False,False
package-lock.json,610,https://registry.npmjs.org/globals/-/globals-14.0.0.tgz,J,Dependency/provenance or CI service configuration; no business provider selection.,True,False,False,False
package-lock.json,618,https://github.com/sponsors/sindresorhus,J,Dependency/provenance or CI service configuration; no business provider selection.,True,False,False,False
package-lock.json,623,https://registry.npmjs.org/@eslint/js/-/js-9.39.5.tgz,J,Dependency/provenance or CI service configuration; no business provider selection.,True,False,False,False
package-lock.json,631,https://eslint.org/donate,J,Dependency/provenance or CI service configuration; no business provider selection.,True,False,False,False
package-lock.json,636,https://registry.npmjs.org/@eslint/object-schema/-/object-schema-2.1.7.tgz,J,Dependency/provenance or CI service configuration; no business provider selection.,True,False,False,False
package-lock.json,646,https://registry.npmjs.org/@eslint/plugin-kit/-/plugin-kit-0.4.1.tgz,J,Dependency/provenance or CI service configuration; no business provider selection.,True,False,False,False
package-lock.json,660,https://registry.npmjs.org/@floating-ui/core/-/core-1.8.0.tgz,J,Dependency/provenance or CI service configuration; no business provider selection.,True,False,False,False
package-lock.json,669,https://registry.npmjs.org/@floating-ui/dom/-/dom-1.8.0.tgz,J,Dependency/provenance or CI service configuration; no business provider selection.,True,False,False,False
package-lock.json,679,https://registry.npmjs.org/@floating-ui/react-dom/-/react-dom-2.1.9.tgz,J,Dependency/provenance or CI service configuration; no business provider selection.,True,False,False,False
package-lock.json,692,https://registry.npmjs.org/@floating-ui/utils/-/utils-0.2.12.tgz,J,Dependency/provenance or CI service configuration; no business provider selection.,True,False,False,False
package-lock.json,698,https://registry.npmjs.org/@hookform/resolvers/-/resolvers-5.9.1.tgz,J,Dependency/provenance or CI service configuration; no business provider selection.,True,False,False,False
package-lock.json,808,https://registry.npmjs.org/@humanfs/core/-/core-0.19.2.tgz,J,Dependency/provenance or CI service configuration; no business provider selection.,True,False,False,False
package-lock.json,821,https://registry.npmjs.org/@humanfs/node/-/node-0.16.8.tgz,J,Dependency/provenance or CI service configuration; no business provider selection.,True,False,False,False
package-lock.json,836,https://registry.npmjs.org/@humanfs/types/-/types-0.15.0.tgz,J,Dependency/provenance or CI service configuration; no business provider selection.,True,False,False,False
package-lock.json,846,https://registry.npmjs.org/@humanwhocodes/module-importer/-/module-importer-1.0.1.tgz,J,Dependency/provenance or CI service configuration; no business provider selection.,True,False,False,False
package-lock.json,855,https://github.com/sponsors/nzakas,J,Dependency/provenance or CI service configuration; no business provider selection.,True,False,False,False
package-lock.json,860,https://registry.npmjs.org/@humanwhocodes/retry/-/retry-0.4.3.tgz,J,Dependency/provenance or CI service configuration; no business provider selection.,True,False,False,False
package-lock.json,869,https://github.com/sponsors/nzakas,J,Dependency/provenance or CI service configuration; no business provider selection.,True,False,False,False
package-lock.json,874,https://registry.npmjs.org/@jridgewell/gen-mapping/-/gen-mapping-0.3.13.tgz,J,Dependency/provenance or CI service configuration; no business provider selection.,True,False,False,False
package-lock.json,884,https://registry.npmjs.org/@jridgewell/remapping/-/remapping-2.3.5.tgz,J,Dependency/provenance or CI service configuration; no business provider selection.,True,False,False,False
package-lock.json,894,https://registry.npmjs.org/@jridgewell/resolve-uri/-/resolve-uri-3.1.2.tgz,J,Dependency/provenance or CI service configuration; no business provider selection.,True,False,False,False
package-lock.json,903,https://registry.npmjs.org/@jridgewell/sourcemap-codec/-/sourcemap-codec-1.6.0.tgz,J,Dependency/provenance or CI service configuration; no business provider selection.,True,False,False,False
package-lock.json,909,https://registry.npmjs.org/@jridgewell/trace-mapping/-/trace-mapping-0.3.31.tgz,J,Dependency/provenance or CI service configuration; no business provider selection.,True,False,False,False
package-lock.json,919,https://registry.npmjs.org/@noble/ciphers/-/ciphers-2.4.0.tgz,J,Dependency/provenance or CI service configuration; no business provider selection.,True,False,False,False
package-lock.json,926,https://paulmillr.com/funding/,J,Dependency/provenance or CI service configuration; no business provider selection.,True,False,False,False
package-lock.json,931,https://registry.npmjs.org/@noble/hashes/-/hashes-2.4.0.tgz,J,Dependency/provenance or CI service configuration; no business provider selection.,True,False,False,False
package-lock.json,938,https://paulmillr.com/funding/,J,Dependency/provenance or CI service configuration; no business provider selection.,True,False,False,False
package-lock.json,943,https://registry.npmjs.org/@oozcitak/dom/-/dom-2.0.2.tgz,J,Dependency/provenance or CI service configuration; no business provider selection.,True,False,False,False
package-lock.json,957,https://registry.npmjs.org/@oozcitak/infra/-/infra-2.0.2.tgz,J,Dependency/provenance or CI service configuration; no business provider selection.,True,False,False,False
package-lock.json,969,https://registry.npmjs.org/@oozcitak/url/-/url-3.0.0.tgz,J,Dependency/provenance or CI service configuration; no business provider selection.,True,False,False,False
package-lock.json,982,https://registry.npmjs.org/@oozcitak/util/-/util-10.0.0.tgz,J,Dependency/provenance or CI service configuration; no business provider selection.,True,False,False,False
package-lock.json,991,https://registry.npmjs.org/@opentelemetry/semantic-conventions/-/semantic-conventions-1.43.0.tgz,J,Dependency/provenance or CI service configuration; no business provider selection.,True,False,False,False
package-lock.json,1000,https://registry.npmjs.org/@oxc-project/types/-/types-0.148.0.tgz,J,Dependency/provenance or CI service configuration; no business provider selection.,True,False,False,False
package-lock.json,1004,https://github.com/sponsors/oxc-project,J,Dependency/provenance or CI service configuration; no business provider selection.,True,False,False,False
package-lock.json,1009,https://registry.npmjs.org/@pkgr/core/-/core-0.3.6.tgz,J,Dependency/provenance or CI service configuration; no business provider selection.,True,False,False,False
package-lock.json,1017,https://opencollective.com/pkgr,J,Dependency/provenance or CI service configuration; no business provider selection.,True,False,False,False
package-lock.json,1022,https://registry.npmjs.org/@radix-ui/number/-/number-1.1.3.tgz,J,Dependency/provenance or CI service configuration; no business provider selection.,True,False,False,False
package-lock.json,1028,https://registry.npmjs.org/@radix-ui/primitive/-/primitive-1.1.7.tgz,J,Dependency/provenance or CI service configuration; no business provider selection.,True,False,False,False
package-lock.json,1034,https://registry.npmjs.org/@radix-ui/react-accordion/-/react-accordion-1.2.20.tgz,J,Dependency/provenance or CI service configuration; no business provider selection.,True,False,False,False
package-lock.json,1065,https://registry.npmjs.org/@radix-ui/react-alert-dialog/-/react-alert-dialog-1.1.23.tgz,J,Dependency/provenance or CI service configuration; no business provider selection.,True,False,False,False
package-lock.json,1092,https://registry.npmjs.org/@radix-ui/react-arrow/-/react-arrow-1.1.15.tgz,J,Dependency/provenance or CI service configuration; no business provider selection.,True,False,False,False
package-lock.json,1115,https://registry.npmjs.org/@radix-ui/react-avatar/-/react-avatar-1.2.6.tgz,J,Dependency/provenance or CI service configuration; no business provider selection.,True,False,False,False
package-lock.json,1143,https://registry.npmjs.org/@radix-ui/react-checkbox/-/react-checkbox-1.3.11.tgz,J,Dependency/provenance or CI service configuration; no business provider selection.,True,False,False,False
package-lock.json,1172,https://registry.npmjs.org/@radix-ui/react-collapsible/-/react-collapsible-1.1.20.tgz,J,Dependency/provenance or CI service configuration; no business provider selection.,True,False,False,False
package-lock.json,1202,https://registry.npmjs.org/@radix-ui/react-collection/-/react-collection-1.1.15.tgz,J,Dependency/provenance or CI service configuration; no business provider selection.,True,False,False,False
package-lock.json,1228,https://registry.npmjs.org/@radix-ui/react-compose-refs/-/react-compose-refs-1.1.5.tgz,J,Dependency/provenance or CI service configuration; no business provider selection.,True,False,False,False
package-lock.json,1243,https://registry.npmjs.org/@radix-ui/react-context/-/react-context-1.2.2.tgz,J,Dependency/provenance or CI service configuration; no business provider selection.,True,False,False,False
package-lock.json,1258,https://registry.npmjs.org/@radix-ui/react-dialog/-/react-dialog-1.1.23.tgz,J,Dependency/provenance or CI service configuration; no business provider selection.,True,False,False,False
package-lock.json,1295,https://registry.npmjs.org/@radix-ui/react-direction/-/react-direction-1.1.4.tgz,J,Dependency/provenance or CI service configuration; no business provider selection.,True,False,False,False
package-lock.json,1310,https://registry.npmjs.org/@radix-ui/react-dismissable-layer/-/react-dismissable-layer-1.1.19.tgz,J,Dependency/provenance or CI service configuration; no business provider selection.,True,False,False,False
package-lock.json,1337,https://registry.npmjs.org/@radix-ui/react-dropdown-menu/-/react-dropdown-menu-2.1.24.tgz,J,Dependency/provenance or CI service configuration; no business provider selection.,True,False,False,False
package-lock.json,1366,https://registry.npmjs.org/@radix-ui/react-focus-guards/-/react-focus-guards-1.1.6.tgz,J,Dependency/provenance or CI service configuration; no business provider selection.,True,False,False,False
package-lock.json,1381,https://registry.npmjs.org/@radix-ui/react-focus-scope/-/react-focus-scope-1.1.16.tgz,J,Dependency/provenance or CI service configuration; no business provider selection.,True,False,False,False
package-lock.json,1406,https://registry.npmjs.org/@radix-ui/react-id/-/react-id-1.1.4.tgz,J,Dependency/provenance or CI service configuration; no business provider selection.,True,False,False,False
package-lock.json,1424,https://registry.npmjs.org/@radix-ui/react-label/-/react-label-2.1.15.tgz,J,Dependency/provenance or CI service configuration; no business provider selection.,True,False,False,False
package-lock.json,1447,https://registry.npmjs.org/@radix-ui/react-menu/-/react-menu-2.1.24.tgz,J,Dependency/provenance or CI service configuration; no business provider selection.,True,False,False,False
package-lock.json,1487,https://registry.npmjs.org/@radix-ui/react-popover/-/react-popover-1.1.23.tgz,J,Dependency/provenance or CI service configuration; no business provider selection.,True,False,False,False
package-lock.json,1524,https://registry.npmjs.org/@radix-ui/react-popper/-/react-popper-1.3.7.tgz,J,Dependency/provenance or CI service configuration; no business provider selection.,True,False,False,False
package-lock.json,1556,https://registry.npmjs.org/@radix-ui/react-portal/-/react-portal-1.1.17.tgz,J,Dependency/provenance or CI service configuration; no business provider selection.,True,False,False,False
package-lock.json,1580,https://registry.npmjs.org/@radix-ui/react-presence/-/react-presence-1.1.10.tgz,J,Dependency/provenance or CI service configuration; no business provider selection.,True,False,False,False
package-lock.json,1603,https://registry.npmjs.org/@radix-ui/react-primitive/-/react-primitive-2.1.10.tgz,J,Dependency/provenance or CI service configuration; no business provider selection.,True,False,False,False
package-lock.json,1626,https://registry.npmjs.org/@radix-ui/react-progress/-/react-progress-1.1.16.tgz,J,Dependency/provenance or CI service configuration; no business provider selection.,True,False,False,False
package-lock.json,1650,https://registry.npmjs.org/@radix-ui/react-radio-group/-/react-radio-group-1.4.7.tgz,J,Dependency/provenance or CI service configuration; no business provider selection.,True,False,False,False
package-lock.json,1681,https://registry.npmjs.org/@radix-ui/react-roving-focus/-/react-roving-focus-1.1.19.tgz,J,Dependency/provenance or CI service configuration; no business provider selection.,True,False,False,False
package-lock.json,1714,https://registry.npmjs.org/@radix-ui/react-scroll-area/-/react-scroll-area-1.2.18.tgz,J,Dependency/provenance or CI service configuration; no business provider selection.,True,False,False,False
package-lock.json,1745,https://registry.npmjs.org/@radix-ui/react-select/-/react-select-2.3.7.tgz,J,Dependency/provenance or CI service configuration; no business provider selection.,True,False,False,False
package-lock.json,1789,https://registry.npmjs.org/@radix-ui/react-separator/-/react-separator-1.1.15.tgz,J,Dependency/provenance or CI service configuration; no business provider selection.,True,False,False,False
package-lock.json,1812,https://registry.npmjs.org/@radix-ui/react-slider/-/react-slider-1.4.7.tgz,J,Dependency/provenance or CI service configuration; no business provider selection.,True,False,False,False
package-lock.json,1845,https://registry.npmjs.org/@radix-ui/react-slot/-/react-slot-1.3.3.tgz,J,Dependency/provenance or CI service configuration; no business provider selection.,True,False,False,False
package-lock.json,1863,https://registry.npmjs.org/@radix-ui/react-switch/-/react-switch-1.3.7.tgz,J,Dependency/provenance or CI service configuration; no business provider selection.,True,False,False,False
package-lock.json,1891,https://registry.npmjs.org/@radix-ui/react-tabs/-/react-tabs-1.1.21.tgz,J,Dependency/provenance or CI service configuration; no business provider selection.,True,False,False,False
package-lock.json,1921,https://registry.npmjs.org/@radix-ui/react-toggle/-/react-toggle-1.1.18.tgz,J,Dependency/provenance or CI service configuration; no business provider selection.,True,False,False,False
package-lock.json,1946,https://registry.npmjs.org/@radix-ui/react-toggle-group/-/react-toggle-group-1.1.19.tgz,J,Dependency/provenance or CI service configuration; no business provider selection.,True,False,False,False
package-lock.json,1975,https://registry.npmjs.org/@radix-ui/react-tooltip/-/react-tooltip-1.2.16.tgz,J,Dependency/provenance or CI service configuration; no business provider selection.,True,False,False,False
package-lock.json,2010,https://registry.npmjs.org/@radix-ui/react-use-callback-ref/-/react-use-callback-ref-1.1.4.tgz,J,Dependency/provenance or CI service configuration; no business provider selection.,True,False,False,False
package-lock.json,2025,https://registry.npmjs.org/@radix-ui/react-use-controllable-state/-/react-use-controllable-state-1.2.6.tgz,J,Dependency/provenance or CI service configuration; no business provider selection.,True,False,False,False
package-lock.json,2045,https://registry.npmjs.org/@radix-ui/react-use-effect-event/-/react-use-effect-event-0.0.5.tgz,J,Dependency/provenance or CI service configuration; no business provider selection.,True,False,False,False
package-lock.json,2063,https://registry.npmjs.org/@radix-ui/react-use-is-hydrated/-/react-use-is-hydrated-0.1.3.tgz,J,Dependency/provenance or CI service configuration; no business provider selection.,True,False,False,False
package-lock.json,2078,https://registry.npmjs.org/@radix-ui/react-use-layout-effect/-/react-use-layout-effect-1.1.4.tgz,J,Dependency/provenance or CI service configuration; no business provider selection.,True,False,False,False
package-lock.json,2093,https://registry.npmjs.org/@radix-ui/react-use-previous/-/react-use-previous-1.1.4.tgz,J,Dependency/provenance or CI service configuration; no business provider selection.,True,False,False,False
package-lock.json,2108,https://registry.npmjs.org/@radix-ui/react-use-rect/-/react-use-rect-1.1.4.tgz,J,Dependency/provenance or CI service configuration; no business provider selection.,True,False,False,False
package-lock.json,2126,https://registry.npmjs.org/@radix-ui/react-use-size/-/react-use-size-1.1.4.tgz,J,Dependency/provenance or CI service configuration; no business provider selection.,True,False,False,False
package-lock.json,2144,https://registry.npmjs.org/@radix-ui/react-visually-hidden/-/react-visually-hidden-1.2.11.tgz,J,Dependency/provenance or CI service configuration; no business provider selection.,True,False,False,False
package-lock.json,2167,https://registry.npmjs.org/@radix-ui/rect/-/rect-1.1.3.tgz,J,Dependency/provenance or CI service configuration; no business provider selection.,True,False,False,False
package-lock.json,2173,https://registry.npmjs.org/@rolldown/binding-android-arm-eabi/-/binding-android-arm-eabi-1.2.7.tgz,J,Dependency/provenance or CI service configuration; no business provider selection.,True,False,False,False
package-lock.json,2189,https://registry.npmjs.org/@rolldown/binding-android-arm64/-/binding-android-arm64-1.2.7.tgz,J,Dependency/provenance or CI service configuration; no business provider selection.,True,False,False,False
package-lock.json,2205,https://registry.npmjs.org/@rolldown/binding-darwin-arm64/-/binding-darwin-arm64-1.2.7.tgz,J,Dependency/provenance or CI service configuration; no business provider selection.,True,False,False,False
package-lock.json,2221,https://registry.npmjs.org/@rolldown/binding-darwin-x64/-/binding-darwin-x64-1.2.7.tgz,J,Dependency/provenance or CI service configuration; no business provider selection.,True,False,False,False
package-lock.json,2237,https://registry.npmjs.org/@rolldown/binding-freebsd-x64/-/binding-freebsd-x64-1.2.7.tgz,J,Dependency/provenance or CI service configuration; no business provider selection.,True,False,False,False
package-lock.json,2253,https://registry.npmjs.org/@rolldown/binding-linux-arm-gnueabihf/-/binding-linux-arm-gnueabihf-1.2.7.tgz,J,Dependency/provenance or CI service configuration; no business provider selection.,True,False,False,False
package-lock.json,2269,https://registry.npmjs.org/@rolldown/binding-linux-arm64-gnu/-/binding-linux-arm64-gnu-1.2.7.tgz,J,Dependency/provenance or CI service configuration; no business provider selection.,True,False,False,False
package-lock.json,2285,https://registry.npmjs.org/@rolldown/binding-linux-arm64-musl/-/binding-linux-arm64-musl-1.2.7.tgz,J,Dependency/provenance or CI service configuration; no business provider selection.,True,False,False,False
package-lock.json,2301,https://registry.npmjs.org/@rolldown/binding-linux-ppc64-gnu/-/binding-linux-ppc64-gnu-1.2.7.tgz,J,Dependency/provenance or CI service configuration; no business provider selection.,True,False,False,False
package-lock.json,2317,https://registry.npmjs.org/@rolldown/binding-linux-s390x-gnu/-/binding-linux-s390x-gnu-1.2.7.tgz,J,Dependency/provenance or CI service configuration; no business provider selection.,True,False,False,False
package-lock.json,2333,https://registry.npmjs.org/@rolldown/binding-linux-x64-gnu/-/binding-linux-x64-gnu-1.2.7.tgz,J,Dependency/provenance or CI service configuration; no business provider selection.,True,False,False,False
package-lock.json,2349,https://registry.npmjs.org/@rolldown/binding-linux-x64-musl/-/binding-linux-x64-musl-1.2.7.tgz,J,Dependency/provenance or CI service configuration; no business provider selection.,True,False,False,False
package-lock.json,2365,https://registry.npmjs.org/@rolldown/binding-openharmony-arm64/-/binding-openharmony-arm64-1.2.7.tgz,J,Dependency/provenance or CI service configuration; no business provider selection.,True,False,False,False
package-lock.json,2381,https://registry.npmjs.org/@rolldown/binding-win32-arm64-msvc/-/binding-win32-arm64-msvc-1.2.7.tgz,J,Dependency/provenance or CI service configuration; no business provider selection.,True,False,False,False
package-lock.json,2397,https://registry.npmjs.org/@rolldown/binding-win32-x64-msvc/-/binding-win32-x64-msvc-1.2.7.tgz,J,Dependency/provenance or CI service configuration; no business provider selection.,True,False,False,False
package-lock.json,2413,https://registry.npmjs.org/@rolldown/pluginutils/-/pluginutils-1.0.0-rc.3.tgz,J,Dependency/provenance or CI service configuration; no business provider selection.,True,False,False,False
package-lock.json,2420,https://registry.npmjs.org/@standard-schema/spec/-/spec-1.1.0.tgz,J,Dependency/provenance or CI service configuration; no business provider selection.,True,False,False,False
package-lock.json,2426,https://registry.npmjs.org/@standard-schema/utils/-/utils-0.3.0.tgz,J,Dependency/provenance or CI service configuration; no business provider selection.,True,False,False,False
package-lock.json,2432,https://registry.npmjs.org/@tabby_ai/hijri-converter/-/hijri-converter-1.0.5.tgz,J,Dependency/provenance or CI service configuration; no business provider selection.,True,False,False,False
package-lock.json,2441,https://registry.npmjs.org/@tailwindcss/node/-/node-4.3.3.tgz,J,Dependency/provenance or CI service configuration; no business provider selection.,True,False,False,False
package-lock.json,2456,https://registry.npmjs.org/lightningcss/-/lightningcss-1.32.0.tgz,J,Dependency/provenance or CI service configuration; no business provider selection.,True,False,False,False
package-lock.json,2467,https://opencollective.com/parcel,J,Dependency/provenance or CI service configuration; no business provider selection.,True,False,False,False
package-lock.json,2485,https://registry.npmjs.org/lightningcss-android-arm64/-/lightningcss-android-arm64-1.32.0.tgz,J,Dependency/provenance or CI service configuration; no business provider selection.,True,False,False,False
package-lock.json,2500,https://opencollective.com/parcel,J,Dependency/provenance or CI service configuration; no business provider selection.,True,False,False,False
package-lock.json,2505,https://registry.npmjs.org/lightningcss-darwin-arm64/-/lightningcss-darwin-arm64-1.32.0.tgz,J,Dependency/provenance or CI service configuration; no business provider selection.,True,False,False,False
package-lock.json,2520,https://opencollective.com/parcel,J,Dependency/provenance or CI service configuration; no business provider selection.,True,False,False,False
package-lock.json,2525,https://registry.npmjs.org/lightningcss-darwin-x64/-/lightningcss-darwin-x64-1.32.0.tgz,J,Dependency/provenance or CI service configuration; no business provider selection.,True,False,False,False
package-lock.json,2540,https://opencollective.com/parcel,J,Dependency/provenance or CI service configuration; no business provider selection.,True,False,False,False
package-lock.json,2545,https://registry.npmjs.org/lightningcss-freebsd-x64/-/lightningcss-freebsd-x64-1.32.0.tgz,J,Dependency/provenance or CI service configuration; no business provider selection.,True,False,False,False
package-lock.json,2560,https://opencollective.com/parcel,J,Dependency/provenance or CI service configuration; no business provider selection.,True,False,False,False
package-lock.json,2565,https://registry.npmjs.org/lightningcss-linux-arm-gnueabihf/-/lightningcss-linux-arm-gnueabihf-1.32.0.tgz,J,Dependency/provenance or CI service configuration; no business provider selection.,True,False,False,False
package-lock.json,2580,https://opencollective.com/parcel,J,Dependency/provenance or CI service configuration; no business provider selection.,True,False,False,False
package-lock.json,2585,https://registry.npmjs.org/lightningcss-linux-arm64-gnu/-/lightningcss-linux-arm64-gnu-1.32.0.tgz,J,Dependency/provenance or CI service configuration; no business provider selection.,True,False,False,False
package-lock.json,2600,https://opencollective.com/parcel,J,Dependency/provenance or CI service configuration; no business provider selection.,True,False,False,False
package-lock.json,2605,https://registry.npmjs.org/lightningcss-linux-arm64-musl/-/lightningcss-linux-arm64-musl-1.32.0.tgz,J,Dependency/provenance or CI service configuration; no business provider selection.,True,False,False,False
package-lock.json,2620,https://opencollective.com/parcel,J,Dependency/provenance or CI service configuration; no business provider selection.,True,False,False,False
package-lock.json,2625,https://registry.npmjs.org/lightningcss-linux-x64-gnu/-/lightningcss-linux-x64-gnu-1.32.0.tgz,J,Dependency/provenance or CI service configuration; no business provider selection.,True,False,False,False
package-lock.json,2640,https://opencollective.com/parcel,J,Dependency/provenance or CI service configuration; no business provider selection.,True,False,False,False
package-lock.json,2645,https://registry.npmjs.org/lightningcss-linux-x64-musl/-/lightningcss-linux-x64-musl-1.32.0.tgz,J,Dependency/provenance or CI service configuration; no business provider selection.,True,False,False,False
package-lock.json,2660,https://opencollective.com/parcel,J,Dependency/provenance or CI service configuration; no business provider selection.,True,False,False,False
package-lock.json,2665,https://registry.npmjs.org/lightningcss-win32-arm64-msvc/-/lightningcss-win32-arm64-msvc-1.32.0.tgz,J,Dependency/provenance or CI service configuration; no business provider selection.,True,False,False,False
package-lock.json,2680,https://opencollective.com/parcel,J,Dependency/provenance or CI service configuration; no business provider selection.,True,False,False,False
package-lock.json,2685,https://registry.npmjs.org/lightningcss-win32-x64-msvc/-/lightningcss-win32-x64-msvc-1.32.0.tgz,J,Dependency/provenance or CI service configuration; no business provider selection.,True,False,False,False
package-lock.json,2700,https://opencollective.com/parcel,J,Dependency/provenance or CI service configuration; no business provider selection.,True,False,False,False
package-lock.json,2705,https://registry.npmjs.org/@tailwindcss/oxide/-/oxide-4.3.3.tgz,J,Dependency/provenance or CI service configuration; no business provider selection.,True,False,False,False
package-lock.json,2728,https://registry.npmjs.org/@tailwindcss/oxide-android-arm64/-/oxide-android-arm64-4.3.3.tgz,J,Dependency/provenance or CI service configuration; no business provider selection.,True,False,False,False
package-lock.json,2744,https://registry.npmjs.org/@tailwindcss/oxide-darwin-arm64/-/oxide-darwin-arm64-4.3.3.tgz,J,Dependency/provenance or CI service configuration; no business provider selection.,True,False,False,False
package-lock.json,2760,https://registry.npmjs.org/@tailwindcss/oxide-darwin-x64/-/oxide-darwin-x64-4.3.3.tgz,J,Dependency/provenance or CI service configuration; no business provider selection.,True,False,False,False
package-lock.json,2776,https://registry.npmjs.org/@tailwindcss/oxide-freebsd-x64/-/oxide-freebsd-x64-4.3.3.tgz,J,Dependency/provenance or CI service configuration; no business provider selection.,True,False,False,False
package-lock.json,2792,https://registry.npmjs.org/@tailwindcss/oxide-linux-arm-gnueabihf/-/oxide-linux-arm-gnueabihf-4.3.3.tgz,J,Dependency/provenance or CI service configuration; no business provider selection.,True,False,False,False
package-lock.json,2808,https://registry.npmjs.org/@tailwindcss/oxide-linux-arm64-gnu/-/oxide-linux-arm64-gnu-4.3.3.tgz,J,Dependency/provenance or CI service configuration; no business provider selection.,True,False,False,False
package-lock.json,2824,https://registry.npmjs.org/@tailwindcss/oxide-linux-arm64-musl/-/oxide-linux-arm64-musl-4.3.3.tgz,J,Dependency/provenance or CI service configuration; no business provider selection.,True,False,False,False
package-lock.json,2840,https://registry.npmjs.org/@tailwindcss/oxide-linux-x64-gnu/-/oxide-linux-x64-gnu-4.3.3.tgz,J,Dependency/provenance or CI service configuration; no business provider selection.,True,False,False,False
package-lock.json,2856,https://registry.npmjs.org/@tailwindcss/oxide-linux-x64-musl/-/oxide-linux-x64-musl-4.3.3.tgz,J,Dependency/provenance or CI service configuration; no business provider selection.,True,False,False,False
package-lock.json,2872,https://registry.npmjs.org/@tailwindcss/oxide-wasm32-wasi/-/oxide-wasm32-wasi-4.3.3.tgz,J,Dependency/provenance or CI service configuration; no business provider selection.,True,False,False,False
package-lock.json,2901,https://registry.npmjs.org/@tailwindcss/oxide-win32-arm64-msvc/-/oxide-win32-arm64-msvc-4.3.3.tgz,J,Dependency/provenance or CI service configuration; no business provider selection.,True,False,False,False
package-lock.json,2917,https://registry.npmjs.org/@tailwindcss/oxide-win32-x64-msvc/-/oxide-win32-x64-msvc-4.3.3.tgz,J,Dependency/provenance or CI service configuration; no business provider selection.,True,False,False,False
package-lock.json,2933,https://registry.npmjs.org/@tailwindcss/vite/-/vite-4.3.3.tgz,J,Dependency/provenance or CI service configuration; no business provider selection.,True,False,False,False
package-lock.json,2947,https://registry.npmjs.org/@tanstack/history/-/history-1.162.2.tgz,J,Dependency/provenance or CI service configuration; no business provider selection.,True,False,False,False
package-lock.json,2955,https://github.com/sponsors/tannerlinsley,J,Dependency/provenance or CI service configuration; no business provider selection.,True,False,False,False
package-lock.json,2960,https://registry.npmjs.org/@tanstack/query-core/-/query-core-5.102.8.tgz,J,Dependency/provenance or CI service configuration; no business provider selection.,True,False,False,False
package-lock.json,2965,https://github.com/sponsors/tannerlinsley,J,Dependency/provenance or CI service configuration; no business provider selection.,True,False,False,False
package-lock.json,2970,https://registry.npmjs.org/@tanstack/react-query/-/react-query-5.102.8.tgz,J,Dependency/provenance or CI service configuration; no business provider selection.,True,False,False,False
package-lock.json,2978,https://github.com/sponsors/tannerlinsley,J,Dependency/provenance or CI service configuration; no business provider selection.,True,False,False,False
package-lock.json,2986,https://registry.npmjs.org/@tanstack/react-router/-/react-router-1.170.33.tgz,J,Dependency/provenance or CI service configuration; no business provider selection.,True,False,False,False
package-lock.json,3000,https://github.com/sponsors/tannerlinsley,J,Dependency/provenance or CI service configuration; no business provider selection.,True,False,False,False
package-lock.json,3009,https://registry.npmjs.org/@tanstack/react-start/-/react-start-1.168.50.tgz,J,Dependency/provenance or CI service configuration; no business provider selection.,True,False,False,False
package-lock.json,3028,https://github.com/sponsors/tannerlinsley,J,Dependency/provenance or CI service configuration; no business provider selection.,True,False,False,False
package-lock.json,3050,https://registry.npmjs.org/@tanstack/react-start-client/-/react-start-client-1.168.31.tgz,J,Dependency/provenance or CI service configuration; no business provider selection.,True,False,False,False
package-lock.json,3063,https://github.com/sponsors/tannerlinsley,J,Dependency/provenance or CI service configuration; no business provider selection.,True,False,False,False
package-lock.json,3072,https://registry.npmjs.org/@tanstack/react-start-rsc/-/react-start-rsc-0.1.49.tgz,J,Dependency/provenance or CI service configuration; no business provider selection.,True,False,False,False
package-lock.json,3090,https://github.com/sponsors/tannerlinsley,J,Dependency/provenance or CI service configuration; no business provider selection.,True,False,False,False
package-lock.json,3113,https://registry.npmjs.org/@tanstack/react-start-server/-/react-start-server-1.167.38.tgz,J,Dependency/provenance or CI service configuration; no business provider selection.,True,False,False,False
package-lock.json,3126,https://github.com/sponsors/tannerlinsley,J,Dependency/provenance or CI service configuration; no business provider selection.,True,False,False,False
package-lock.json,3135,https://registry.npmjs.org/@tanstack/react-store/-/react-store-0.9.3.tgz,J,Dependency/provenance or CI service configuration; no business provider selection.,True,False,False,False
package-lock.json,3144,https://github.com/sponsors/tannerlinsley,J,Dependency/provenance or CI service configuration; no business provider selection.,True,False,False,False
package-lock.json,3153,https://registry.npmjs.org/@tanstack/react-table/-/react-table-8.21.3.tgz,J,Dependency/provenance or CI service configuration; no business provider selection.,True,False,False,False
package-lock.json,3164,https://github.com/sponsors/tannerlinsley,J,Dependency/provenance or CI service configuration; no business provider selection.,True,False,False,False
package-lock.json,3173,https://registry.npmjs.org/@tanstack/router-core/-/router-core-1.171.28.tgz,J,Dependency/provenance or CI service configuration; no business provider selection.,True,False,False,False
package-lock.json,3187,https://github.com/sponsors/tannerlinsley,J,Dependency/provenance or CI service configuration; no business provider selection.,True,False,False,False
package-lock.json,3192,https://registry.npmjs.org/@tanstack/router-generator/-/router-generator-1.167.34.tgz,J,Dependency/provenance or CI service configuration; no business provider selection.,True,False,False,False
package-lock.json,3210,https://github.com/sponsors/tannerlinsley,J,Dependency/provenance or CI service configuration; no business provider selection.,True,False,False,False
package-lock.json,3215,https://registry.npmjs.org/@tanstack/router-plugin/-/router-plugin-1.168.36.tgz,J,Dependency/provenance or CI service configuration; no business provider selection.,True,False,False,False
package-lock.json,3234,https://github.com/sponsors/tannerlinsley,J,Dependency/provenance or CI service configuration; no business provider selection.,True,False,False,False
package-lock.json,3263,https://registry.npmjs.org/@tanstack/router-utils/-/router-utils-1.162.2.tgz,J,Dependency/provenance or CI service configuration; no business provider selection.,True,False,False,False
package-lock.json,3281,https://github.com/sponsors/tannerlinsley,J,Dependency/provenance or CI service configuration; no business provider selection.,True,False,False,False
package-lock.json,3286,https://registry.npmjs.org/@tanstack/start-client-core/-/start-client-core-1.170.28.tgz,J,Dependency/provenance or CI service configuration; no business provider selection.,True,False,False,False
package-lock.json,3300,https://github.com/sponsors/tannerlinsley,J,Dependency/provenance or CI service configuration; no business provider selection.,True,False,False,False
package-lock.json,3305,https://registry.npmjs.org/@tanstack/start-fn-stubs/-/start-fn-stubs-1.162.0.tgz,J,Dependency/provenance or CI service configuration; no business provider selection.,True,False,False,False
package-lock.json,3313,https://github.com/sponsors/tannerlinsley,J,Dependency/provenance or CI service configuration; no business provider selection.,True,False,False,False
package-lock.json,3318,https://registry.npmjs.org/@tanstack/start-plugin-core/-/start-plugin-core-1.171.40.tgz,J,Dependency/provenance or CI service configuration; no business provider selection.,True,False,False,False
package-lock.json,3349,https://github.com/sponsors/tannerlinsley,J,Dependency/provenance or CI service configuration; no business provider selection.,True,False,False,False
package-lock.json,3366,https://registry.npmjs.org/@babel/code-frame/-/code-frame-7.27.1.tgz,J,Dependency/provenance or CI service configuration; no business provider selection.,True,False,False,False
package-lock.json,3380,https://registry.npmjs.org/@tanstack/start-server-core/-/start-server-core-1.169.32.tgz,J,Dependency/provenance or CI service configuration; no business provider selection.,True,False,False,False
package-lock.json,3397,https://github.com/sponsors/tannerlinsley,J,Dependency/provenance or CI service configuration; no business provider selection.,True,False,False,False
package-lock.json,3402,https://registry.npmjs.org/@tanstack/start-storage-context/-/start-storage-context-1.167.30.tgz,J,Dependency/provenance or CI service configuration; no business provider selection.,True,False,False,False
package-lock.json,3413,https://github.com/sponsors/tannerlinsley,J,Dependency/provenance or CI service configuration; no business provider selection.,True,False,False,False
package-lock.json,3418,https://registry.npmjs.org/@tanstack/store/-/store-0.9.3.tgz,J,Dependency/provenance or CI service configuration; no business provider selection.,True,False,False,False
package-lock.json,3423,https://github.com/sponsors/tannerlinsley,J,Dependency/provenance or CI service configuration; no business provider selection.,True,False,False,False
package-lock.json,3428,https://registry.npmjs.org/@tanstack/table-core/-/table-core-8.21.3.tgz,J,Dependency/provenance or CI service configuration; no business provider selection.,True,False,False,False
package-lock.json,3436,https://github.com/sponsors/tannerlinsley,J,Dependency/provenance or CI service configuration; no business provider selection.,True,False,False,False
package-lock.json,3441,https://registry.npmjs.org/@tanstack/virtual-file-routes/-/virtual-file-routes-1.162.0.tgz,J,Dependency/provenance or CI service configuration; no business provider selection.,True,False,False,False
package-lock.json,3449,https://github.com/sponsors/tannerlinsley,J,Dependency/provenance or CI service configuration; no business provider selection.,True,False,False,False
package-lock.json,3454,https://registry.npmjs.org/@types/babel__core/-/babel__core-7.20.5.tgz,J,Dependency/provenance or CI service configuration; no business provider selection.,True,False,False,False
package-lock.json,3468,https://registry.npmjs.org/@types/babel__generator/-/babel__generator-7.27.0.tgz,J,Dependency/provenance or CI service configuration; no business provider selection.,True,False,False,False
package-lock.json,3478,https://registry.npmjs.org/@types/babel__template/-/babel__template-7.4.4.tgz,J,Dependency/provenance or CI service configuration; no business provider selection.,True,False,False,False
package-lock.json,3489,https://registry.npmjs.org/@types/babel__traverse/-/babel__traverse-7.28.0.tgz,J,Dependency/provenance or CI service configuration; no business provider selection.,True,False,False,False
package-lock.json,3499,https://registry.npmjs.org/@types/d3-array/-/d3-array-3.2.2.tgz,J,Dependency/provenance or CI service configuration; no business provider selection.,True,False,False,False
package-lock.json,3505,https://registry.npmjs.org/@types/d3-color/-/d3-color-3.1.3.tgz,J,Dependency/provenance or CI service configuration; no business provider selection.,True,False,False,False
package-lock.json,3511,https://registry.npmjs.org/@types/d3-ease/-/d3-ease-3.0.2.tgz,J,Dependency/provenance or CI service configuration; no business provider selection.,True,False,False,False
package-lock.json,3517,https://registry.npmjs.org/@types/d3-interpolate/-/d3-interpolate-3.0.4.tgz,J,Dependency/provenance or CI service configuration; no business provider selection.,True,False,False,False
package-lock.json,3526,https://registry.npmjs.org/@types/d3-path/-/d3-path-3.1.1.tgz,J,Dependency/provenance or CI service configuration; no business provider selection.,True,False,False,False
package-lock.json,3532,https://registry.npmjs.org/@types/d3-scale/-/d3-scale-4.0.9.tgz,J,Dependency/provenance or CI service configuration; no business provider selection.,True,False,False,False
package-lock.json,3541,https://registry.npmjs.org/@types/d3-shape/-/d3-shape-3.2.0.tgz,J,Dependency/provenance or CI service configuration; no business provider selection.,True,False,False,False
package-lock.json,3550,https://registry.npmjs.org/@types/d3-time/-/d3-time-3.0.4.tgz,J,Dependency/provenance or CI service configuration; no business provider selection.,True,False,False,False
package-lock.json,3556,https://registry.npmjs.org/@types/d3-timer/-/d3-timer-3.0.2.tgz,J,Dependency/provenance or CI service configuration; no business provider selection.,True,False,False,False
package-lock.json,3562,https://registry.npmjs.org/@types/estree/-/estree-1.0.9.tgz,J,Dependency/provenance or CI service configuration; no business provider selection.,True,False,False,False
package-lock.json,3569,https://registry.npmjs.org/@types/json-schema/-/json-schema-7.0.15.tgz,J,Dependency/provenance or CI service configuration; no business provider selection.,True,False,False,False
package-lock.json,3576,https://registry.npmjs.org/@types/node/-/node-22.20.1.tgz,J,Dependency/provenance or CI service configuration; no business provider selection.,True,False,False,False
package-lock.json,3586,https://registry.npmjs.org/@types/pg/-/pg-8.23.1.tgz,J,Dependency/provenance or CI service configuration; no business provider selection.,True,False,False,False
package-lock.json,3598,https://registry.npmjs.org/@types/react/-/react-19.2.18.tgz,J,Dependency/provenance or CI service configuration; no business provider selection.,True,False,False,False
package-lock.json,3608,https://registry.npmjs.org/@types/react-dom/-/react-dom-19.2.7.tgz,J,Dependency/provenance or CI service configuration; no business provider selection.,True,False,False,False
package-lock.json,3618,https://registry.npmjs.org/@typescript-eslint/eslint-plugin/-/eslint-plugin-8.70.0.tgz,J,Dependency/provenance or CI service configuration; no business provider selection.,True,False,False,False
package-lock.json,3637,https://opencollective.com/typescript-eslint,J,Dependency/provenance or CI service configuration; no business provider selection.,True,False,False,False
package-lock.json,3647,https://registry.npmjs.org/ignore/-/ignore-7.0.8.tgz,J,Dependency/provenance or CI service configuration; no business provider selection.,True,False,False,False
package-lock.json,3657,https://registry.npmjs.org/@typescript-eslint/parser/-/parser-8.70.0.tgz,J,Dependency/provenance or CI service configuration; no business provider selection.,True,False,False,False
package-lock.json,3673,https://opencollective.com/typescript-eslint,J,Dependency/provenance or CI service configuration; no business provider selection.,True,False,False,False
package-lock.json,3682,https://registry.npmjs.org/@typescript-eslint/project-service/-/project-service-8.70.0.tgz,J,Dependency/provenance or CI service configuration; no business provider selection.,True,False,False,False
package-lock.json,3696,https://opencollective.com/typescript-eslint,J,Dependency/provenance or CI service configuration; no business provider selection.,True,False,False,False
package-lock.json,3704,https://registry.npmjs.org/@typescript-eslint/scope-manager/-/scope-manager-8.70.0.tgz,J,Dependency/provenance or CI service configuration; no business provider selection.,True,False,False,False
package-lock.json,3717,https://opencollective.com/typescript-eslint,J,Dependency/provenance or CI service configuration; no business provider selection.,True,False,False,False
package-lock.json,3722,https://registry.npmjs.org/@typescript-eslint/tsconfig-utils/-/tsconfig-utils-8.70.0.tgz,J,Dependency/provenance or CI service configuration; no business provider selection.,True,False,False,False
package-lock.json,3731,https://opencollective.com/typescript-eslint,J,Dependency/provenance or CI service configuration; no business provider selection.,True,False,False,False
package-lock.json,3739,https://registry.npmjs.org/@typescript-eslint/type-utils/-/type-utils-8.70.0.tgz,J,Dependency/provenance or CI service configuration; no business provider selection.,True,False,False,False
package-lock.json,3755,https://opencollective.com/typescript-eslint,J,Dependency/provenance or CI service configuration; no business provider selection.,True,False,False,False
package-lock.json,3764,https://registry.npmjs.org/@typescript-eslint/types/-/types-8.70.0.tgz,J,Dependency/provenance or CI service configuration; no business provider selection.,True,False,False,False
package-lock.json,3773,https://opencollective.com/typescript-eslint,J,Dependency/provenance or CI service configuration; no business provider selection.,True,False,False,False
package-lock.json,3778,https://registry.npmjs.org/@typescript-eslint/typescript-estree/-/typescript-estree-8.70.0.tgz,J,Dependency/provenance or CI service configuration; no business provider selection.,True,False,False,False
package-lock.json,3798,https://opencollective.com/typescript-eslint,J,Dependency/provenance or CI service configuration; no business provider selection.,True,False,False,False
package-lock.json,3806,https://registry.npmjs.org/balanced-match/-/balanced-match-4.0.4.tgz,J,Dependency/provenance or CI service configuration; no business provider selection.,True,False,False,False
package-lock.json,3816,https://registry.npmjs.org/brace-expansion/-/brace-expansion-5.0.9.tgz,J,Dependency/provenance or CI service configuration; no business provider selection.,True,False,False,False
package-lock.json,3829,https://registry.npmjs.org/minimatch/-/minimatch-10.2.6.tgz,J,Dependency/provenance or CI service configuration; no business provider selection.,True,False,False,False
package-lock.json,3840,https://github.com/sponsors/isaacs,J,Dependency/provenance or CI service configuration; no business provider selection.,True,False,False,False
package-lock.json,3845,https://registry.npmjs.org/semver/-/semver-7.8.5.tgz,J,Dependency/provenance or CI service configuration; no business provider selection.,True,False,False,False
package-lock.json,3858,https://registry.npmjs.org/@typescript-eslint/utils/-/utils-8.70.0.tgz,J,Dependency/provenance or CI service configuration; no business provider selection.,True,False,False,False
package-lock.json,3873,https://opencollective.com/typescript-eslint,J,Dependency/provenance or CI service configuration; no business provider selection.,True,False,False,False
package-lock.json,3882,https://registry.npmjs.org/@typescript-eslint/visitor-keys/-/visitor-keys-8.70.0.tgz,J,Dependency/provenance or CI service configuration; no business provider selection.,True,False,False,False
package-lock.json,3895,https://opencollective.com/typescript-eslint,J,Dependency/provenance or CI service configuration; no business provider selection.,True,False,False,False
package-lock.json,3900,https://registry.npmjs.org/eslint-visitor-keys/-/eslint-visitor-keys-5.0.1.tgz,J,Dependency/provenance or CI service configuration; no business provider selection.,True,False,False,False
package-lock.json,3908,https://opencollective.com/eslint,J,Dependency/provenance or CI service configuration; no business provider selection.,True,False,False,False
package-lock.json,3913,https://registry.npmjs.org/@vitejs/plugin-react/-/plugin-react-5.2.0.tgz,J,Dependency/provenance or CI service configuration; no business provider selection.,True,False,False,False
package-lock.json,3934,https://registry.npmjs.org/acorn/-/acorn-8.18.0.tgz,J,Dependency/provenance or CI service configuration; no business provider selection.,True,False,False,False
package-lock.json,3947,https://registry.npmjs.org/acorn-jsx/-/acorn-jsx-5.3.2.tgz,J,Dependency/provenance or CI service configuration; no business provider selection.,True,False,False,False
package-lock.json,3957,https://registry.npmjs.org/ajv/-/ajv-8.20.0.tgz,J,Dependency/provenance or CI service configuration; no business provider selection.,True,False,False,False
package-lock.json,3969,https://github.com/sponsors/epoberezkin,J,Dependency/provenance or CI service configuration; no business provider selection.,True,False,False,False
package-lock.json,3974,https://registry.npmjs.org/ansi-styles/-/ansi-styles-4.3.0.tgz,J,Dependency/provenance or CI service configuration; no business provider selection.,True,False,False,False
package-lock.json,3985,https://github.com/chalk/ansi-styles?sponsor=1,J,Dependency/provenance or CI service configuration; no business provider selection.,True,False,False,False
package-lock.json,3990,https://registry.npmjs.org/ansis/-/ansis-4.3.1.tgz,J,Dependency/provenance or CI service configuration; no business provider selection.,True,False,False,False
package-lock.json,3999,https://registry.npmjs.org/argparse/-/argparse-2.0.1.tgz,J,Dependency/provenance or CI service configuration; no business provider selection.,True,False,False,False
package-lock.json,4005,https://registry.npmjs.org/aria-hidden/-/aria-hidden-1.2.6.tgz,J,Dependency/provenance or CI service configuration; no business provider selection.,True,False,False,False
package-lock.json,4017,https://registry.npmjs.org/babel-dead-code-elimination/-/babel-dead-code-elimination-1.0.12.tgz,J,Dependency/provenance or CI service configuration; no business provider selection.,True,False,False,False
package-lock.json,4029,https://registry.npmjs.org/balanced-match/-/balanced-match-1.0.2.tgz,J,Dependency/provenance or CI service configuration; no business provider selection.,True,False,False,False
package-lock.json,4036,https://registry.npmjs.org/baseline-browser-mapping/-/baseline-browser-mapping-2.11.21.tgz,J,Dependency/provenance or CI service configuration; no business provider selection.,True,False,False,False
package-lock.json,4048,https://registry.npmjs.org/better-auth/-/better-auth-1.7.6.tgz,J,Dependency/provenance or CI service configuration; no business provider selection.,True,False,False,False
package-lock.json,4152,https://registry.npmjs.org/better-call/-/better-call-1.4.0.tgz,J,Dependency/provenance or CI service configuration; no business provider selection.,True,False,False,False
package-lock.json,4172,https://registry.npmjs.org/@better-auth/utils/-/utils-0.5.0.tgz,J,Dependency/provenance or CI service configuration; no business provider selection.,True,False,False,False
package-lock.json,4181,https://registry.npmjs.org/brace-expansion/-/brace-expansion-1.1.18.tgz,J,Dependency/provenance or CI service configuration; no business provider selection.,True,False,False,False
package-lock.json,4192,https://registry.npmjs.org/browserslist/-/browserslist-4.28.9.tgz,J,Dependency/provenance or CI service configuration; no business provider selection.,True,False,False,False
package-lock.json,4197,https://opencollective.com/browserslist,J,Dependency/provenance or CI service configuration; no business provider selection.,True,False,False,False
package-lock.json,4201,https://tidelift.com/funding/github/npm/browserslist,J,Dependency/provenance or CI service configuration; no business provider selection.,True,False,False,False
package-lock.json,4205,https://github.com/sponsors/ai,J,Dependency/provenance or CI service configuration; no business provider selection.,True,False,False,False
package-lock.json,4225,https://registry.npmjs.org/callsites/-/callsites-3.1.0.tgz,J,Dependency/provenance or CI service configuration; no business provider selection.,True,False,False,False
package-lock.json,4235,https://registry.npmjs.org/caniuse-lite/-/caniuse-lite-1.0.30001810.tgz,J,Dependency/provenance or CI service configuration; no business provider selection.,True,False,False,False
package-lock.json,4240,https://opencollective.com/browserslist,J,Dependency/provenance or CI service configuration; no business provider selection.,True,False,False,False
package-lock.json,4244,https://tidelift.com/funding/github/npm/caniuse-lite,J,Dependency/provenance or CI service configuration; no business provider selection.,True,False,False,False
package-lock.json,4248,https://github.com/sponsors/ai,J,Dependency/provenance or CI service configuration; no business provider selection.,True,False,False,False
package-lock.json,4255,https://registry.npmjs.org/chalk/-/chalk-4.1.2.tgz,J,Dependency/provenance or CI service configuration; no business provider selection.,True,False,False,False
package-lock.json,4267,https://github.com/chalk/chalk?sponsor=1,J,Dependency/provenance or CI service configuration; no business provider selection.,True,False,False,False
package-lock.json,4272,https://registry.npmjs.org/chokidar/-/chokidar-5.0.0.tgz,J,Dependency/provenance or CI service configuration; no business provider selection.,True,False,False,False
package-lock.json,4282,https://paulmillr.com/funding/,J,Dependency/provenance or CI service configuration; no business provider selection.,True,False,False,False
package-lock.json,4287,https://registry.npmjs.org/class-variance-authority/-/class-variance-authority-0.7.1.tgz,J,Dependency/provenance or CI service configuration; no business provider selection.,True,False,False,False
package-lock.json,4294,https://polar.sh/cva,J,Dependency/provenance or CI service configuration; no business provider selection.,True,False,False,False
package-lock.json,4299,https://registry.npmjs.org/clsx/-/clsx-2.1.1.tgz,J,Dependency/provenance or CI service configuration; no business provider selection.,True,False,False,False
package-lock.json,4308,https://registry.npmjs.org/cmdk/-/cmdk-1.1.1.tgz,J,Dependency/provenance or CI service configuration; no business provider selection.,True,False,False,False
package-lock.json,4324,https://registry.npmjs.org/color-convert/-/color-convert-2.0.1.tgz,J,Dependency/provenance or CI service configuration; no business provider selection.,True,False,False,False
package-lock.json,4337,https://registry.npmjs.org/color-name/-/color-name-1.1.4.tgz,J,Dependency/provenance or CI service configuration; no business provider selection.,True,False,False,False
package-lock.json,4344,https://registry.npmjs.org/concat-map/-/concat-map-0.0.1.tgz,J,Dependency/provenance or CI service configuration; no business provider selection.,True,False,False,False
package-lock.json,4351,https://registry.npmjs.org/consola/-/consola-3.4.2.tgz,J,Dependency/provenance or CI service configuration; no business provider selection.,True,False,False,False
package-lock.json,4361,https://registry.npmjs.org/convert-source-map/-/convert-source-map-2.0.0.tgz,J,Dependency/provenance or CI service configuration; no business provider selection.,True,False,False,False
package-lock.json,4367,https://registry.npmjs.org/cookie-es/-/cookie-es-3.1.1.tgz,J,Dependency/provenance or CI service configuration; no business provider selection.,True,False,False,False
package-lock.json,4373,https://registry.npmjs.org/cross-spawn/-/cross-spawn-7.0.6.tgz,J,Dependency/provenance or CI service configuration; no business provider selection.,True,False,False,False
package-lock.json,4388,https://registry.npmjs.org/crossws/-/crossws-0.4.12.tgz,J,Dependency/provenance or CI service configuration; no business provider selection.,True,False,False,False
package-lock.json,4403,https://registry.npmjs.org/csstype/-/csstype-3.2.3.tgz,J,Dependency/provenance or CI service configuration; no business provider selection.,True,False,False,False
package-lock.json,4409,https://registry.npmjs.org/d3-array/-/d3-array-3.2.4.tgz,J,Dependency/provenance or CI service configuration; no business provider selection.,True,False,False,False
package-lock.json,4421,https://registry.npmjs.org/d3-color/-/d3-color-3.1.0.tgz,J,Dependency/provenance or CI service configuration; no business provider selection.,True,False,False,False
package-lock.json,4430,https://registry.npmjs.org/d3-ease/-/d3-ease-3.0.1.tgz,J,Dependency/provenance or CI service configuration; no business provider selection.,True,False,False,False
package-lock.json,4439,https://registry.npmjs.org/d3-format/-/d3-format-3.1.2.tgz,J,Dependency/provenance or CI service configuration; no business provider selection.,True,False,False,False
package-lock.json,4448,https://registry.npmjs.org/d3-interpolate/-/d3-interpolate-3.0.1.tgz,J,Dependency/provenance or CI service configuration; no business provider selection.,True,False,False,False
package-lock.json,4460,https://registry.npmjs.org/d3-path/-/d3-path-3.1.0.tgz,J,Dependency/provenance or CI service configuration; no business provider selection.,True,False,False,False
package-lock.json,4469,https://registry.npmjs.org/d3-scale/-/d3-scale-4.0.2.tgz,J,Dependency/provenance or CI service configuration; no business provider selection.,True,False,False,False
package-lock.json,4485,https://registry.npmjs.org/d3-shape/-/d3-shape-3.2.0.tgz,J,Dependency/provenance or CI service configuration; no business provider selection.,True,False,False,False
package-lock.json,4497,https://registry.npmjs.org/d3-time/-/d3-time-3.1.0.tgz,J,Dependency/provenance or CI service configuration; no business provider selection.,True,False,False,False
package-lock.json,4509,https://registry.npmjs.org/d3-time-format/-/d3-time-format-4.1.0.tgz,J,Dependency/provenance or CI service configuration; no business provider selection.,True,False,False,False
package-lock.json,4521,https://registry.npmjs.org/d3-timer/-/d3-timer-3.0.1.tgz,J,Dependency/provenance or CI service configuration; no business provider selection.,True,False,False,False
package-lock.json,4530,https://registry.npmjs.org/date-fns/-/date-fns-4.4.0.tgz,J,Dependency/provenance or CI service configuration; no business provider selection.,True,False,False,False
package-lock.json,4535,https://github.com/sponsors/kossnocorp,J,Dependency/provenance or CI service configuration; no business provider selection.,True,False,False,False
package-lock.json,4540,https://registry.npmjs.org/date-fns-jalali/-/date-fns-jalali-4.1.0-0.tgz,J,Dependency/provenance or CI service configuration; no business provider selection.,True,False,False,False
package-lock.json,4546,https://registry.npmjs.org/db0/-/db0-0.3.4.tgz,J,Dependency/provenance or CI service configuration; no business provider selection.,True,False,False,False
package-lock.json,4581,https://registry.npmjs.org/debug/-/debug-4.4.3.tgz,J,Dependency/provenance or CI service configuration; no business provider selection.,True,False,False,False
package-lock.json,4598,https://registry.npmjs.org/decimal.js-light/-/decimal.js-light-2.5.1.tgz,J,Dependency/provenance or CI service configuration; no business provider selection.,True,False,False,False
package-lock.json,4604,https://registry.npmjs.org/deep-is/-/deep-is-0.1.4.tgz,J,Dependency/provenance or CI service configuration; no business provider selection.,True,False,False,False
package-lock.json,4611,https://registry.npmjs.org/defu/-/defu-6.1.7.tgz,J,Dependency/provenance or CI service configuration; no business provider selection.,True,False,False,False
package-lock.json,4617,https://registry.npmjs.org/detect-libc/-/detect-libc-2.1.2.tgz,J,Dependency/provenance or CI service configuration; no business provider selection.,True,False,False,False
package-lock.json,4626,https://registry.npmjs.org/detect-node-es/-/detect-node-es-1.1.0.tgz,J,Dependency/provenance or CI service configuration; no business provider selection.,True,False,False,False
package-lock.json,4632,https://registry.npmjs.org/diff/-/diff-8.0.4.tgz,J,Dependency/provenance or CI service configuration; no business provider selection.,True,False,False,False
package-lock.json,4641,https://registry.npmjs.org/dom-helpers/-/dom-helpers-5.2.1.tgz,J,Dependency/provenance or CI service configuration; no business provider selection.,True,False,False,False
package-lock.json,4651,https://registry.npmjs.org/electron-to-chromium/-/electron-to-chromium-1.5.422.tgz,J,Dependency/provenance or CI service configuration; no business provider selection.,True,False,False,False
package-lock.json,4657,https://registry.npmjs.org/enhanced-resolve/-/enhanced-resolve-5.24.5.tgz,J,Dependency/provenance or CI service configuration; no business provider selection.,True,False,False,False
package-lock.json,4670,https://registry.npmjs.org/env-runner/-/env-runner-0.1.16.tgz,J,Dependency/provenance or CI service configuration; no business provider selection.,True,False,False,False
package-lock.json,4685,vercel,J,Dependency/provenance or CI service configuration; no business provider selection.,True,False,False,False
package-lock.json,4693,vercel,J,Dependency/provenance or CI service configuration; no business provider selection.,True,False,False,False
package-lock.json,4706,https://registry.npmjs.org/escalade/-/escalade-3.2.0.tgz,J,Dependency/provenance or CI service configuration; no business provider selection.,True,False,False,False
package-lock.json,4715,https://registry.npmjs.org/escape-string-regexp/-/escape-string-regexp-4.0.0.tgz,J,Dependency/provenance or CI service configuration; no business provider selection.,True,False,False,False
package-lock.json,4723,https://github.com/sponsors/sindresorhus,J,Dependency/provenance or CI service configuration; no business provider selection.,True,False,False,False
package-lock.json,4728,https://registry.npmjs.org/eslint/-/eslint-9.39.5.tgz,J,Dependency/provenance or CI service configuration; no business provider selection.,True,False,False,False
package-lock.json,4730,https://eslint.org/version-support,J,Dependency/provenance or CI service configuration; no business provider selection.,True,False,False,False
package-lock.json,4776,https://eslint.org/donate,J,Dependency/provenance or CI service configuration; no business provider selection.,True,False,False,False
package-lock.json,4789,https://registry.npmjs.org/eslint-config-prettier/-/eslint-config-prettier-10.1.8.tgz,J,Dependency/provenance or CI service configuration; no business provider selection.,True,False,False,False
package-lock.json,4797,https://opencollective.com/eslint-config-prettier,J,Dependency/provenance or CI service configuration; no business provider selection.,True,False,False,False
package-lock.json,4805,https://registry.npmjs.org/eslint-plugin-prettier/-/eslint-plugin-prettier-5.5.6.tgz,J,Dependency/provenance or CI service configuration; no business provider selection.,True,False,False,False
package-lock.json,4817,https://opencollective.com/eslint-plugin-prettier,J,Dependency/provenance or CI service configuration; no business provider selection.,True,False,False,False
package-lock.json,4836,https://registry.npmjs.org/eslint-plugin-react-hooks/-/eslint-plugin-react-hooks-5.2.0.tgz,J,Dependency/provenance or CI service configuration; no business provider selection.,True,False,False,False
package-lock.json,4849,https://registry.npmjs.org/eslint-plugin-react-refresh/-/eslint-plugin-react-refresh-0.4.26.tgz,J,Dependency/provenance or CI service configuration; no business provider selection.,True,False,False,False
package-lock.json,4859,https://registry.npmjs.org/eslint-scope/-/eslint-scope-8.4.0.tgz,J,Dependency/provenance or CI service configuration; no business provider selection.,True,False,False,False
package-lock.json,4871,https://opencollective.com/eslint,J,Dependency/provenance or CI service configuration; no business provider selection.,True,False,False,False
package-lock.json,4876,https://registry.npmjs.org/eslint-visitor-keys/-/eslint-visitor-keys-4.2.1.tgz,J,Dependency/provenance or CI service configuration; no business provider selection.,True,False,False,False
package-lock.json,4884,https://opencollective.com/eslint,J,Dependency/provenance or CI service configuration; no business provider selection.,True,False,False,False
package-lock.json,4889,https://registry.npmjs.org/espree/-/espree-10.4.0.tgz,J,Dependency/provenance or CI service configuration; no business provider selection.,True,False,False,False
package-lock.json,4902,https://opencollective.com/eslint,J,Dependency/provenance or CI service configuration; no business provider selection.,True,False,False,False
package-lock.json,4907,https://registry.npmjs.org/esquery/-/esquery-1.7.0.tgz,J,Dependency/provenance or CI service configuration; no business provider selection.,True,False,False,False
package-lock.json,4920,https://registry.npmjs.org/esrecurse/-/esrecurse-4.3.0.tgz,J,Dependency/provenance or CI service configuration; no business provider selection.,True,False,False,False
package-lock.json,4933,https://registry.npmjs.org/estraverse/-/estraverse-5.3.0.tgz,J,Dependency/provenance or CI service configuration; no business provider selection.,True,False,False,False
package-lock.json,4943,https://registry.npmjs.org/esutils/-/esutils-2.0.3.tgz,J,Dependency/provenance or CI service configuration; no business provider selection.,True,False,False,False
package-lock.json,4953,https://registry.npmjs.org/eventemitter3/-/eventemitter3-4.0.7.tgz,J,Dependency/provenance or CI service configuration; no business provider selection.,True,False,False,False
package-lock.json,4959,https://registry.npmjs.org/exsolve/-/exsolve-1.1.1.tgz,J,Dependency/provenance or CI service configuration; no business provider selection.,True,False,False,False
package-lock.json,4965,https://registry.npmjs.org/fast-deep-equal/-/fast-deep-equal-3.1.3.tgz,J,Dependency/provenance or CI service configuration; no business provider selection.,True,False,False,False
package-lock.json,4972,https://registry.npmjs.org/fast-diff/-/fast-diff-1.3.0.tgz,J,Dependency/provenance or CI service configuration; no business provider selection.,True,False,False,False
package-lock.json,4979,https://registry.npmjs.org/fast-equals/-/fast-equals-5.4.2.tgz,J,Dependency/provenance or CI service configuration; no business provider selection.,True,False,False,False
package-lock.json,4988,https://registry.npmjs.org/fast-json-stable-stringify/-/fast-json-stable-stringify-2.1.0.tgz,J,Dependency/provenance or CI service configuration; no business provider selection.,True,False,False,False
package-lock.json,4995,https://registry.npmjs.org/fast-levenshtein/-/fast-levenshtein-2.0.6.tgz,J,Dependency/provenance or CI service configuration; no business provider selection.,True,False,False,False
package-lock.json,5002,https://registry.npmjs.org/fdir/-/fdir-6.5.0.tgz,J,Dependency/provenance or CI service configuration; no business provider selection.,True,False,False,False
package-lock.json,5019,https://registry.npmjs.org/fetchdts/-/fetchdts-0.1.7.tgz,J,Dependency/provenance or CI service configuration; no business provider selection.,True,False,False,False
package-lock.json,5025,https://registry.npmjs.org/file-entry-cache/-/file-entry-cache-8.0.0.tgz,J,Dependency/provenance or CI service configuration; no business provider selection.,True,False,False,False
package-lock.json,5038,https://registry.npmjs.org/find-up/-/find-up-5.0.0.tgz,J,Dependency/provenance or CI service configuration; no business provider selection.,True,False,False,False
package-lock.json,5050,https://github.com/sponsors/sindresorhus,J,Dependency/provenance or CI service configuration; no business provider selection.,True,False,False,False
package-lock.json,5055,https://registry.npmjs.org/flat-cache/-/flat-cache-4.0.1.tgz,J,Dependency/provenance or CI service configuration; no business provider selection.,True,False,False,False
package-lock.json,5069,https://registry.npmjs.org/flatted/-/flatted-3.4.4.tgz,J,Dependency/provenance or CI service configuration; no business provider selection.,True,False,False,False
package-lock.json,5076,https://registry.npmjs.org/fsevents/-/fsevents-2.3.3.tgz,J,Dependency/provenance or CI service configuration; no business provider selection.,True,False,False,False
package-lock.json,5090,https://registry.npmjs.org/gensync/-/gensync-1.0.0-beta.2.tgz,J,Dependency/provenance or CI service configuration; no business provider selection.,True,False,False,False
package-lock.json,5099,https://registry.npmjs.org/get-nonce/-/get-nonce-1.0.1.tgz,J,Dependency/provenance or CI service configuration; no business provider selection.,True,False,False,False
package-lock.json,5108,https://registry.npmjs.org/glob-parent/-/glob-parent-6.0.2.tgz,J,Dependency/provenance or CI service configuration; no business provider selection.,True,False,False,False
package-lock.json,5121,https://registry.npmjs.org/globals/-/globals-15.15.0.tgz,J,Dependency/provenance or CI service configuration; no business provider selection.,True,False,False,False
package-lock.json,5129,https://github.com/sponsors/sindresorhus,J,Dependency/provenance or CI service configuration; no business provider selection.,True,False,False,False
package-lock.json,5134,https://registry.npmjs.org/graceful-fs/-/graceful-fs-4.2.11.tgz,J,Dependency/provenance or CI service configuration; no business provider selection.,True,False,False,False
package-lock.json,5140,https://registry.npmjs.org/h3/-/h3-2.0.1-rc.22.tgz,J,Dependency/provenance or CI service configuration; no business provider selection.,True,False,False,False
package-lock.json,5166,https://registry.npmjs.org/h3/-/h3-2.0.1-rc.20.tgz,J,Dependency/provenance or CI service configuration; no business provider selection.,True,False,False,False
package-lock.json,5190,https://registry.npmjs.org/rou3/-/rou3-0.8.1.tgz,J,Dependency/provenance or CI service configuration; no business provider selection.,True,False,False,False
package-lock.json,5196,https://registry.npmjs.org/rou3/-/rou3-0.8.1.tgz,J,Dependency/provenance or CI service configuration; no business provider selection.,True,False,False,False
package-lock.json,5203,https://registry.npmjs.org/has-flag/-/has-flag-4.0.0.tgz,J,Dependency/provenance or CI service configuration; no business provider selection.,True,False,False,False
package-lock.json,5213,https://registry.npmjs.org/hookable/-/hookable-6.1.1.tgz,J,Dependency/provenance or CI service configuration; no business provider selection.,True,False,False,False
package-lock.json,5220,https://registry.npmjs.org/httpxy/-/httpxy-0.5.5.tgz,J,Dependency/provenance or CI service configuration; no business provider selection.,True,False,False,False
package-lock.json,5227,https://registry.npmjs.org/ignore/-/ignore-5.3.2.tgz,J,Dependency/provenance or CI service configuration; no business provider selection.,True,False,False,False
package-lock.json,5237,https://registry.npmjs.org/import-fresh/-/import-fresh-3.3.1.tgz,J,Dependency/provenance or CI service configuration; no business provider selection.,True,False,False,False
package-lock.json,5249,https://github.com/sponsors/sindresorhus,J,Dependency/provenance or CI service configuration; no business provider selection.,True,False,False,False
package-lock.json,5254,https://registry.npmjs.org/imurmurhash/-/imurmurhash-0.1.4.tgz,J,Dependency/provenance or CI service configuration; no business provider selection.,True,False,False,False
package-lock.json,5264,https://registry.npmjs.org/internmap/-/internmap-2.0.3.tgz,J,Dependency/provenance or CI service configuration; no business provider selection.,True,False,False,False
package-lock.json,5273,https://registry.npmjs.org/is-extglob/-/is-extglob-2.1.1.tgz,J,Dependency/provenance or CI service configuration; no business provider selection.,True,False,False,False
package-lock.json,5283,https://registry.npmjs.org/is-glob/-/is-glob-4.0.3.tgz,J,Dependency/provenance or CI service configuration; no business provider selection.,True,False,False,False
package-lock.json,5296,https://registry.npmjs.org/isbot/-/isbot-5.2.2.tgz,J,Dependency/provenance or CI service configuration; no business provider selection.,True,False,False,False
package-lock.json,5305,https://registry.npmjs.org/isexe/-/isexe-2.0.0.tgz,J,Dependency/provenance or CI service configuration; no business provider selection.,True,False,False,False
package-lock.json,5312,https://registry.npmjs.org/jiti/-/jiti-2.7.0.tgz,J,Dependency/provenance or CI service configuration; no business provider selection.,True,False,False,False
package-lock.json,5321,https://registry.npmjs.org/jose/-/jose-6.2.9.tgz,J,Dependency/provenance or CI service configuration; no business provider selection.,True,False,False,False
package-lock.json,5325,https://github.com/sponsors/panva,J,Dependency/provenance or CI service configuration; no business provider selection.,True,False,False,False
package-lock.json,5330,https://registry.npmjs.org/js-tokens/-/js-tokens-4.0.0.tgz,J,Dependency/provenance or CI service configuration; no business provider selection.,True,False,False,False
package-lock.json,5336,https://registry.npmjs.org/js-yaml/-/js-yaml-4.3.2.tgz,J,Dependency/provenance or CI service configuration; no business provider selection.,True,False,False,False
package-lock.json,5341,https://github.com/sponsors/puzrin,J,Dependency/provenance or CI service configuration; no business provider selection.,True,False,False,False
package-lock.json,5345,https://github.com/sponsors/nodeca,J,Dependency/provenance or CI service configuration; no business provider selection.,True,False,False,False
package-lock.json,5358,https://registry.npmjs.org/jsesc/-/jsesc-3.1.0.tgz,J,Dependency/provenance or CI service configuration; no business provider selection.,True,False,False,False
package-lock.json,5370,https://registry.npmjs.org/json-buffer/-/json-buffer-3.0.1.tgz,J,Dependency/provenance or CI service configuration; no business provider selection.,True,False,False,False
package-lock.json,5377,https://registry.npmjs.org/json-schema-traverse/-/json-schema-traverse-1.0.0.tgz,J,Dependency/provenance or CI service configuration; no business provider selection.,True,False,False,False
package-lock.json,5384,https://registry.npmjs.org/json-stable-stringify-without-jsonify/-/json-stable-stringify-without-jsonify-1.0.1.tgz,J,Dependency/provenance or CI service configuration; no business provider selection.,True,False,False,False
package-lock.json,5391,https://registry.npmjs.org/json5/-/json5-2.2.3.tgz,J,Dependency/provenance or CI service configuration; no business provider selection.,True,False,False,False
package-lock.json,5403,https://registry.npmjs.org/keyv/-/keyv-4.5.4.tgz,J,Dependency/provenance or CI service configuration; no business provider selection.,True,False,False,False
package-lock.json,5413,https://registry.npmjs.org/kysely/-/kysely-0.28.17.tgz,J,Dependency/provenance or CI service configuration; no business provider selection.,True,False,False,False
package-lock.json,5422,https://registry.npmjs.org/levn/-/levn-0.4.1.tgz,J,Dependency/provenance or CI service configuration; no business provider selection.,True,False,False,False
package-lock.json,5436,https://registry.npmjs.org/lightningcss/-/lightningcss-1.33.0.tgz,J,Dependency/provenance or CI service configuration; no business provider selection.,True,False,False,False
package-lock.json,5447,https://opencollective.com/parcel,J,Dependency/provenance or CI service configuration; no business provider selection.,True,False,False,False
package-lock.json,5465,https://registry.npmjs.org/lightningcss-android-arm64/-/lightningcss-android-arm64-1.33.0.tgz,J,Dependency/provenance or CI service configuration; no business provider selection.,True,False,False,False
package-lock.json,5480,https://opencollective.com/parcel,J,Dependency/provenance or CI service configuration; no business provider selection.,True,False,False,False
package-lock.json,5485,https://registry.npmjs.org/lightningcss-darwin-arm64/-/lightningcss-darwin-arm64-1.33.0.tgz,J,Dependency/provenance or CI service configuration; no business provider selection.,True,False,False,False
package-lock.json,5500,https://opencollective.com/parcel,J,Dependency/provenance or CI service configuration; no business provider selection.,True,False,False,False
package-lock.json,5505,https://registry.npmjs.org/lightningcss-darwin-x64/-/lightningcss-darwin-x64-1.33.0.tgz,J,Dependency/provenance or CI service configuration; no business provider selection.,True,False,False,False
package-lock.json,5520,https://opencollective.com/parcel,J,Dependency/provenance or CI service configuration; no business provider selection.,True,False,False,False
package-lock.json,5525,https://registry.npmjs.org/lightningcss-freebsd-x64/-/lightningcss-freebsd-x64-1.33.0.tgz,J,Dependency/provenance or CI service configuration; no business provider selection.,True,False,False,False
package-lock.json,5540,https://opencollective.com/parcel,J,Dependency/provenance or CI service configuration; no business provider selection.,True,False,False,False
package-lock.json,5545,https://registry.npmjs.org/lightningcss-linux-arm-gnueabihf/-/lightningcss-linux-arm-gnueabihf-1.33.0.tgz,J,Dependency/provenance or CI service configuration; no business provider selection.,True,False,False,False
package-lock.json,5560,https://opencollective.com/parcel,J,Dependency/provenance or CI service configuration; no business provider selection.,True,False,False,False
package-lock.json,5565,https://registry.npmjs.org/lightningcss-linux-arm64-gnu/-/lightningcss-linux-arm64-gnu-1.33.0.tgz,J,Dependency/provenance or CI service configuration; no business provider selection.,True,False,False,False
package-lock.json,5580,https://opencollective.com/parcel,J,Dependency/provenance or CI service configuration; no business provider selection.,True,False,False,False
package-lock.json,5585,https://registry.npmjs.org/lightningcss-linux-arm64-musl/-/lightningcss-linux-arm64-musl-1.33.0.tgz,J,Dependency/provenance or CI service configuration; no business provider selection.,True,False,False,False
package-lock.json,5600,https://opencollective.com/parcel,J,Dependency/provenance or CI service configuration; no business provider selection.,True,False,False,False
package-lock.json,5605,https://registry.npmjs.org/lightningcss-linux-x64-gnu/-/lightningcss-linux-x64-gnu-1.33.0.tgz,J,Dependency/provenance or CI service configuration; no business provider selection.,True,False,False,False
package-lock.json,5620,https://opencollective.com/parcel,J,Dependency/provenance or CI service configuration; no business provider selection.,True,False,False,False
package-lock.json,5625,https://registry.npmjs.org/lightningcss-linux-x64-musl/-/lightningcss-linux-x64-musl-1.33.0.tgz,J,Dependency/provenance or CI service configuration; no business provider selection.,True,False,False,False
package-lock.json,5640,https://opencollective.com/parcel,J,Dependency/provenance or CI service configuration; no business provider selection.,True,False,False,False
package-lock.json,5645,https://registry.npmjs.org/lightningcss-win32-arm64-msvc/-/lightningcss-win32-arm64-msvc-1.33.0.tgz,J,Dependency/provenance or CI service configuration; no business provider selection.,True,False,False,False
package-lock.json,5660,https://opencollective.com/parcel,J,Dependency/provenance or CI service configuration; no business provider selection.,True,False,False,False
package-lock.json,5665,https://registry.npmjs.org/lightningcss-win32-x64-msvc/-/lightningcss-win32-x64-msvc-1.33.0.tgz,J,Dependency/provenance or CI service configuration; no business provider selection.,True,False,False,False
package-lock.json,5680,https://opencollective.com/parcel,J,Dependency/provenance or CI service configuration; no business provider selection.,True,False,False,False
package-lock.json,5685,https://registry.npmjs.org/locate-path/-/locate-path-6.0.0.tgz,J,Dependency/provenance or CI service configuration; no business provider selection.,True,False,False,False
package-lock.json,5696,https://github.com/sponsors/sindresorhus,J,Dependency/provenance or CI service configuration; no business provider selection.,True,False,False,False
package-lock.json,5701,https://registry.npmjs.org/lodash/-/lodash-4.18.1.tgz,J,Dependency/provenance or CI service configuration; no business provider selection.,True,False,False,False
package-lock.json,5707,https://registry.npmjs.org/lodash.merge/-/lodash.merge-4.6.2.tgz,J,Dependency/provenance or CI service configuration; no business provider selection.,True,False,False,False
package-lock.json,5714,https://registry.npmjs.org/loose-envify/-/loose-envify-1.4.0.tgz,J,Dependency/provenance or CI service configuration; no business provider selection.,True,False,False,False
package-lock.json,5726,https://registry.npmjs.org/lru-cache/-/lru-cache-5.1.1.tgz,J,Dependency/provenance or CI service configuration; no business provider selection.,True,False,False,False
package-lock.json,5735,https://registry.npmjs.org/lucide-react/-/lucide-react-0.510.0.tgz,J,Dependency/provenance or CI service configuration; no business provider selection.,True,False,False,False
package-lock.json,5744,https://registry.npmjs.org/magic-string/-/magic-string-0.30.21.tgz,J,Dependency/provenance or CI service configuration; no business provider selection.,True,False,False,False
package-lock.json,5753,https://registry.npmjs.org/minimatch/-/minimatch-3.1.5.tgz,J,Dependency/provenance or CI service configuration; no business provider selection.,True,False,False,False
package-lock.json,5766,https://registry.npmjs.org/ms/-/ms-2.1.3.tgz,J,Dependency/provenance or CI service configuration; no business provider selection.,True,False,False,False
package-lock.json,5772,https://registry.npmjs.org/nanoid/-/nanoid-3.3.18.tgz,J,Dependency/provenance or CI service configuration; no business provider selection.,True,False,False,False
package-lock.json,5777,https://github.com/sponsors/ai,J,Dependency/provenance or CI service configuration; no business provider selection.,True,False,False,False
package-lock.json,5790,https://registry.npmjs.org/nanostores/-/nanostores-1.5.3.tgz,J,Dependency/provenance or CI service configuration; no business provider selection.,True,False,False,False
package-lock.json,5795,https://github.com/sponsors/ai,J,Dependency/provenance or CI service configuration; no business provider selection.,True,False,False,False
package-lock.json,5805,https://registry.npmjs.org/natural-compare/-/natural-compare-1.4.0.tgz,J,Dependency/provenance or CI service configuration; no business provider selection.,True,False,False,False
package-lock.json,5812,https://registry.npmjs.org/nf3/-/nf3-0.3.17.tgz,J,Dependency/provenance or CI service configuration; no business provider selection.,True,False,False,False
package-lock.json,5819,https://registry.npmjs.org/nitro/-/nitro-3.0.260610-beta.tgz,J,Dependency/provenance or CI service configuration; no business provider selection.,True,False,False,False
package-lock.json,5846,vercel,J,Dependency/provenance or CI service configuration; no business provider selection.,True,False,False,False
package-lock.json,5856,vercel,J,Dependency/provenance or CI service configuration; no business provider selection.,True,False,False,False
package-lock.json,5884,https://registry.npmjs.org/lru-cache/-/lru-cache-11.5.2.tgz,J,Dependency/provenance or CI service configuration; no business provider selection.,True,False,False,False
package-lock.json,5896,https://registry.npmjs.org/unstorage/-/unstorage-2.0.0-alpha.7.tgz,J,Dependency/provenance or CI service configuration; no business provider selection.,True,False,False,False
package-lock.json,5911,redis,J,Dependency/provenance or CI service configuration; no business provider selection.,True,False,False,False
package-lock.json,5911,upstash,J,Dependency/provenance or CI service configuration; no business provider selection.,True,False,False,False
package-lock.json,5912,vercel,J,Dependency/provenance or CI service configuration; no business provider selection.,True,False,False,False
package-lock.json,5913,vercel,J,Dependency/provenance or CI service configuration; no business provider selection.,True,False,False,False
package-lock.json,5914,vercel,J,Dependency/provenance or CI service configuration; no business provider selection.,True,False,False,False
package-lock.json,5915,aws4,J,Dependency/provenance or CI service configuration; no business provider selection.,True,False,False,False
package-lock.json,5956,redis,J,Dependency/provenance or CI service configuration; no business provider selection.,True,False,False,False
package-lock.json,5956,upstash,J,Dependency/provenance or CI service configuration; no business provider selection.,True,False,False,False
package-lock.json,5959,vercel,J,Dependency/provenance or CI service configuration; no business provider selection.,True,False,False,False
package-lock.json,5962,vercel,J,Dependency/provenance or CI service configuration; no business provider selection.,True,False,False,False
package-lock.json,5965,vercel,J,Dependency/provenance or CI service configuration; no business provider selection.,True,False,False,False
package-lock.json,5968,aws4,J,Dependency/provenance or CI service configuration; no business provider selection.,True,False,False,False
package-lock.json,5999,https://registry.npmjs.org/node-releases/-/node-releases-2.0.54.tgz,J,Dependency/provenance or CI service configuration; no business provider selection.,True,False,False,False
package-lock.json,6008,https://registry.npmjs.org/object-assign/-/object-assign-4.1.1.tgz,J,Dependency/provenance or CI service configuration; no business provider selection.,True,False,False,False
package-lock.json,6017,https://registry.npmjs.org/ocache/-/ocache-0.1.5.tgz,J,Dependency/provenance or CI service configuration; no business provider selection.,True,False,False,False
package-lock.json,6027,https://registry.npmjs.org/ofetch/-/ofetch-2.0.0-alpha.3.tgz,J,Dependency/provenance or CI service configuration; no business provider selection.,True,False,False,False
package-lock.json,6034,https://registry.npmjs.org/ohash/-/ohash-2.0.12.tgz,J,Dependency/provenance or CI service configuration; no business provider selection.,True,False,False,False
package-lock.json,6041,https://registry.npmjs.org/optionator/-/optionator-0.9.4.tgz,J,Dependency/provenance or CI service configuration; no business provider selection.,True,False,False,False
package-lock.json,6059,https://registry.npmjs.org/p-limit/-/p-limit-3.1.0.tgz,J,Dependency/provenance or CI service configuration; no business provider selection.,True,False,False,False
package-lock.json,6070,https://github.com/sponsors/sindresorhus,J,Dependency/provenance or CI service configuration; no business provider selection.,True,False,False,False
package-lock.json,6075,https://registry.npmjs.org/p-locate/-/p-locate-5.0.0.tgz,J,Dependency/provenance or CI service configuration; no business provider selection.,True,False,False,False
package-lock.json,6086,https://github.com/sponsors/sindresorhus,J,Dependency/provenance or CI service configuration; no business provider selection.,True,False,False,False
package-lock.json,6091,https://registry.npmjs.org/parent-module/-/parent-module-1.0.1.tgz,J,Dependency/provenance or CI service configuration; no business provider selection.,True,False,False,False
package-lock.json,6104,https://registry.npmjs.org/path-exists/-/path-exists-4.0.0.tgz,J,Dependency/provenance or CI service configuration; no business provider selection.,True,False,False,False
package-lock.json,6114,https://registry.npmjs.org/path-key/-/path-key-3.1.1.tgz,J,Dependency/provenance or CI service configuration; no business provider selection.,True,False,False,False
package-lock.json,6124,https://registry.npmjs.org/pathe/-/pathe-2.0.3.tgz,J,Dependency/provenance or CI service configuration; no business provider selection.,True,False,False,False
package-lock.json,6130,https://registry.npmjs.org/pg/-/pg-8.23.0.tgz,J,Dependency/provenance or CI service configuration; no business provider selection.,True,False,False,False
package-lock.json,6144,cloudflare,J,Dependency/provenance or CI service configuration; no business provider selection.,True,False,False,False
package-lock.json,6155,cloudflare,J,Dependency/provenance or CI service configuration; no business provider selection.,True,False,False,False
package-lock.json,6157,https://registry.npmjs.org/pg-cloudflare/-/pg-cloudflare-1.4.0.tgz,J,Dependency/provenance or CI service configuration; no business provider selection.,True,False,False,False
package-lock.json,6164,https://registry.npmjs.org/pg-connection-string/-/pg-connection-string-2.14.0.tgz,J,Dependency/provenance or CI service configuration; no business provider selection.,True,False,False,False
package-lock.json,6170,https://registry.npmjs.org/pg-int8/-/pg-int8-1.0.1.tgz,J,Dependency/provenance or CI service configuration; no business provider selection.,True,False,False,False
package-lock.json,6179,https://registry.npmjs.org/pg-pool/-/pg-pool-3.14.0.tgz,J,Dependency/provenance or CI service configuration; no business provider selection.,True,False,False,False
package-lock.json,6188,https://registry.npmjs.org/pg-protocol/-/pg-protocol-1.16.0.tgz,J,Dependency/provenance or CI service configuration; no business provider selection.,True,False,False,False
package-lock.json,6194,https://registry.npmjs.org/pg-types/-/pg-types-2.2.0.tgz,J,Dependency/provenance or CI service configuration; no business provider selection.,True,False,False,False
package-lock.json,6210,https://registry.npmjs.org/pgpass/-/pgpass-1.0.5.tgz,J,Dependency/provenance or CI service configuration; no business provider selection.,True,False,False,False
package-lock.json,6219,https://registry.npmjs.org/picocolors/-/picocolors-1.1.1.tgz,J,Dependency/provenance or CI service configuration; no business provider selection.,True,False,False,False
package-lock.json,6225,https://registry.npmjs.org/picomatch/-/picomatch-4.0.7.tgz,J,Dependency/provenance or CI service configuration; no business provider selection.,True,False,False,False
package-lock.json,6232,https://github.com/sponsors/jonschlinkert,J,Dependency/provenance or CI service configuration; no business provider selection.,True,False,False,False
package-lock.json,6237,https://registry.npmjs.org/playwright/-/playwright-1.63.0.tgz,J,Dependency/provenance or CI service configuration; no business provider selection.,True,False,False,False
package-lock.json,6253,https://registry.npmjs.org/playwright-core/-/playwright-core-1.63.0.tgz,J,Dependency/provenance or CI service configuration; no business provider selection.,True,False,False,False
package-lock.json,6266,https://registry.npmjs.org/postcss/-/postcss-8.5.28.tgz,J,Dependency/provenance or CI service configuration; no business provider selection.,True,False,False,False
package-lock.json,6271,https://opencollective.com/postcss/,J,Dependency/provenance or CI service configuration; no business provider selection.,True,False,False,False
package-lock.json,6275,https://tidelift.com/funding/github/npm/postcss,J,Dependency/provenance or CI service configuration; no business provider selection.,True,False,False,False
package-lock.json,6279,https://github.com/sponsors/ai,J,Dependency/provenance or CI service configuration; no business provider selection.,True,False,False,False
package-lock.json,6294,https://registry.npmjs.org/postgres-array/-/postgres-array-2.0.0.tgz,J,Dependency/provenance or CI service configuration; no business provider selection.,True,False,False,False
package-lock.json,6303,https://registry.npmjs.org/postgres-bytea/-/postgres-bytea-1.0.1.tgz,J,Dependency/provenance or CI service configuration; no business provider selection.,True,False,False,False
package-lock.json,6312,https://registry.npmjs.org/postgres-date/-/postgres-date-1.0.7.tgz,J,Dependency/provenance or CI service configuration; no business provider selection.,True,False,False,False
package-lock.json,6321,https://registry.npmjs.org/postgres-interval/-/postgres-interval-1.2.0.tgz,J,Dependency/provenance or CI service configuration; no business provider selection.,True,False,False,False
package-lock.json,6333,https://registry.npmjs.org/prelude-ls/-/prelude-ls-1.2.1.tgz,J,Dependency/provenance or CI service configuration; no business provider selection.,True,False,False,False
package-lock.json,6343,https://registry.npmjs.org/prettier/-/prettier-3.9.6.tgz,J,Dependency/provenance or CI service configuration; no business provider selection.,True,False,False,False
package-lock.json,6353,https://github.com/prettier/prettier?sponsor=1,J,Dependency/provenance or CI service configuration; no business provider selection.,True,False,False,False
package-lock.json,6358,https://registry.npmjs.org/prettier-linter-helpers/-/prettier-linter-helpers-1.0.1.tgz,J,Dependency/provenance or CI service configuration; no business provider selection.,True,False,False,False
package-lock.json,6371,https://registry.npmjs.org/prop-types/-/prop-types-15.8.1.tgz,J,Dependency/provenance or CI service configuration; no business provider selection.,True,False,False,False
package-lock.json,6382,https://registry.npmjs.org/react-is/-/react-is-16.13.1.tgz,J,Dependency/provenance or CI service configuration; no business provider selection.,True,False,False,False
package-lock.json,6388,https://registry.npmjs.org/punycode/-/punycode-2.3.1.tgz,J,Dependency/provenance or CI service configuration; no business provider selection.,True,False,False,False
package-lock.json,6398,https://registry.npmjs.org/react/-/react-19.2.8.tgz,J,Dependency/provenance or CI service configuration; no business provider selection.,True,False,False,False
package-lock.json,6407,https://registry.npmjs.org/react-day-picker/-/react-day-picker-9.14.0.tgz,J,Dependency/provenance or CI service configuration; no business provider selection.,True,False,False,False
package-lock.json,6421,https://github.com/sponsors/gpbl,J,Dependency/provenance or CI service configuration; no business provider selection.,True,False,False,False
package-lock.json,6429,https://registry.npmjs.org/react-dom/-/react-dom-19.2.8.tgz,J,Dependency/provenance or CI service configuration; no business provider selection.,True,False,False,False
package-lock.json,6441,https://registry.npmjs.org/react-hook-form/-/react-hook-form-7.87.0.tgz,J,Dependency/provenance or CI service configuration; no business provider selection.,True,False,False,False
package-lock.json,6449,https://opencollective.com/react-hook-form,J,Dependency/provenance or CI service configuration; no business provider selection.,True,False,False,False
package-lock.json,6457,https://registry.npmjs.org/react-is/-/react-is-18.3.1.tgz,J,Dependency/provenance or CI service configuration; no business provider selection.,True,False,False,False
package-lock.json,6463,https://registry.npmjs.org/react-refresh/-/react-refresh-0.18.0.tgz,J,Dependency/provenance or CI service configuration; no business provider selection.,True,False,False,False
package-lock.json,6473,https://registry.npmjs.org/react-remove-scroll/-/react-remove-scroll-2.7.2.tgz,J,Dependency/provenance or CI service configuration; no business provider selection.,True,False,False,False
package-lock.json,6498,https://registry.npmjs.org/react-remove-scroll-bar/-/react-remove-scroll-bar-2.3.8.tgz,J,Dependency/provenance or CI service configuration; no business provider selection.,True,False,False,False
package-lock.json,6520,https://registry.npmjs.org/react-resizable-panels/-/react-resizable-panels-4.12.4.tgz,J,Dependency/provenance or CI service configuration; no business provider selection.,True,False,False,False
package-lock.json,6530,https://registry.npmjs.org/react-smooth/-/react-smooth-4.0.4.tgz,J,Dependency/provenance or CI service configuration; no business provider selection.,True,False,False,False
package-lock.json,6545,https://registry.npmjs.org/react-style-singleton/-/react-style-singleton-2.2.3.tgz,J,Dependency/provenance or CI service configuration; no business provider selection.,True,False,False,False
package-lock.json,6567,https://registry.npmjs.org/react-transition-group/-/react-transition-group-4.4.5.tgz,J,Dependency/provenance or CI service configuration; no business provider selection.,True,False,False,False
package-lock.json,6583,https://registry.npmjs.org/readdirp/-/readdirp-5.1.1.tgz,J,Dependency/provenance or CI service configuration; no business provider selection.,True,False,False,False
package-lock.json,6591,https://paulmillr.com/funding/,J,Dependency/provenance or CI service configuration; no business provider selection.,True,False,False,False
package-lock.json,6596,https://registry.npmjs.org/recharts/-/recharts-2.15.4.tgz,J,Dependency/provenance or CI service configuration; no business provider selection.,True,False,False,False
package-lock.json,6598,https://github.com/recharts/recharts/wiki/3.0-migration-guide,J,Dependency/provenance or CI service configuration; no business provider selection.,True,False,False,False
package-lock.json,6620,https://registry.npmjs.org/recharts-scale/-/recharts-scale-0.4.5.tgz,J,Dependency/provenance or CI service configuration; no business provider selection.,True,False,False,False
package-lock.json,6629,https://registry.npmjs.org/resolve-from/-/resolve-from-4.0.0.tgz,J,Dependency/provenance or CI service configuration; no business provider selection.,True,False,False,False
package-lock.json,6639,https://registry.npmjs.org/rolldown/-/rolldown-1.2.7.tgz,J,Dependency/provenance or CI service configuration; no business provider selection.,True,False,False,False
package-lock.json,6672,https://registry.npmjs.org/@rolldown/pluginutils/-/pluginutils-1.0.1.tgz,J,Dependency/provenance or CI service configuration; no business provider selection.,True,False,False,False
package-lock.json,6678,https://registry.npmjs.org/rou3/-/rou3-0.9.2.tgz,J,Dependency/provenance or CI service configuration; no business provider selection.,True,False,False,False
package-lock.json,6684,https://registry.npmjs.org/scheduler/-/scheduler-0.27.0.tgz,J,Dependency/provenance or CI service configuration; no business provider selection.,True,False,False,False
package-lock.json,6690,https://registry.npmjs.org/semver/-/semver-6.3.1.tgz,J,Dependency/provenance or CI service configuration; no business provider selection.,True,False,False,False
package-lock.json,6699,https://registry.npmjs.org/seroval/-/seroval-1.6.5.tgz,J,Dependency/provenance or CI service configuration; no business provider selection.,True,False,False,False
package-lock.json,6708,https://registry.npmjs.org/seroval-plugins/-/seroval-plugins-1.6.5.tgz,J,Dependency/provenance or CI service configuration; no business provider selection.,True,False,False,False
package-lock.json,6720,https://registry.npmjs.org/set-cookie-parser/-/set-cookie-parser-3.1.2.tgz,J,Dependency/provenance or CI service configuration; no business provider selection.,True,False,False,False
package-lock.json,6726,https://registry.npmjs.org/shebang-command/-/shebang-command-2.0.0.tgz,J,Dependency/provenance or CI service configuration; no business provider selection.,True,False,False,False
package-lock.json,6739,https://registry.npmjs.org/shebang-regex/-/shebang-regex-3.0.0.tgz,J,Dependency/provenance or CI service configuration; no business provider selection.,True,False,False,False
package-lock.json,6749,https://registry.npmjs.org/sonner/-/sonner-2.0.8.tgz,J,Dependency/provenance or CI service configuration; no business provider selection.,True,False,False,False
package-lock.json,6765,https://registry.npmjs.org/source-map/-/source-map-0.7.6.tgz,J,Dependency/provenance or CI service configuration; no business provider selection.,True,False,False,False
package-lock.json,6774,https://registry.npmjs.org/source-map-js/-/source-map-js-1.2.1.tgz,J,Dependency/provenance or CI service configuration; no business provider selection.,True,False,False,False
package-lock.json,6783,https://registry.npmjs.org/split2/-/split2-4.2.0.tgz,J,Dependency/provenance or CI service configuration; no business provider selection.,True,False,False,False
package-lock.json,6792,https://registry.npmjs.org/srvx/-/srvx-0.11.22.tgz,J,Dependency/provenance or CI service configuration; no business provider selection.,True,False,False,False
package-lock.json,6804,https://registry.npmjs.org/strip-json-comments/-/strip-json-comments-3.1.1.tgz,J,Dependency/provenance or CI service configuration; no business provider selection.,True,False,False,False
package-lock.json,6812,https://github.com/sponsors/sindresorhus,J,Dependency/provenance or CI service configuration; no business provider selection.,True,False,False,False
package-lock.json,6817,https://registry.npmjs.org/supports-color/-/supports-color-7.2.0.tgz,J,Dependency/provenance or CI service configuration; no business provider selection.,True,False,False,False
package-lock.json,6830,https://registry.npmjs.org/synckit/-/synckit-0.11.13.tgz,J,Dependency/provenance or CI service configuration; no business provider selection.,True,False,False,False
package-lock.json,6841,https://opencollective.com/synckit,J,Dependency/provenance or CI service configuration; no business provider selection.,True,False,False,False
package-lock.json,6846,https://registry.npmjs.org/tailwind-merge/-/tailwind-merge-3.6.0.tgz,J,Dependency/provenance or CI service configuration; no business provider selection.,True,False,False,False
package-lock.json,6851,https://github.com/sponsors/dcastil,J,Dependency/provenance or CI service configuration; no business provider selection.,True,False,False,False
package-lock.json,6856,https://registry.npmjs.org/tailwindcss/-/tailwindcss-4.3.3.tgz,J,Dependency/provenance or CI service configuration; no business provider selection.,True,False,False,False
package-lock.json,6862,https://registry.npmjs.org/tapable/-/tapable-2.3.3.tgz,J,Dependency/provenance or CI service configuration; no business provider selection.,True,False,False,False
package-lock.json,6870,https://opencollective.com/webpack,J,Dependency/provenance or CI service configuration; no business provider selection.,True,False,False,False
package-lock.json,6875,https://registry.npmjs.org/tiny-invariant/-/tiny-invariant-1.3.3.tgz,J,Dependency/provenance or CI service configuration; no business provider selection.,True,False,False,False
package-lock.json,6881,https://registry.npmjs.org/tinyglobby/-/tinyglobby-0.2.17.tgz,J,Dependency/provenance or CI service configuration; no business provider selection.,True,False,False,False
package-lock.json,6892,https://github.com/sponsors/SuperchupuDev,J,Dependency/provenance or CI service configuration; no business provider selection.,True,False,False,False
package-lock.json,6897,https://registry.npmjs.org/ts-api-utils/-/ts-api-utils-2.5.0.tgz,J,Dependency/provenance or CI service configuration; no business provider selection.,True,False,False,False
package-lock.json,6910,https://registry.npmjs.org/tslib/-/tslib-2.8.1.tgz,J,Dependency/provenance or CI service configuration; no business provider selection.,True,False,False,False
package-lock.json,6916,https://registry.npmjs.org/tw-animate-css/-/tw-animate-css-1.4.0.tgz,J,Dependency/provenance or CI service configuration; no business provider selection.,True,False,False,False
package-lock.json,6920,https://github.com/sponsors/Wombosvideo,J,Dependency/provenance or CI service configuration; no business provider selection.,True,False,False,False
package-lock.json,6925,https://registry.npmjs.org/type-check/-/type-check-0.4.0.tgz,J,Dependency/provenance or CI service configuration; no business provider selection.,True,False,False,False
package-lock.json,6938,https://registry.npmjs.org/typescript/-/typescript-5.9.3.tgz,J,Dependency/provenance or CI service configuration; no business provider selection.,True,False,False,False
package-lock.json,6952,https://registry.npmjs.org/typescript-eslint/-/typescript-eslint-8.70.0.tgz,J,Dependency/provenance or CI service configuration; no business provider selection.,True,False,False,False
package-lock.json,6967,https://opencollective.com/typescript-eslint,J,Dependency/provenance or CI service configuration; no business provider selection.,True,False,False,False
package-lock.json,6976,https://registry.npmjs.org/ufo/-/ufo-1.6.4.tgz,J,Dependency/provenance or CI service configuration; no business provider selection.,True,False,False,False
package-lock.json,6982,https://registry.npmjs.org/undici-types/-/undici-types-6.21.0.tgz,J,Dependency/provenance or CI service configuration; no business provider selection.,True,False,False,False
package-lock.json,6989,https://registry.npmjs.org/unenv/-/unenv-2.0.0-rc.24.tgz,J,Dependency/provenance or CI service configuration; no business provider selection.,True,False,False,False
package-lock.json,6999,https://registry.npmjs.org/unplugin/-/unplugin-3.3.0.tgz,J,Dependency/provenance or CI service configuration; no business provider selection.,True,False,False,False
package-lock.json,7053,https://registry.npmjs.org/update-browserslist-db/-/update-browserslist-db-1.3.2.tgz,J,Dependency/provenance or CI service configuration; no business provider selection.,True,False,False,False
package-lock.json,7058,https://opencollective.com/browserslist,J,Dependency/provenance or CI service configuration; no business provider selection.,True,False,False,False
package-lock.json,7062,https://tidelift.com/funding/github/npm/browserslist,J,Dependency/provenance or CI service configuration; no business provider selection.,True,False,False,False
package-lock.json,7066,https://github.com/sponsors/ai,J,Dependency/provenance or CI service configuration; no business provider selection.,True,False,False,False
package-lock.json,7083,https://registry.npmjs.org/uri-js/-/uri-js-4.4.1.tgz,J,Dependency/provenance or CI service configuration; no business provider selection.,True,False,False,False
package-lock.json,7093,https://registry.npmjs.org/use-callback-ref/-/use-callback-ref-1.3.3.tgz,J,Dependency/provenance or CI service configuration; no business provider selection.,True,False,False,False
package-lock.json,7114,https://registry.npmjs.org/use-sidecar/-/use-sidecar-1.1.3.tgz,J,Dependency/provenance or CI service configuration; no business provider selection.,True,False,False,False
package-lock.json,7136,https://registry.npmjs.org/use-sync-external-store/-/use-sync-external-store-1.6.0.tgz,J,Dependency/provenance or CI service configuration; no business provider selection.,True,False,False,False
package-lock.json,7145,https://registry.npmjs.org/vaul/-/vaul-1.1.2.tgz,J,Dependency/provenance or CI service configuration; no business provider selection.,True,False,False,False
package-lock.json,7158,https://registry.npmjs.org/victory-vendor/-/victory-vendor-36.9.2.tgz,J,Dependency/provenance or CI service configuration; no business provider selection.,True,False,False,False
package-lock.json,7180,https://registry.npmjs.org/vite/-/vite-8.2.2.tgz,J,Dependency/provenance or CI service configuration; no business provider selection.,True,False,False,False
package-lock.json,7197,https://github.com/vitejs/vite?sponsor=1,J,Dependency/provenance or CI service configuration; no business provider selection.,True,False,False,False
package-lock.json,7257,https://registry.npmjs.org/vitefu/-/vitefu-1.1.3.tgz,J,Dependency/provenance or CI service configuration; no business provider selection.,True,False,False,False
package-lock.json,7276,https://registry.npmjs.org/webpack-virtual-modules/-/webpack-virtual-modules-0.6.2.tgz,J,Dependency/provenance or CI service configuration; no business provider selection.,True,False,False,False
package-lock.json,7282,https://registry.npmjs.org/which/-/which-2.0.2.tgz,J,Dependency/provenance or CI service configuration; no business provider selection.,True,False,False,False
package-lock.json,7298,https://registry.npmjs.org/word-wrap/-/word-wrap-1.2.5.tgz,J,Dependency/provenance or CI service configuration; no business provider selection.,True,False,False,False
package-lock.json,7308,https://registry.npmjs.org/xmlbuilder2/-/xmlbuilder2-4.0.3.tgz,J,Dependency/provenance or CI service configuration; no business provider selection.,True,False,False,False
package-lock.json,7323,https://registry.npmjs.org/xtend/-/xtend-4.0.2.tgz,J,Dependency/provenance or CI service configuration; no business provider selection.,True,False,False,False
package-lock.json,7332,https://registry.npmjs.org/yallist/-/yallist-3.1.1.tgz,J,Dependency/provenance or CI service configuration; no business provider selection.,True,False,False,False
package-lock.json,7338,https://registry.npmjs.org/yocto-queue/-/yocto-queue-0.1.0.tgz,J,Dependency/provenance or CI service configuration; no business provider selection.,True,False,False,False
package-lock.json,7346,https://github.com/sponsors/sindresorhus,J,Dependency/provenance or CI service configuration; no business provider selection.,True,False,False,False
package-lock.json,7351,https://registry.npmjs.org/zod/-/zod-4.5.4.tgz,J,Dependency/provenance or CI service configuration; no business provider selection.,True,False,False,False
package-lock.json,7355,https://github.com/sponsors/colinhacks,J,Dependency/provenance or CI service configuration; no business provider selection.,True,False,False,False
package-lock.json,7360,https://registry.npmjs.org/zustand/-/zustand-5.0.15.tgz,J,Dependency/provenance or CI service configuration; no business provider selection.,True,False,False,False
package-lock.json,7389,https://registry.npmjs.org/fast-uri/-/fast-uri-3.1.8.tgz,J,Dependency/provenance or CI service configuration; no business provider selection.,True,False,False,False
package-lock.json,7396,https://github.com/sponsors/fastify,J,Dependency/provenance or CI service configuration; no business provider selection.,True,False,False,False
package-lock.json,7400,https://opencollective.com/fastify,J,Dependency/provenance or CI service configuration; no business provider selection.,True,False,False,False
package-lock.json,7406,https://registry.npmjs.org/require-from-string/-/require-from-string-2.0.2.tgz,J,Dependency/provenance or CI service configuration; no business provider selection.,True,False,False,False
package-lock.json,7416,https://registry.npmjs.org/ajv/-/ajv-6.15.0.tgz,J,Dependency/provenance or CI service configuration; no business provider selection.,True,False,False,False
package-lock.json,7428,https://github.com/sponsors/epoberezkin,J,Dependency/provenance or CI service configuration; no business provider selection.,True,False,False,False
package-lock.json,7434,https://registry.npmjs.org/json-schema-traverse/-/json-schema-traverse-0.4.1.tgz,J,Dependency/provenance or CI service configuration; no business provider selection.,True,False,False,False
package-lock.json,7442,https://registry.npmjs.org/ajv/-/ajv-6.15.0.tgz,J,Dependency/provenance or CI service configuration; no business provider selection.,True,False,False,False
package-lock.json,7454,https://github.com/sponsors/epoberezkin,J,Dependency/provenance or CI service configuration; no business provider selection.,True,False,False,False
package-lock.json,7460,https://registry.npmjs.org/json-schema-traverse/-/json-schema-traverse-0.4.1.tgz,J,Dependency/provenance or CI service configuration; no business provider selection.,True,False,False,False
package.json,24,firebase,J,Dependency/provenance or CI service configuration; no business provider selection.,True,False,False,False
package.json,25,firebase,J,Dependency/provenance or CI service configuration; no business provider selection.,True,False,False,False
public/favicon.svg,1,http://www.w3.org/2000/svg,I,"Standard namespace, schema or license reference; not an application provider dependency.",True,False,False,False
public/firebase-messaging-sw.js,1,FCM,A,"Real provider/protocol implementation; credentials, wire format, signing or attribution belongs to this adapter. Live-provider certification remains outstanding.",True,True,False,False
public/firebase-messaging-sw.js,1,Firebase,A,"Real provider/protocol implementation; credentials, wire format, signing or attribution belongs to this adapter. Live-provider certification remains outstanding.",True,True,False,False
public/firebase-messaging-sw.js,2,https://www.gstatic.com/firebasejs/12.5.0/firebase-app-compat.js,A,"Real provider/protocol implementation; credentials, wire format, signing or attribution belongs to this adapter. Live-provider certification remains outstanding.",True,True,False,False
public/firebase-messaging-sw.js,3,https://www.gstatic.com/firebasejs/12.5.0/firebase-messaging-compat.js,A,"Real provider/protocol implementation; credentials, wire format, signing or attribution belongs to this adapter. Live-provider certification remains outstanding.",True,True,False,False
public/firebase-messaging-sw.js,13,Firebase,A,"Real provider/protocol implementation; credentials, wire format, signing or attribution belongs to this adapter. Live-provider certification remains outstanding.",True,True,False,False
public/firebase-messaging-sw.js,15,firebase,A,"Real provider/protocol implementation; credentials, wire format, signing or attribution belongs to this adapter. Live-provider certification remains outstanding.",True,True,False,False
public/firebase-messaging-sw.js,16,Firebase,A,"Real provider/protocol implementation; credentials, wire format, signing or attribution belongs to this adapter. Live-provider certification remains outstanding.",True,True,False,False
public/firebase-messaging-sw.js,16,firebase,A,"Real provider/protocol implementation; credentials, wire format, signing or attribution belongs to this adapter. Live-provider certification remains outstanding.",True,True,False,False
public/firebase-messaging-sw.js,18,firebase,A,"Real provider/protocol implementation; credentials, wire format, signing or attribution belongs to this adapter. Live-provider certification remains outstanding.",True,True,False,False
public/firebase-messaging-sw.js,19,firebase,A,"Real provider/protocol implementation; credentials, wire format, signing or attribution belongs to this adapter. Live-provider certification remains outstanding.",True,True,False,False
scripts/admin-order-intelligence.integration.test.mjs,40,http://localhost:8080/admin/orders,C,"Test fixture, source assertion, synthetic identity or local development endpoint; no production provider claim.",True,False,False,False
scripts/admin-order-intelligence.integration.test.mjs,191,https://secret.invalid/DO_NOT_EXPOSE,C,"Test fixture, source assertion, synthetic identity or local development endpoint; no production provider claim.",True,False,False,False
scripts/admin-order-intelligence.integration.test.mjs,726,Paystack,C,"Test fixture, source assertion, synthetic identity or local development endpoint; no production provider claim.",True,False,False,False
scripts/admin-orders.browser.mjs,7,http://localhost:8080,C,"Test fixture, source assertion, synthetic identity or local development endpoint; no production provider claim.",True,False,False,False
scripts/admin-sensitive-provider-deep-attack.contract.test.mjs,10,paystack,C,"Test fixture, source assertion, synthetic identity or local development endpoint; no production provider claim.",True,False,False,False
scripts/admin-sensitive-provider-deep-attack.contract.test.mjs,32,Paystack,C,"Test fixture, source assertion, synthetic identity or local development endpoint; no production provider claim.",True,False,False,False
scripts/admin-sensitive-provider-deep-attack.contract.test.mjs,33,paystack,C,"Test fixture, source assertion, synthetic identity or local development endpoint; no production provider claim.",True,False,False,False
scripts/admin-sensitive-provider-deep-attack.contract.test.mjs,34,paystack,C,"Test fixture, source assertion, synthetic identity or local development endpoint; no production provider claim.",True,False,False,False
scripts/admin-sensitive-provider-deep-attack.contract.test.mjs,35,paystack,C,"Test fixture, source assertion, synthetic identity or local development endpoint; no production provider claim.",True,False,False,False
scripts/brand-worker-security.behavior.test.mjs,7,https://example.invalid/api/internal/brand-integration-worker,C,"Test fixture, source assertion, synthetic identity or local development endpoint; no production provider claim.",True,False,False,False
scripts/brand-worker-security.behavior.test.mjs,107,http://example.invalid/worker,C,"Test fixture, source assertion, synthetic identity or local development endpoint; no production provider claim.",True,False,False,False
scripts/browser-smoke-verdict.mjs,37,http://127.0.0.1:8080/,C,"Test fixture, source assertion, synthetic identity or local development endpoint; no production provider claim.",True,False,False,False
scripts/browser-smoke-verdict.test.mjs,281,http://127.0.0.1:8080/,C,"Test fixture, source assertion, synthetic identity or local development endpoint; no production provider claim.",True,False,False,False
scripts/browser-smoke-verdict.test.mjs,290,http://127.0.0.1:8081/,C,"Test fixture, source assertion, synthetic identity or local development endpoint; no production provider claim.",True,False,False,False
scripts/browser-smoke-verdict.test.mjs,294,http://127.0.0.1:8081/,C,"Test fixture, source assertion, synthetic identity or local development endpoint; no production provider claim.",True,False,False,False
scripts/browser-smoke-verdict.test.mjs,317,http://127.0.0.1:8080/,C,"Test fixture, source assertion, synthetic identity or local development endpoint; no production provider claim.",True,False,False,False
scripts/cto-final-hardening.test.mjs,30,paystack,C,"Test fixture, source assertion, synthetic identity or local development endpoint; no production provider claim.",True,False,False,False
scripts/cto-final-hardening.test.mjs,31,paystack,C,"Test fixture, source assertion, synthetic identity or local development endpoint; no production provider claim.",True,False,False,False
scripts/cto-final-hardening.test.mjs,51,Cloudflare,C,"Test fixture, source assertion, synthetic identity or local development endpoint; no production provider claim.",True,False,False,False
scripts/cto-final-hardening.test.mjs,55,vercel,C,"Test fixture, source assertion, synthetic identity or local development endpoint; no production provider claim.",True,False,False,False
scripts/cto-next-layer.contract.test.mjs,28,Vercel,C,"Test fixture, source assertion, synthetic identity or local development endpoint; no production provider claim.",True,False,False,False
scripts/cto-next-layer.contract.test.mjs,29,vercel,C,"Test fixture, source assertion, synthetic identity or local development endpoint; no production provider claim.",True,False,False,False
scripts/cto-security-hardening-regression.test.mjs,38,paystack,C,"Test fixture, source assertion, synthetic identity or local development endpoint; no production provider claim.",True,False,False,False
scripts/cto-security-hardening-regression.test.mjs,41,paystack,C,"Test fixture, source assertion, synthetic identity or local development endpoint; no production provider claim.",True,False,False,False
scripts/cto-security-hardening-regression.test.mjs,42,paystack,C,"Test fixture, source assertion, synthetic identity or local development endpoint; no production provider claim.",True,False,False,False
scripts/deep-all-fronts-regression.test.mjs,27,paystack,C,"Test fixture, source assertion, synthetic identity or local development endpoint; no production provider claim.",True,False,False,False
scripts/deep-all-fronts-regression.test.mjs,30,geoapify,C,"Test fixture, source assertion, synthetic identity or local development endpoint; no production provider claim.",True,False,False,False
scripts/deep-all-fronts-regression.test.mjs,32,resend,C,"Test fixture, source assertion, synthetic identity or local development endpoint; no production provider claim.",True,False,False,False
scripts/deep-all-fronts-regression.test.mjs,33,arkesel,C,"Test fixture, source assertion, synthetic identity or local development endpoint; no production provider claim.",True,False,False,False
scripts/deep-all-fronts-regression.test.mjs,34,fylings,C,"Test fixture, source assertion, synthetic identity or local development endpoint; no production provider claim.",True,False,False,False
scripts/deep-all-fronts-regression.test.mjs,35,fcm,C,"Test fixture, source assertion, synthetic identity or local development endpoint; no production provider claim.",True,False,False,False
scripts/deep-break-fix.test.mjs,19,firebase,C,"Test fixture, source assertion, synthetic identity or local development endpoint; no production provider claim.",True,False,False,False
scripts/deep-break-fix.test.mjs,23,Paystack,C,"Test fixture, source assertion, synthetic identity or local development endpoint; no production provider claim.",True,False,False,False
scripts/deep-break-fix.test.mjs,23,paystack,C,"Test fixture, source assertion, synthetic identity or local development endpoint; no production provider claim.",True,False,False,False
scripts/enterprise-high-scale.contract.test.mjs,11,vercel,C,"Test fixture, source assertion, synthetic identity or local development endpoint; no production provider claim.",True,False,False,False
scripts/enterprise-high-scale.contract.test.mjs,64,vercel,C,"Test fixture, source assertion, synthetic identity or local development endpoint; no production provider claim.",True,False,False,False
scripts/fcm-client-contract.test.mjs,7,FCM,C,"Test fixture, source assertion, synthetic identity or local development endpoint; no production provider claim.",True,False,False,False
scripts/fcm-client-contract.test.mjs,8,fcm,C,"Test fixture, source assertion, synthetic identity or local development endpoint; no production provider claim.",True,False,False,False
scripts/fcm-client-contract.test.mjs,11,FIREBASE,C,"Test fixture, source assertion, synthetic identity or local development endpoint; no production provider claim.",True,False,False,False
scripts/fcm-client-contract.test.mjs,15,FCM,C,"Test fixture, source assertion, synthetic identity or local development endpoint; no production provider claim.",True,False,False,False
scripts/fcm-client-contract.test.mjs,16,firebase,C,"Test fixture, source assertion, synthetic identity or local development endpoint; no production provider claim.",True,False,False,False
scripts/fcm-client-contract.test.mjs,17,firebase,C,"Test fixture, source assertion, synthetic identity or local development endpoint; no production provider claim.",True,False,False,False
scripts/fcm-client-contract.test.mjs,23,Firebase,C,"Test fixture, source assertion, synthetic identity or local development endpoint; no production provider claim.",True,False,False,False
scripts/fcm-client-contract.test.mjs,24,fcm,C,"Test fixture, source assertion, synthetic identity or local development endpoint; no production provider claim.",True,False,False,False
scripts/fcm-client-contract.test.mjs,26,FIREBASE,C,"Test fixture, source assertion, synthetic identity or local development endpoint; no production provider claim.",True,False,False,False
scripts/fcm-client-contract.test.mjs,29,Firebase,C,"Test fixture, source assertion, synthetic identity or local development endpoint; no production provider claim.",True,False,False,False
scripts/fcm-client-contract.test.mjs,34,Firebase,C,"Test fixture, source assertion, synthetic identity or local development endpoint; no production provider claim.",True,False,False,False
scripts/fcm-client-contract.test.mjs,35,fcm,C,"Test fixture, source assertion, synthetic identity or local development endpoint; no production provider claim.",True,False,False,False
scripts/fcm-client-contract.test.mjs,39,FCM,C,"Test fixture, source assertion, synthetic identity or local development endpoint; no production provider claim.",True,False,False,False
scripts/fcm-client-contract.test.mjs,40,fcm,C,"Test fixture, source assertion, synthetic identity or local development endpoint; no production provider claim.",True,False,False,False
scripts/fcm-client-contract.test.mjs,41,Firebase,C,"Test fixture, source assertion, synthetic identity or local development endpoint; no production provider claim.",True,False,False,False
scripts/fcm-client-contract.test.mjs,42,FIREBASE,C,"Test fixture, source assertion, synthetic identity or local development endpoint; no production provider claim.",True,False,False,False
scripts/fcm-push-contract.test.mjs,7,FCM,C,"Test fixture, source assertion, synthetic identity or local development endpoint; no production provider claim.",True,False,False,False
scripts/fcm-push-contract.test.mjs,7,Firebase,C,"Test fixture, source assertion, synthetic identity or local development endpoint; no production provider claim.",True,False,False,False
scripts/fcm-push-contract.test.mjs,8,fcm,C,"Test fixture, source assertion, synthetic identity or local development endpoint; no production provider claim.",True,False,False,False
scripts/fcm-push-contract.test.mjs,11,fcm,C,"Test fixture, source assertion, synthetic identity or local development endpoint; no production provider claim.",True,False,False,False
scripts/fcm-push-contract.test.mjs,29,FCM,C,"Test fixture, source assertion, synthetic identity or local development endpoint; no production provider claim.",True,False,False,False
scripts/fcm-push-contract.test.mjs,38,fcm,C,"Test fixture, source assertion, synthetic identity or local development endpoint; no production provider claim.",True,False,False,False
scripts/fcm-push-contract.test.mjs,44,FCM,C,"Test fixture, source assertion, synthetic identity or local development endpoint; no production provider claim.",True,False,False,False
scripts/fcm-push-contract.test.mjs,45,fcm,C,"Test fixture, source assertion, synthetic identity or local development endpoint; no production provider claim.",True,False,False,False
scripts/final-hardening.test.mjs,30,paystack,C,"Test fixture, source assertion, synthetic identity or local development endpoint; no production provider claim.",True,False,False,False
scripts/final-hardening.test.mjs,31,paystack,C,"Test fixture, source assertion, synthetic identity or local development endpoint; no production provider claim.",True,False,False,False
scripts/final-hardening.test.mjs,51,Cloudflare,C,"Test fixture, source assertion, synthetic identity or local development endpoint; no production provider claim.",True,False,False,False
scripts/final-hardening.test.mjs,55,vercel,C,"Test fixture, source assertion, synthetic identity or local development endpoint; no production provider claim.",True,False,False,False
scripts/financing-provider-neutral-contract.test.mjs,16,hubtel,C,"Test fixture, source assertion, synthetic identity or local development endpoint; no production provider claim.",True,False,False,False
scripts/financing-provider-neutral-contract.test.mjs,16,motito,C,"Test fixture, source assertion, synthetic identity or local development endpoint; no production provider claim.",True,False,False,False
scripts/financing-provider-neutral-contract.test.mjs,16,paysmall,C,"Test fixture, source assertion, synthetic identity or local development endpoint; no production provider claim.",True,False,False,False
scripts/financing-provider-neutral-contract.test.mjs,16,paystack,C,"Test fixture, source assertion, synthetic identity or local development endpoint; no production provider claim.",True,False,False,False
scripts/frontend-payment-flow-contract.test.mjs,14,PAYSTACK,C,"Test fixture, source assertion, synthetic identity or local development endpoint; no production provider claim.",True,False,False,False
scripts/fylings-kyb-adapter.test.mjs,5,fylings,C,"Test fixture, source assertion, synthetic identity or local development endpoint; no production provider claim.",True,False,False,False
scripts/fylings-kyb-adapter.test.mjs,8,fylings,C,"Test fixture, source assertion, synthetic identity or local development endpoint; no production provider claim.",True,False,False,False
scripts/fylings-kyb-adapter.test.mjs,11,Fylings,C,"Test fixture, source assertion, synthetic identity or local development endpoint; no production provider claim.",True,False,False,False
scripts/fylings-kyb-adapter.test.mjs,15,Fylings,C,"Test fixture, source assertion, synthetic identity or local development endpoint; no production provider claim.",True,False,False,False
scripts/fylings-kyb-adapter.test.mjs,18,Fylings,C,"Test fixture, source assertion, synthetic identity or local development endpoint; no production provider claim.",True,False,False,False
scripts/fylings-kyb-adapter.test.mjs,25,Fylings,C,"Test fixture, source assertion, synthetic identity or local development endpoint; no production provider claim.",True,False,False,False
scripts/geoapify-location-contract.test.mjs,6,geoapify,C,"Test fixture, source assertion, synthetic identity or local development endpoint; no production provider claim.",True,False,False,False
scripts/geoapify-location-contract.test.mjs,10,geoapify,C,"Test fixture, source assertion, synthetic identity or local development endpoint; no production provider claim.",True,False,False,False
scripts/geoapify-location-contract.test.mjs,14,Geoapify,C,"Test fixture, source assertion, synthetic identity or local development endpoint; no production provider claim.",True,False,False,False
scripts/geoapify-location-contract.test.mjs,16,Geoapify,C,"Test fixture, source assertion, synthetic identity or local development endpoint; no production provider claim.",True,False,False,False
scripts/geoapify-location-contract.test.mjs,17,GEOAPIFY,C,"Test fixture, source assertion, synthetic identity or local development endpoint; no production provider claim.",True,False,False,False
scripts/geoapify-location-contract.test.mjs,18,GEOAPIFY,C,"Test fixture, source assertion, synthetic identity or local development endpoint; no production provider claim.",True,False,False,False
scripts/geoapify-location-contract.test.mjs,21,Geoapify,C,"Test fixture, source assertion, synthetic identity or local development endpoint; no production provider claim.",True,False,False,False
scripts/geoapify-location-contract.test.mjs,41,Geoapify,C,"Test fixture, source assertion, synthetic identity or local development endpoint; no production provider claim.",True,False,False,False
scripts/geoapify-location-contract.test.mjs,43,Geoapify,C,"Test fixture, source assertion, synthetic identity or local development endpoint; no production provider claim.",True,False,False,False
scripts/geoapify-location-contract.test.mjs,43,OpenStreetMap,C,"Test fixture, source assertion, synthetic identity or local development endpoint; no production provider claim.",True,False,False,False
scripts/high-grade-production-hardening.test.mjs,6,Vercel,C,"Test fixture, source assertion, synthetic identity or local development endpoint; no production provider claim.",True,False,False,False
scripts/high-grade-production-hardening.test.mjs,7,vercel,C,"Test fixture, source assertion, synthetic identity or local development endpoint; no production provider claim.",True,False,False,False
scripts/high-grade-production-hardening.test.mjs,8,vercel,C,"Test fixture, source assertion, synthetic identity or local development endpoint; no production provider claim.",True,False,False,False
scripts/input-security-hardening.test.mjs,26,vercel,C,"Test fixture, source assertion, synthetic identity or local development endpoint; no production provider claim.",True,False,False,False
scripts/internal-worker-auth-v188.contract.test.mjs,27,Vercel,C,"Test fixture, source assertion, synthetic identity or local development endpoint; no production provider claim.",True,False,False,False
scripts/internal-worker-auth-v188.contract.test.mjs,31,vercel,C,"Test fixture, source assertion, synthetic identity or local development endpoint; no production provider claim.",True,False,False,False
scripts/load-test.mjs,4,http://localhost:8080,C,"Test fixture, source assertion, synthetic identity or local development endpoint; no production provider claim.",True,False,False,False
scripts/merchant-enterprise-owasp-hardening.test.mjs,25,render,C,"Test fixture, source assertion, synthetic identity or local development endpoint; no production provider claim.",True,False,False,False
scripts/merchant-finance-contract.test.mjs,13,Arkesel,C,"Test fixture, source assertion, synthetic identity or local development endpoint; no production provider claim.",True,False,False,False
scripts/merchant-finance-contract.test.mjs,13,Fylings,C,"Test fixture, source assertion, synthetic identity or local development endpoint; no production provider claim.",True,False,False,False
scripts/merchant-finance-contract.test.mjs,13,Hubtel,C,"Test fixture, source assertion, synthetic identity or local development endpoint; no production provider claim.",True,False,False,False
scripts/merchant-finance-contract.test.mjs,13,Paystack,C,"Test fixture, source assertion, synthetic identity or local development endpoint; no production provider claim.",True,False,False,False
scripts/merchant-finance-contract.test.mjs,13,Resend,C,"Test fixture, source assertion, synthetic identity or local development endpoint; no production provider claim.",True,False,False,False
scripts/migration-0070-regression.test.mjs,5,paystack,C,"Test fixture, source assertion, synthetic identity or local development endpoint; no production provider claim.",True,False,False,False
scripts/migration-function-signature-regression.test.mjs,54,paystack,C,"Test fixture, source assertion, synthetic identity or local development endpoint; no production provider claim.",True,False,False,False
scripts/next-layer.contract.test.mjs,28,Vercel,C,"Test fixture, source assertion, synthetic identity or local development endpoint; no production provider claim.",True,False,False,False
scripts/next-layer.contract.test.mjs,29,vercel,C,"Test fixture, source assertion, synthetic identity or local development endpoint; no production provider claim.",True,False,False,False
scripts/ops-foundation-contract.test.mjs,8,REDIS,C,"Test fixture, source assertion, synthetic identity or local development endpoint; no production provider claim.",True,False,False,False
scripts/ops-foundation-contract.test.mjs,50,REDIS,C,"Test fixture, source assertion, synthetic identity or local development endpoint; no production provider claim.",True,False,False,False
scripts/order-navigation.browser.mjs,6,http://localhost:8080,C,"Test fixture, source assertion, synthetic identity or local development endpoint; no production provider claim.",True,False,False,False
scripts/otp-arkesel-contract.test.mjs,5,arkesel,C,"Test fixture, source assertion, synthetic identity or local development endpoint; no production provider claim.",True,False,False,False
scripts/otp-arkesel-contract.test.mjs,9,arkesel,C,"Test fixture, source assertion, synthetic identity or local development endpoint; no production provider claim.",True,False,False,False
scripts/otp-arkesel-contract.test.mjs,12,Arkesel,C,"Test fixture, source assertion, synthetic identity or local development endpoint; no production provider claim.",True,False,False,False
scripts/otp-arkesel-contract.test.mjs,13,arkesel,C,"Test fixture, source assertion, synthetic identity or local development endpoint; no production provider claim.",True,False,False,False
scripts/otp-arkesel-contract.test.mjs,23,ARKESEL,C,"Test fixture, source assertion, synthetic identity or local development endpoint; no production provider claim.",True,False,False,False
scripts/otp-arkesel-contract.test.mjs,28,arkesel,C,"Test fixture, source assertion, synthetic identity or local development endpoint; no production provider claim.",True,False,False,False
scripts/otp-arkesel-contract.test.mjs,28,Arkesel,C,"Test fixture, source assertion, synthetic identity or local development endpoint; no production provider claim.",True,False,False,False
scripts/otp-arkesel-contract.test.mjs,33,RESEND,C,"Test fixture, source assertion, synthetic identity or local development endpoint; no production provider claim.",True,False,False,False
scripts/payment-provider-policy.test.mjs,13,hubtel,C,"Test fixture, source assertion, synthetic identity or local development endpoint; no production provider claim.",True,False,False,False
scripts/payment-provider-policy.test.mjs,13,paystack,C,"Test fixture, source assertion, synthetic identity or local development endpoint; no production provider claim.",True,False,False,False
scripts/payment-provider-policy.test.mjs,24,paystack,C,"Test fixture, source assertion, synthetic identity or local development endpoint; no production provider claim.",True,False,False,False
scripts/payment-provider-policy.test.mjs,25,hubtel,C,"Test fixture, source assertion, synthetic identity or local development endpoint; no production provider claim.",True,False,False,False
scripts/paystack-refund-migration.test.mjs,6,paystack,C,"Test fixture, source assertion, synthetic identity or local development endpoint; no production provider claim.",True,False,False,False
scripts/paystack-refund-migration.test.mjs,8,paystack,C,"Test fixture, source assertion, synthetic identity or local development endpoint; no production provider claim.",True,False,False,False
scripts/paystack-refund-migration.test.mjs,20,paystack,C,"Test fixture, source assertion, synthetic identity or local development endpoint; no production provider claim.",True,False,False,False
scripts/paystack-refund-migration.test.mjs,21,paystack,C,"Test fixture, source assertion, synthetic identity or local development endpoint; no production provider claim.",True,False,False,False
scripts/paystack-refund-migration.test.mjs,22,paystack,C,"Test fixture, source assertion, synthetic identity or local development endpoint; no production provider claim.",True,False,False,False
scripts/paystack-refund-migration.test.mjs,37,Paystack,C,"Test fixture, source assertion, synthetic identity or local development endpoint; no production provider claim.",True,False,False,False
scripts/paystack-refund-migration.test.mjs,38,paystack,C,"Test fixture, source assertion, synthetic identity or local development endpoint; no production provider claim.",True,False,False,False
scripts/paystack-refund-migration.test.mjs,39,paystack,C,"Test fixture, source assertion, synthetic identity or local development endpoint; no production provider claim.",True,False,False,False
scripts/paystack-refund-migration.test.mjs,40,paystack,C,"Test fixture, source assertion, synthetic identity or local development endpoint; no production provider claim.",True,False,False,False
scripts/paystack-refund-migration.test.mjs,41,paystack,C,"Test fixture, source assertion, synthetic identity or local development endpoint; no production provider claim.",True,False,False,False
scripts/paystack-refund-migration.test.mjs,42,paystack,C,"Test fixture, source assertion, synthetic identity or local development endpoint; no production provider claim.",True,False,False,False
scripts/paystack-refund-migration.test.mjs,43,paystack,C,"Test fixture, source assertion, synthetic identity or local development endpoint; no production provider claim.",True,False,False,False
scripts/paystack-refund-migration.test.mjs,58,paystack,C,"Test fixture, source assertion, synthetic identity or local development endpoint; no production provider claim.",True,False,False,False
scripts/paystack-refund-migration.test.mjs,59,paystack,C,"Test fixture, source assertion, synthetic identity or local development endpoint; no production provider claim.",True,False,False,False
scripts/paystack-refund-migration.test.mjs,60,paystack,C,"Test fixture, source assertion, synthetic identity or local development endpoint; no production provider claim.",True,False,False,False
scripts/paystack-refund-webhook-reconciliation.contract.test.mjs,5,paystack,C,"Test fixture, source assertion, synthetic identity or local development endpoint; no production provider claim.",True,False,False,False
scripts/paystack-refund-webhook-reconciliation.contract.test.mjs,8,Paystack,C,"Test fixture, source assertion, synthetic identity or local development endpoint; no production provider claim.",True,False,False,False
scripts/postgres-config.mjs,8,RENDER,J,"Security-sensitive protocol or deployment-platform handling; explicit TLS, proxy/identity and replay controls. No mandatory commercial provider.",True,False,False,False
scripts/postgres-config.mjs,16,Render,J,"Security-sensitive protocol or deployment-platform handling; explicit TLS, proxy/identity and replay controls. No mandatory commercial provider.",True,False,False,False
scripts/prelive-deep-integrity-contract.test.mjs,23,paystack,C,"Test fixture, source assertion, synthetic identity or local development endpoint; no production provider claim.",True,False,False,False
scripts/prelive-deep-integrity-contract.test.mjs,25,Paystack,C,"Test fixture, source assertion, synthetic identity or local development endpoint; no production provider claim.",True,False,False,False
scripts/prelive-deep-integrity-contract.test.mjs,31,PAYSTACK,C,"Test fixture, source assertion, synthetic identity or local development endpoint; no production provider claim.",True,False,False,False
scripts/prelive-deep-integrity-contract.test.mjs,32,PAYSTACK,C,"Test fixture, source assertion, synthetic identity or local development endpoint; no production provider claim.",True,False,False,False
scripts/prelive_ultra_contract.test.mjs,12,Paystack,C,"Test fixture, source assertion, synthetic identity or local development endpoint; no production provider claim.",True,False,False,False
scripts/prelive_ultra_contract.test.mjs,17,Paystack,C,"Test fixture, source assertion, synthetic identity or local development endpoint; no production provider claim.",True,False,False,False
scripts/prelive_ultra_contract.test.mjs,20,PAYSTACK,C,"Test fixture, source assertion, synthetic identity or local development endpoint; no production provider claim.",True,False,False,False
scripts/preview.mjs,27,http://127.0.0.1:${PREVIEW_PORT,C,"Test fixture, source assertion, synthetic identity or local development endpoint; no production provider claim.",True,False,False,False
scripts/preview.test.mjs,106,http://127.0.0.1:8080/,C,"Test fixture, source assertion, synthetic identity or local development endpoint; no production provider claim.",True,False,False,False
scripts/production-financial-flow-v188.contract.test.mjs,7,paystack,C,"Test fixture, source assertion, synthetic identity or local development endpoint; no production provider claim.",True,False,False,False
scripts/production-financial-flow-v188.contract.test.mjs,22,Paystack,C,"Test fixture, source assertion, synthetic identity or local development endpoint; no production provider claim.",True,False,False,False
scripts/production-financial-flow-v188.contract.test.mjs,23,paystack,C,"Test fixture, source assertion, synthetic identity or local development endpoint; no production provider claim.",True,False,False,False
scripts/production-mfa.integration.test.mjs,20,http://localhost:8080,C,"Test fixture, source assertion, synthetic identity or local development endpoint; no production provider claim.",True,False,False,False
scripts/production-mfa.integration.test.mjs,37,http://localhost:8080,C,"Test fixture, source assertion, synthetic identity or local development endpoint; no production provider claim.",True,False,False,False
scripts/production-mfa.integration.test.mjs,37,http://localhost:8080/api/auth,C,"Test fixture, source assertion, synthetic identity or local development endpoint; no production provider claim.",True,False,False,False
scripts/production-mfa.integration.test.mjs,46,http://localhost:8080,C,"Test fixture, source assertion, synthetic identity or local development endpoint; no production provider claim.",True,False,False,False
scripts/production-payment.integration.test.mjs,11,Paystack,C,"Test fixture, source assertion, synthetic identity or local development endpoint; no production provider claim.",True,False,False,False
scripts/production-payment.integration.test.mjs,11,paystack,C,"Test fixture, source assertion, synthetic identity or local development endpoint; no production provider claim.",True,False,False,False
scripts/production-payment.integration.test.mjs,15,paystack,C,"Test fixture, source assertion, synthetic identity or local development endpoint; no production provider claim.",True,False,False,False
scripts/production-payment.integration.test.mjs,17,Paystack,C,"Test fixture, source assertion, synthetic identity or local development endpoint; no production provider claim.",True,False,False,False
scripts/production-payment.integration.test.mjs,19,https://checkout.paystack.com/fixture,C,"Test fixture, source assertion, synthetic identity or local development endpoint; no production provider claim.",True,False,False,False
scripts/production-payment.integration.test.mjs,24,paystack,C,"Test fixture, source assertion, synthetic identity or local development endpoint; no production provider claim.",True,False,False,False
scripts/production-payment.integration.test.mjs,45,paystack,C,"Test fixture, source assertion, synthetic identity or local development endpoint; no production provider claim.",True,False,False,False
scripts/production-payment.integration.test.mjs,47,https://example.invalid/api/payments/webhook,C,"Test fixture, source assertion, synthetic identity or local development endpoint; no production provider claim.",True,False,False,False
scripts/production-payment.integration.test.mjs,47,paystack,C,"Test fixture, source assertion, synthetic identity or local development endpoint; no production provider claim.",True,False,False,False
scripts/production-payment.integration.test.mjs,51,Paystack,C,"Test fixture, source assertion, synthetic identity or local development endpoint; no production provider claim.",True,False,False,False
scripts/production-payment.integration.test.mjs,60,Paystack,C,"Test fixture, source assertion, synthetic identity or local development endpoint; no production provider claim.",True,False,False,False
scripts/production-payment.integration.test.mjs,146,https://erp.example.invalid/catalog,C,"Test fixture, source assertion, synthetic identity or local development endpoint; no production provider claim.",True,False,False,False
scripts/production-provider.behavior.test.mjs,6,Paystack,C,"Test fixture, source assertion, synthetic identity or local development endpoint; no production provider claim.",True,False,False,False
scripts/production-provider.behavior.test.mjs,6,paystack,C,"Test fixture, source assertion, synthetic identity or local development endpoint; no production provider claim.",True,False,False,False
scripts/production-provider.behavior.test.mjs,7,Paystack,C,"Test fixture, source assertion, synthetic identity or local development endpoint; no production provider claim.",True,False,False,False
scripts/production-provider.behavior.test.mjs,10,Paystack,C,"Test fixture, source assertion, synthetic identity or local development endpoint; no production provider claim.",True,False,False,False
scripts/production-provider.behavior.test.mjs,19,Paystack,C,"Test fixture, source assertion, synthetic identity or local development endpoint; no production provider claim.",True,False,False,False
scripts/production-provider.behavior.test.mjs,26,Paystack,C,"Test fixture, source assertion, synthetic identity or local development endpoint; no production provider claim.",True,False,False,False
scripts/production-provider.behavior.test.mjs,31,paystack,C,"Test fixture, source assertion, synthetic identity or local development endpoint; no production provider claim.",True,False,False,False
scripts/production-provider.behavior.test.mjs,33,paystack,C,"Test fixture, source assertion, synthetic identity or local development endpoint; no production provider claim.",True,False,False,False
scripts/production-provider.behavior.test.mjs,36,geoapify,C,"Test fixture, source assertion, synthetic identity or local development endpoint; no production provider claim.",True,False,False,False
scripts/production-provider.behavior.test.mjs,36,Geoapify,C,"Test fixture, source assertion, synthetic identity or local development endpoint; no production provider claim.",True,False,False,False
scripts/production-provider.behavior.test.mjs,41,Geoapify,C,"Test fixture, source assertion, synthetic identity or local development endpoint; no production provider claim.",True,False,False,False
scripts/production-provider.behavior.test.mjs,46,Geoapify,C,"Test fixture, source assertion, synthetic identity or local development endpoint; no production provider claim.",True,False,False,False
scripts/production-provider.behavior.test.mjs,49,Geoapify,C,"Test fixture, source assertion, synthetic identity or local development endpoint; no production provider claim.",True,False,False,False
scripts/production-provider.behavior.test.mjs,50,Geoapify,C,"Test fixture, source assertion, synthetic identity or local development endpoint; no production provider claim.",True,False,False,False
scripts/production-startup.behavior.test.mjs,5,arkesel,C,"Test fixture, source assertion, synthetic identity or local development endpoint; no production provider claim.",True,False,False,False
scripts/production-startup.behavior.test.mjs,5,ARKESEL,C,"Test fixture, source assertion, synthetic identity or local development endpoint; no production provider claim.",True,False,False,False
scripts/production-startup.behavior.test.mjs,5,CLOUDFLARE,C,"Test fixture, source assertion, synthetic identity or local development endpoint; no production provider claim.",True,False,False,False
scripts/production-startup.behavior.test.mjs,5,GEOAPIFY,C,"Test fixture, source assertion, synthetic identity or local development endpoint; no production provider claim.",True,False,False,False
scripts/production-startup.behavior.test.mjs,5,geoapify,C,"Test fixture, source assertion, synthetic identity or local development endpoint; no production provider claim.",True,False,False,False
scripts/production-startup.behavior.test.mjs,5,https://courier.example.com/quote,C,"Test fixture, source assertion, synthetic identity or local development endpoint; no production provider claim.",True,False,False,False
scripts/production-startup.behavior.test.mjs,5,https://market.example.invalid,C,"Test fixture, source assertion, synthetic identity or local development endpoint; no production provider claim.",True,False,False,False
scripts/production-startup.behavior.test.mjs,5,https://redis.example.invalid,C,"Test fixture, source assertion, synthetic identity or local development endpoint; no production provider claim.",True,False,False,False
scripts/production-startup.behavior.test.mjs,5,paystack,C,"Test fixture, source assertion, synthetic identity or local development endpoint; no production provider claim.",True,False,False,False
scripts/production-startup.behavior.test.mjs,5,PAYSTACK,C,"Test fixture, source assertion, synthetic identity or local development endpoint; no production provider claim.",True,False,False,False
scripts/production-startup.behavior.test.mjs,5,r2,C,"Test fixture, source assertion, synthetic identity or local development endpoint; no production provider claim.",True,False,False,False
scripts/production-startup.behavior.test.mjs,5,REDIS,C,"Test fixture, source assertion, synthetic identity or local development endpoint; no production provider claim.",True,False,False,False
scripts/production-startup.behavior.test.mjs,5,RENDER,C,"Test fixture, source assertion, synthetic identity or local development endpoint; no production provider claim.",True,False,False,False
scripts/production-startup.behavior.test.mjs,5,resend,C,"Test fixture, source assertion, synthetic identity or local development endpoint; no production provider claim.",True,False,False,False
scripts/production-startup.behavior.test.mjs,5,RESEND,C,"Test fixture, source assertion, synthetic identity or local development endpoint; no production provider claim.",True,False,False,False
scripts/production-startup.behavior.test.mjs,9,redis,C,"Test fixture, source assertion, synthetic identity or local development endpoint; no production provider claim.",True,False,False,False
scripts/production-startup.behavior.test.mjs,9,REDIS,C,"Test fixture, source assertion, synthetic identity or local development endpoint; no production provider claim.",True,False,False,False
scripts/production-startup.behavior.test.mjs,9,RENDER,C,"Test fixture, source assertion, synthetic identity or local development endpoint; no production provider claim.",True,False,False,False
scripts/production-startup.behavior.test.mjs,10,REDIS,C,"Test fixture, source assertion, synthetic identity or local development endpoint; no production provider claim.",True,False,False,False
scripts/production-startup.behavior.test.mjs,14,redis,C,"Test fixture, source assertion, synthetic identity or local development endpoint; no production provider claim.",True,False,False,False
scripts/production-startup.behavior.test.mjs,14,REDIS,C,"Test fixture, source assertion, synthetic identity or local development endpoint; no production provider claim.",True,False,False,False
scripts/production-startup.behavior.test.mjs,14,render,C,"Test fixture, source assertion, synthetic identity or local development endpoint; no production provider claim.",True,False,False,False
scripts/production-startup.behavior.test.mjs,14,RENDER,C,"Test fixture, source assertion, synthetic identity or local development endpoint; no production provider claim.",True,False,False,False
scripts/production-startup.behavior.test.mjs,15,REDIS,C,"Test fixture, source assertion, synthetic identity or local development endpoint; no production provider claim.",True,False,False,False
scripts/production-startup.behavior.test.mjs,17,RENDER,C,"Test fixture, source assertion, synthetic identity or local development endpoint; no production provider claim.",True,False,False,False
scripts/production-startup.behavior.test.mjs,18,PAYSTACK,C,"Test fixture, source assertion, synthetic identity or local development endpoint; no production provider claim.",True,False,False,False
scripts/production-startup.behavior.test.mjs,18,redis,C,"Test fixture, source assertion, synthetic identity or local development endpoint; no production provider claim.",True,False,False,False
scripts/production-startup.behavior.test.mjs,18,REDIS,C,"Test fixture, source assertion, synthetic identity or local development endpoint; no production provider claim.",True,False,False,False
scripts/production-startup.behavior.test.mjs,22,render,C,"Test fixture, source assertion, synthetic identity or local development endpoint; no production provider claim.",True,False,False,False
scripts/production-startup.behavior.test.mjs,22,RENDER,C,"Test fixture, source assertion, synthetic identity or local development endpoint; no production provider claim.",True,False,False,False
scripts/production-startup.behavior.test.mjs,24,render,C,"Test fixture, source assertion, synthetic identity or local development endpoint; no production provider claim.",True,False,False,False
scripts/production-startup.behavior.test.mjs,24,RENDER,C,"Test fixture, source assertion, synthetic identity or local development endpoint; no production provider claim.",True,False,False,False
scripts/production-startup.behavior.test.mjs,25,RENDER,C,"Test fixture, source assertion, synthetic identity or local development endpoint; no production provider claim.",True,False,False,False
scripts/production-startup.behavior.test.mjs,38,https://synthetic.invalid,C,"Test fixture, source assertion, synthetic identity or local development endpoint; no production provider claim.",True,False,False,False
scripts/provider-architecture.behavior.test.mjs,9,https://courier.example.com/quote,C,"Test fixture, source assertion, synthetic identity or local development endpoint; no production provider claim.",True,False,False,False
scripts/provider-architecture.behavior.test.mjs,10,https://objects.example.com,C,"Test fixture, source assertion, synthetic identity or local development endpoint; no production provider claim.",True,False,False,False
scripts/provider-architecture.behavior.test.mjs,10,s3,C,"Test fixture, source assertion, synthetic identity or local development endpoint; no production provider claim.",True,False,False,False
scripts/provider-architecture.behavior.test.mjs,11,geoapify,C,"Test fixture, source assertion, synthetic identity or local development endpoint; no production provider claim.",True,False,False,False
scripts/provider-architecture.behavior.test.mjs,11,GEOAPIFY,C,"Test fixture, source assertion, synthetic identity or local development endpoint; no production provider claim.",True,False,False,False
scripts/provider-architecture.behavior.test.mjs,11,RESEND,C,"Test fixture, source assertion, synthetic identity or local development endpoint; no production provider claim.",True,False,False,False
scripts/provider-architecture.behavior.test.mjs,11,resend,C,"Test fixture, source assertion, synthetic identity or local development endpoint; no production provider claim.",True,False,False,False
scripts/provider-architecture.behavior.test.mjs,12,arkesel,C,"Test fixture, source assertion, synthetic identity or local development endpoint; no production provider claim.",True,False,False,False
scripts/provider-architecture.behavior.test.mjs,12,ARKESEL,C,"Test fixture, source assertion, synthetic identity or local development endpoint; no production provider claim.",True,False,False,False
scripts/provider-architecture.behavior.test.mjs,13,paystack,C,"Test fixture, source assertion, synthetic identity or local development endpoint; no production provider claim.",True,False,False,False
scripts/provider-architecture.behavior.test.mjs,16,FCM,C,"Test fixture, source assertion, synthetic identity or local development endpoint; no production provider claim.",True,False,False,False
scripts/provider-architecture.behavior.test.mjs,16,Fylings,C,"Test fixture, source assertion, synthetic identity or local development endpoint; no production provider claim.",True,False,False,False
scripts/provider-architecture.behavior.test.mjs,16,Hubtel,C,"Test fixture, source assertion, synthetic identity or local development endpoint; no production provider claim.",True,False,False,False
scripts/provider-architecture.behavior.test.mjs,16,R2,C,"Test fixture, source assertion, synthetic identity or local development endpoint; no production provider claim.",True,False,False,False
scripts/provider-architecture.behavior.test.mjs,18,CLOUDFLARE,C,"Test fixture, source assertion, synthetic identity or local development endpoint; no production provider claim.",True,False,False,False
scripts/provider-architecture.behavior.test.mjs,18,FCM,C,"Test fixture, source assertion, synthetic identity or local development endpoint; no production provider claim.",True,False,False,False
scripts/provider-architecture.behavior.test.mjs,18,FYLINGS,C,"Test fixture, source assertion, synthetic identity or local development endpoint; no production provider claim.",True,False,False,False
scripts/provider-architecture.behavior.test.mjs,18,HUBTEL,C,"Test fixture, source assertion, synthetic identity or local development endpoint; no production provider claim.",True,False,False,False
scripts/provider-architecture.behavior.test.mjs,18,PAYSTACK,C,"Test fixture, source assertion, synthetic identity or local development endpoint; no production provider claim.",True,False,False,False
scripts/provider-architecture.behavior.test.mjs,22,https://attacker.invalid/module,C,"Test fixture, source assertion, synthetic identity or local development endpoint; no production provider claim.",True,False,False,False
scripts/provider-architecture.behavior.test.mjs,31,RESEND,C,"Test fixture, source assertion, synthetic identity or local development endpoint; no production provider claim.",True,False,False,False
scripts/provider-architecture.behavior.test.mjs,32,RESEND,C,"Test fixture, source assertion, synthetic identity or local development endpoint; no production provider claim.",True,False,False,False
scripts/provider-architecture.behavior.test.mjs,32,resend,C,"Test fixture, source assertion, synthetic identity or local development endpoint; no production provider claim.",True,False,False,False
scripts/provider-architecture.behavior.test.mjs,34,Hubtel,C,"Test fixture, source assertion, synthetic identity or local development endpoint; no production provider claim.",True,False,False,False
scripts/provider-architecture.behavior.test.mjs,34,Paystack,C,"Test fixture, source assertion, synthetic identity or local development endpoint; no production provider claim.",True,False,False,False
scripts/provider-architecture.behavior.test.mjs,35,hubtel,C,"Test fixture, source assertion, synthetic identity or local development endpoint; no production provider claim.",True,False,False,False
scripts/provider-architecture.behavior.test.mjs,50,https://objects.example.com,C,"Test fixture, source assertion, synthetic identity or local development endpoint; no production provider claim.",True,False,False,False
scripts/provider-architecture.behavior.test.mjs,51,fcm,C,"Test fixture, source assertion, synthetic identity or local development endpoint; no production provider claim.",True,False,False,False
scripts/provider-architecture.behavior.test.mjs,51,geoapify,C,"Test fixture, source assertion, synthetic identity or local development endpoint; no production provider claim.",True,False,False,False
scripts/provider-architecture.behavior.test.mjs,51,paystack,C,"Test fixture, source assertion, synthetic identity or local development endpoint; no production provider claim.",True,False,False,False
scripts/provider-architecture.behavior.test.mjs,52,fcm,C,"Test fixture, source assertion, synthetic identity or local development endpoint; no production provider claim.",True,False,False,False
scripts/provider-architecture.behavior.test.mjs,52,https://www.gstatic.com,C,"Test fixture, source assertion, synthetic identity or local development endpoint; no production provider claim.",True,False,False,False
scripts/provider-architecture.behavior.test.mjs,53,https://*.example.com,C,"Test fixture, source assertion, synthetic identity or local development endpoint; no production provider claim.",True,False,False,False
scripts/provider-architecture.behavior.test.mjs,53,https://127.0.0.1,C,"Test fixture, source assertion, synthetic identity or local development endpoint; no production provider claim.",True,False,False,False
scripts/provider-architecture.behavior.test.mjs,53,https://api.example.com,C,"Test fixture, source assertion, synthetic identity or local development endpoint; no production provider claim.",True,False,False,False
scripts/provider-architecture.behavior.test.mjs,53,https://example.com/path,C,"Test fixture, source assertion, synthetic identity or local development endpoint; no production provider claim.",True,False,False,False
scripts/provider-architecture.behavior.test.mjs,53,https://user:secret@example.com,C,"Test fixture, source assertion, synthetic identity or local development endpoint; no production provider claim.",True,False,False,False
scripts/provider-architecture.behavior.test.mjs,67,S3,C,"Test fixture, source assertion, synthetic identity or local development endpoint; no production provider claim.",True,False,False,False
scripts/provider-architecture.behavior.test.mjs,68,s3,C,"Test fixture, source assertion, synthetic identity or local development endpoint; no production provider claim.",True,False,False,False
scripts/provider-architecture.behavior.test.mjs,76,aws4,C,"Test fixture, source assertion, synthetic identity or local development endpoint; no production provider claim.",True,False,False,False
scripts/provider-architecture.behavior.test.mjs,76,s3,C,"Test fixture, source assertion, synthetic identity or local development endpoint; no production provider claim.",True,False,False,False
scripts/provider-architecture.behavior.test.mjs,84,http://example.com,C,"Test fixture, source assertion, synthetic identity or local development endpoint; no production provider claim.",True,False,False,False
scripts/provider-architecture.behavior.test.mjs,84,https://10.0.0.1,C,"Test fixture, source assertion, synthetic identity or local development endpoint; no production provider claim.",True,False,False,False
scripts/provider-architecture.behavior.test.mjs,84,https://127.0.0.1,C,"Test fixture, source assertion, synthetic identity or local development endpoint; no production provider claim.",True,False,False,False
scripts/provider-architecture.behavior.test.mjs,84,https://169.254.169.254,C,"Test fixture, source assertion, synthetic identity or local development endpoint; no production provider claim.",True,False,False,False
scripts/provider-architecture.behavior.test.mjs,84,https://[::1],C,"Test fixture, source assertion, synthetic identity or local development endpoint; no production provider claim.",True,False,False,False
scripts/provider-architecture.behavior.test.mjs,84,https://user:pass@example.com,C,"Test fixture, source assertion, synthetic identity or local development endpoint; no production provider claim.",True,False,False,False
scripts/provider-architecture.behavior.test.mjs,85,fylings,C,"Test fixture, source assertion, synthetic identity or local development endpoint; no production provider claim.",True,False,False,False
scripts/provider-architecture.behavior.test.mjs,85,s3,C,"Test fixture, source assertion, synthetic identity or local development endpoint; no production provider claim.",True,False,False,False
scripts/provider-architecture.behavior.test.mjs,91,arkesel,C,"Test fixture, source assertion, synthetic identity or local development endpoint; no production provider claim.",True,False,False,False
scripts/provider-architecture.behavior.test.mjs,91,cloudflare,C,"Test fixture, source assertion, synthetic identity or local development endpoint; no production provider claim.",True,False,False,False
scripts/provider-architecture.behavior.test.mjs,91,fcm,C,"Test fixture, source assertion, synthetic identity or local development endpoint; no production provider claim.",True,False,False,False
scripts/provider-architecture.behavior.test.mjs,91,firebase,C,"Test fixture, source assertion, synthetic identity or local development endpoint; no production provider claim.",True,False,False,False
scripts/provider-architecture.behavior.test.mjs,91,fylings,C,"Test fixture, source assertion, synthetic identity or local development endpoint; no production provider claim.",True,False,False,False
scripts/provider-architecture.behavior.test.mjs,91,geoapify,C,"Test fixture, source assertion, synthetic identity or local development endpoint; no production provider claim.",True,False,False,False
scripts/provider-architecture.behavior.test.mjs,91,hubtel,C,"Test fixture, source assertion, synthetic identity or local development endpoint; no production provider claim.",True,False,False,False
scripts/provider-architecture.behavior.test.mjs,91,paystack,C,"Test fixture, source assertion, synthetic identity or local development endpoint; no production provider claim.",True,False,False,False
scripts/provider-architecture.behavior.test.mjs,91,resend,C,"Test fixture, source assertion, synthetic identity or local development endpoint; no production provider claim.",True,False,False,False
scripts/provider-architecture.behavior.test.mjs,96,s3,C,"Test fixture, source assertion, synthetic identity or local development endpoint; no production provider claim.",True,False,False,False
scripts/provider-architecture.behavior.test.mjs,99,https://objects.example.com,C,"Test fixture, source assertion, synthetic identity or local development endpoint; no production provider claim.",True,False,False,False
scripts/provider-database.integration.test.mjs,14,arkesel,C,"Test fixture, source assertion, synthetic identity or local development endpoint; no production provider claim.",True,False,False,False
scripts/provider-database.integration.test.mjs,14,fcm,C,"Test fixture, source assertion, synthetic identity or local development endpoint; no production provider claim.",True,False,False,False
scripts/provider-database.integration.test.mjs,14,fylings,C,"Test fixture, source assertion, synthetic identity or local development endpoint; no production provider claim.",True,False,False,False
scripts/provider-database.integration.test.mjs,14,geoapify,C,"Test fixture, source assertion, synthetic identity or local development endpoint; no production provider claim.",True,False,False,False
scripts/provider-database.integration.test.mjs,14,hubtel,C,"Test fixture, source assertion, synthetic identity or local development endpoint; no production provider claim.",True,False,False,False
scripts/provider-database.integration.test.mjs,14,paystack,C,"Test fixture, source assertion, synthetic identity or local development endpoint; no production provider claim.",True,False,False,False
scripts/provider-database.integration.test.mjs,14,resend,C,"Test fixture, source assertion, synthetic identity or local development endpoint; no production provider claim.",True,False,False,False
scripts/provider-held-fund-release.contract.test.mjs,5,paystack,C,"Test fixture, source assertion, synthetic identity or local development endpoint; no production provider claim.",True,False,False,False
scripts/provider-neutral-driver-registry.test.mjs,9,Hubtel,C,"Test fixture, source assertion, synthetic identity or local development endpoint; no production provider claim.",True,False,False,False
scripts/provider-neutral-driver-registry.test.mjs,9,Motito,C,"Test fixture, source assertion, synthetic identity or local development endpoint; no production provider claim.",True,False,False,False
scripts/provider-neutral-driver-registry.test.mjs,9,Paystack,C,"Test fixture, source assertion, synthetic identity or local development endpoint; no production provider claim.",True,False,False,False
scripts/provider-neutral-driver-registry.test.mjs,9,paystack,C,"Test fixture, source assertion, synthetic identity or local development endpoint; no production provider claim.",True,False,False,False
scripts/provider-neutral-driver-registry.test.mjs,10,paystack,C,"Test fixture, source assertion, synthetic identity or local development endpoint; no production provider claim.",True,False,False,False
scripts/provider-neutral-driver-registry.test.mjs,20,paystack,C,"Test fixture, source assertion, synthetic identity or local development endpoint; no production provider claim.",True,False,False,False
scripts/provider-neutral-driver-registry.test.mjs,21,paystack,C,"Test fixture, source assertion, synthetic identity or local development endpoint; no production provider claim.",True,False,False,False
scripts/provider-runtime-database.integration.test.mjs,15,paystack,C,"Test fixture, source assertion, synthetic identity or local development endpoint; no production provider claim.",True,False,False,False
scripts/provider-runtime-database.integration.test.mjs,20,paystack,C,"Test fixture, source assertion, synthetic identity or local development endpoint; no production provider claim.",True,False,False,False
scripts/provider-runtime-database.integration.test.mjs,22,paystack,C,"Test fixture, source assertion, synthetic identity or local development endpoint; no production provider claim.",True,False,False,False
scripts/provider-runtime-database.integration.test.mjs,26,paystack,C,"Test fixture, source assertion, synthetic identity or local development endpoint; no production provider claim.",True,False,False,False
scripts/public-launch-database.integration.test.mjs,235,arkesel,C,"Test fixture, source assertion, synthetic identity or local development endpoint; no production provider claim.",True,False,False,False
scripts/public-launch-database.integration.test.mjs,351,https://example.test/api/mobile/profile,C,"Test fixture, source assertion, synthetic identity or local development endpoint; no production provider claim.",True,False,False,False
scripts/public-launch-database.integration.test.mjs,639,https://example.invalid/api/internal/brand-integration-worker,C,"Test fixture, source assertion, synthetic identity or local development endpoint; no production provider claim.",True,False,False,False
scripts/public-launch-database.integration.test.mjs,692,https://example.invalid,C,"Test fixture, source assertion, synthetic identity or local development endpoint; no production provider claim.",True,False,False,False
scripts/public-launch-security.behavior.test.mjs,12,https://example.test,C,"Test fixture, source assertion, synthetic identity or local development endpoint; no production provider claim.",True,False,False,False
scripts/public-launch-security.behavior.test.mjs,60,Vercel,C,"Test fixture, source assertion, synthetic identity or local development endpoint; no production provider claim.",True,False,False,False
scripts/public-launch-security.behavior.test.mjs,66,VERCEL,C,"Test fixture, source assertion, synthetic identity or local development endpoint; no production provider claim.",True,False,False,False
scripts/public-launch-security.behavior.test.mjs,67,REDIS,C,"Test fixture, source assertion, synthetic identity or local development endpoint; no production provider claim.",True,False,False,False
scripts/public-launch-security.behavior.test.mjs,79,redis,C,"Test fixture, source assertion, synthetic identity or local development endpoint; no production provider claim.",True,False,False,False
scripts/public-launch-security.behavior.test.mjs,85,https://example.test,C,"Test fixture, source assertion, synthetic identity or local development endpoint; no production provider claim.",True,False,False,False
scripts/public-launch-security.behavior.test.mjs,86,vercel,C,"Test fixture, source assertion, synthetic identity or local development endpoint; no production provider claim.",True,False,False,False
scripts/public-launch-security.behavior.test.mjs,91,VERCEL,C,"Test fixture, source assertion, synthetic identity or local development endpoint; no production provider claim.",True,False,False,False
scripts/public-launch-security.behavior.test.mjs,94,VERCEL,C,"Test fixture, source assertion, synthetic identity or local development endpoint; no production provider claim.",True,False,False,False
scripts/public-launch-security.behavior.test.mjs,96,https://example.test,C,"Test fixture, source assertion, synthetic identity or local development endpoint; no production provider claim.",True,False,False,False
scripts/public-launch-security.behavior.test.mjs,133,https://example.test${path,C,"Test fixture, source assertion, synthetic identity or local development endpoint; no production provider claim.",True,False,False,False
scripts/public-launch-security.behavior.test.mjs,149,https://example.test/other,C,"Test fixture, source assertion, synthetic identity or local development endpoint; no production provider claim.",True,False,False,False
scripts/public-launch-security.behavior.test.mjs,173,https://example.test/api/internal/enterprise-order-outbox,C,"Test fixture, source assertion, synthetic identity or local development endpoint; no production provider claim.",True,False,False,False
scripts/public-launch-security.behavior.test.mjs,189,https://example.test/api/internal/enterprise-order-outbox,C,"Test fixture, source assertion, synthetic identity or local development endpoint; no production provider claim.",True,False,False,False
scripts/public-launch-security.behavior.test.mjs,190,vercel,C,"Test fixture, source assertion, synthetic identity or local development endpoint; no production provider claim.",True,False,False,False
scripts/public-launch-security.behavior.test.mjs,212,https://example.test/api/enterprise/catalog/webhook?merchantId=m,C,"Test fixture, source assertion, synthetic identity or local development endpoint; no production provider claim.",True,False,False,False
scripts/public-launch-security.behavior.test.mjs,238,https://example.test,C,"Test fixture, source assertion, synthetic identity or local development endpoint; no production provider claim.",True,False,False,False
scripts/r2-storage-contract.test.mjs,8,R2,C,"Test fixture, source assertion, synthetic identity or local development endpoint; no production provider claim.",True,False,False,False
scripts/r2-storage-contract.test.mjs,9,s3,C,"Test fixture, source assertion, synthetic identity or local development endpoint; no production provider claim.",True,False,False,False
scripts/r2-storage-contract.test.mjs,20,Cloudflare,C,"Test fixture, source assertion, synthetic identity or local development endpoint; no production provider claim.",True,False,False,False
scripts/r2-storage-contract.test.mjs,20,R2,C,"Test fixture, source assertion, synthetic identity or local development endpoint; no production provider claim.",True,False,False,False
scripts/r2-storage-contract.test.mjs,21,s3,C,"Test fixture, source assertion, synthetic identity or local development endpoint; no production provider claim.",True,False,False,False
scripts/r2-storage-contract.test.mjs,23,r2,C,"Test fixture, source assertion, synthetic identity or local development endpoint; no production provider claim.",True,False,False,False
scripts/r2-storage-contract.test.mjs,33,R2,C,"Test fixture, source assertion, synthetic identity or local development endpoint; no production provider claim.",True,False,False,False
scripts/r2-storage-contract.test.mjs,35,CLOUDFLARE,C,"Test fixture, source assertion, synthetic identity or local development endpoint; no production provider claim.",True,False,False,False
scripts/r2-storage-contract.test.mjs,36,CLOUDFLARE,C,"Test fixture, source assertion, synthetic identity or local development endpoint; no production provider claim.",True,False,False,False
scripts/real-world-provider-held-hardening.contract.test.mjs,16,paystack,C,"Test fixture, source assertion, synthetic identity or local development endpoint; no production provider claim.",True,False,False,False
scripts/real-world-provider-held-hardening.contract.test.mjs,28,paystack,C,"Test fixture, source assertion, synthetic identity or local development endpoint; no production provider claim.",True,False,False,False
scripts/real-world-provider-held-hardening.contract.test.mjs,35,paystack,C,"Test fixture, source assertion, synthetic identity or local development endpoint; no production provider claim.",True,False,False,False
scripts/resend-email-otp.test.mjs,8,Resend,C,"Test fixture, source assertion, synthetic identity or local development endpoint; no production provider claim.",True,False,False,False
scripts/resend-email-otp.test.mjs,9,resend,C,"Test fixture, source assertion, synthetic identity or local development endpoint; no production provider claim.",True,False,False,False
scripts/resend-email-otp.test.mjs,10,resend,C,"Test fixture, source assertion, synthetic identity or local development endpoint; no production provider claim.",True,False,False,False
scripts/resend-email-otp.test.mjs,11,RESEND,C,"Test fixture, source assertion, synthetic identity or local development endpoint; no production provider claim.",True,False,False,False
scripts/resend-email-otp.test.mjs,12,RESEND,C,"Test fixture, source assertion, synthetic identity or local development endpoint; no production provider claim.",True,False,False,False
scripts/resend-email-otp.test.mjs,25,resend,C,"Test fixture, source assertion, synthetic identity or local development endpoint; no production provider claim.",True,False,False,False
scripts/resend-email-otp.test.mjs,29,RESEND,C,"Test fixture, source assertion, synthetic identity or local development endpoint; no production provider claim.",True,False,False,False
scripts/resend-email-otp.test.mjs,34,Resend,C,"Test fixture, source assertion, synthetic identity or local development endpoint; no production provider claim.",True,False,False,False
scripts/resend-email-otp.test.mjs,36,RESEND,C,"Test fixture, source assertion, synthetic identity or local development endpoint; no production provider claim.",True,False,False,False
scripts/resend-email-otp.test.mjs,36,Resend,C,"Test fixture, source assertion, synthetic identity or local development endpoint; no production provider claim.",True,False,False,False
scripts/resend-email-otp.test.mjs,51,Resend,C,"Test fixture, source assertion, synthetic identity or local development endpoint; no production provider claim.",True,False,False,False
scripts/resend-email-otp.test.mjs,52,resend,C,"Test fixture, source assertion, synthetic identity or local development endpoint; no production provider claim.",True,False,False,False
scripts/search-v2-cto.contract.test.mjs,83,Redis,C,"Test fixture, source assertion, synthetic identity or local development endpoint; no production provider claim.",True,False,False,False
scripts/search-v2-cto.contract.test.mjs,85,REDIS,C,"Test fixture, source assertion, synthetic identity or local development endpoint; no production provider claim.",True,False,False,False
scripts/search-v2-cto.contract.test.mjs,86,REDIS,C,"Test fixture, source assertion, synthetic identity or local development endpoint; no production provider claim.",True,False,False,False
scripts/search-v2-security.contract.test.mjs,83,Redis,C,"Test fixture, source assertion, synthetic identity or local development endpoint; no production provider claim.",True,False,False,False
scripts/search-v2-security.contract.test.mjs,85,REDIS,C,"Test fixture, source assertion, synthetic identity or local development endpoint; no production provider claim.",True,False,False,False
scripts/search-v2-security.contract.test.mjs,86,REDIS,C,"Test fixture, source assertion, synthetic identity or local development endpoint; no production provider claim.",True,False,False,False
scripts/security-hardening-regression.test.mjs,38,paystack,C,"Test fixture, source assertion, synthetic identity or local development endpoint; no production provider claim.",True,False,False,False
scripts/security-hardening-regression.test.mjs,41,paystack,C,"Test fixture, source assertion, synthetic identity or local development endpoint; no production provider claim.",True,False,False,False
scripts/security-hardening-regression.test.mjs,42,paystack,C,"Test fixture, source assertion, synthetic identity or local development endpoint; no production provider claim.",True,False,False,False
scripts/start.mjs,16,vercel,B,Configured local service/health endpoint; not an external provider dependency.,True,False,False,False
scripts/start.mjs,17,vercel,B,Configured local service/health endpoint; not an external provider dependency.,True,False,False,False
scripts/storage-560kb-security.test.mjs,23,s3,C,"Test fixture, source assertion, synthetic identity or local development endpoint; no production provider claim.",True,False,False,False
scripts/storage-break-vectors.test.mjs,6,s3,C,"Test fixture, source assertion, synthetic identity or local development endpoint; no production provider claim.",True,False,False,False
scripts/validate-startup-env.mjs,6,VERCEL,B,"Deployment-owned static registry, browser policy, build configuration or validator; no user-controlled module import.",True,False,False,False
scripts/validate-startup-env.mjs,17,VERCEL,B,"Deployment-owned static registry, browser policy, build configuration or validator; no user-controlled module import.",True,False,False,False
scripts/validate-startup-env.mjs,21,REDIS,B,"Deployment-owned static registry, browser policy, build configuration or validator; no user-controlled module import.",True,False,False,False
scripts/validate-startup-env.mjs,27,RENDER,B,"Deployment-owned static registry, browser policy, build configuration or validator; no user-controlled module import.",True,False,False,False
scripts/validate-startup-env.mjs,31,Render,B,"Deployment-owned static registry, browser policy, build configuration or validator; no user-controlled module import.",True,False,False,False
scripts/validate-startup-env.mjs,34,Render,B,"Deployment-owned static registry, browser policy, build configuration or validator; no user-controlled module import.",True,False,False,False
scripts/validate-startup-env.mjs,36,REDIS,B,"Deployment-owned static registry, browser policy, build configuration or validator; no user-controlled module import.",True,False,False,False
scripts/validate-startup-env.mjs,43,Redis,B,"Deployment-owned static registry, browser policy, build configuration or validator; no user-controlled module import.",True,False,False,False
scripts/validate-startup-env.mjs,43,REDIS,B,"Deployment-owned static registry, browser policy, build configuration or validator; no user-controlled module import.",True,False,False,False
scripts/validate-startup-env.mjs,44,redis,B,"Deployment-owned static registry, browser policy, build configuration or validator; no user-controlled module import.",True,False,False,False
scripts/validate-startup-env.mjs,46,Redis,B,"Deployment-owned static registry, browser policy, build configuration or validator; no user-controlled module import.",True,False,False,False
scripts/validate-startup-env.mjs,46,REDIS,B,"Deployment-owned static registry, browser policy, build configuration or validator; no user-controlled module import.",True,False,False,False
scripts/validate-startup-env.mjs,47,redis,B,"Deployment-owned static registry, browser policy, build configuration or validator; no user-controlled module import.",True,False,False,False
scripts/validate-startup-env.mjs,48,redis,B,"Deployment-owned static registry, browser policy, build configuration or validator; no user-controlled module import.",True,False,False,False
scripts/validate-startup-env.mjs,48,Render,B,"Deployment-owned static registry, browser policy, build configuration or validator; no user-controlled module import.",True,False,False,False
scripts/validate-startup-env.mjs,49,RENDER,B,"Deployment-owned static registry, browser policy, build configuration or validator; no user-controlled module import.",True,False,False,False
scripts/validate-startup-env.mjs,49,Render,B,"Deployment-owned static registry, browser policy, build configuration or validator; no user-controlled module import.",True,False,False,False
scripts/validate-startup-env.mjs,52,redis,B,"Deployment-owned static registry, browser policy, build configuration or validator; no user-controlled module import.",True,False,False,False
scripts/validate-startup-env.mjs,52,Redis,B,"Deployment-owned static registry, browser policy, build configuration or validator; no user-controlled module import.",True,False,False,False
scripts/validate-startup-env.mjs,52,Render,B,"Deployment-owned static registry, browser policy, build configuration or validator; no user-controlled module import.",True,False,False,False
scripts/validate-startup-env.mjs,55,redis,B,"Deployment-owned static registry, browser policy, build configuration or validator; no user-controlled module import.",True,False,False,False
scripts/validate-startup-env.mjs,55,REDIS,B,"Deployment-owned static registry, browser policy, build configuration or validator; no user-controlled module import.",True,False,False,False
scripts/validate-startup-env.mjs,55,Render,B,"Deployment-owned static registry, browser policy, build configuration or validator; no user-controlled module import.",True,False,False,False
scripts/validate-startup-env.mjs,63,REDIS,B,"Deployment-owned static registry, browser policy, build configuration or validator; no user-controlled module import.",True,False,False,False
src/lib/auth/email/email-otp.server.ts,8,RESEND,H,"Ordinary resend-code action/cooldown, not a reference to the Resend service.",True,False,False,False
src/lib/auth/email/email-otp.server.ts,88,RESEND,H,"Ordinary resend-code action/cooldown, not a reference to the Resend service.",True,False,False,False
src/lib/auth/email/email-otp.server.ts,111,RESEND,H,"Ordinary resend-code action/cooldown, not a reference to the Resend service.",True,False,False,False
src/lib/auth/email/providers/resend-webhook.server.ts,26,Resend,A,"Real provider/protocol implementation; credentials, wire format, signing or attribution belongs to this adapter. Live-provider certification remains outstanding.",True,True,False,False
src/lib/auth/email/providers/resend-webhook.server.ts,28,RESEND,A,"Real provider/protocol implementation; credentials, wire format, signing or attribution belongs to this adapter. Live-provider certification remains outstanding.",True,True,False,False
src/lib/auth/email/providers/resend-webhook.server.ts,29,RESEND,A,"Real provider/protocol implementation; credentials, wire format, signing or attribution belongs to this adapter. Live-provider certification remains outstanding.",True,True,False,False
src/lib/auth/email/providers/resend-webhook.server.ts,30,Resend,A,"Real provider/protocol implementation; credentials, wire format, signing or attribution belongs to this adapter. Live-provider certification remains outstanding.",True,True,False,False
src/lib/auth/email/providers/resend-webhook.server.ts,33,Resend,A,"Real provider/protocol implementation; credentials, wire format, signing or attribution belongs to this adapter. Live-provider certification remains outstanding.",True,True,False,False
src/lib/auth/email/providers/resend-webhook.server.ts,34,Resend,A,"Real provider/protocol implementation; credentials, wire format, signing or attribution belongs to this adapter. Live-provider certification remains outstanding.",True,True,False,False
src/lib/auth/email/providers/resend.server.ts,1,resend,A,"Real provider/protocol implementation; credentials, wire format, signing or attribution belongs to this adapter. Live-provider certification remains outstanding.",True,True,False,False
src/lib/auth/email/providers/resend.server.ts,1,Resend,A,"Real provider/protocol implementation; credentials, wire format, signing or attribution belongs to this adapter. Live-provider certification remains outstanding.",True,True,False,False
src/lib/auth/email/providers/resend.server.ts,4,https://api.resend.com/emails,A,"Real provider/protocol implementation; credentials, wire format, signing or attribution belongs to this adapter. Live-provider certification remains outstanding.",True,True,False,False
src/lib/auth/email/providers/resend.server.ts,4,RESEND,A,"Real provider/protocol implementation; credentials, wire format, signing or attribution belongs to this adapter. Live-provider certification remains outstanding.",True,True,False,False
src/lib/auth/email/providers/resend.server.ts,17,Resend,A,"Real provider/protocol implementation; credentials, wire format, signing or attribution belongs to this adapter. Live-provider certification remains outstanding.",True,True,False,False
src/lib/auth/email/providers/resend.server.ts,18,resend,A,"Real provider/protocol implementation; credentials, wire format, signing or attribution belongs to this adapter. Live-provider certification remains outstanding.",True,True,False,False
src/lib/auth/email/providers/resend.server.ts,19,Resend,A,"Real provider/protocol implementation; credentials, wire format, signing or attribution belongs to this adapter. Live-provider certification remains outstanding.",True,True,False,False
src/lib/auth/email/providers/resend.server.ts,22,RESEND,A,"Real provider/protocol implementation; credentials, wire format, signing or attribution belongs to this adapter. Live-provider certification remains outstanding.",True,True,False,False
src/lib/auth/email/providers/resend.server.ts,23,RESEND,A,"Real provider/protocol implementation; credentials, wire format, signing or attribution belongs to this adapter. Live-provider certification remains outstanding.",True,True,False,False
src/lib/auth/email/providers/resend.server.ts,24,RESEND,A,"Real provider/protocol implementation; credentials, wire format, signing or attribution belongs to this adapter. Live-provider certification remains outstanding.",True,True,False,False
src/lib/auth/email/providers/resend.server.ts,37,RESEND,A,"Real provider/protocol implementation; credentials, wire format, signing or attribution belongs to this adapter. Live-provider certification remains outstanding.",True,True,False,False
src/lib/auth/email/providers/resend.server.ts,67,Resend,A,"Real provider/protocol implementation; credentials, wire format, signing or attribution belongs to this adapter. Live-provider certification remains outstanding.",True,True,False,False
src/lib/auth/email/providers/resend.server.ts,82,Resend,A,"Real provider/protocol implementation; credentials, wire format, signing or attribution belongs to this adapter. Live-provider certification remains outstanding.",True,True,False,False
src/lib/auth/email/providers/resend.server.ts,86,Resend,A,"Real provider/protocol implementation; credentials, wire format, signing or attribution belongs to this adapter. Live-provider certification remains outstanding.",True,True,False,False
src/lib/auth/email/providers/resend.server.ts,88,Resend,A,"Real provider/protocol implementation; credentials, wire format, signing or attribution belongs to this adapter. Live-provider certification remains outstanding.",True,True,False,False
src/lib/auth/email/providers/resend.server.ts,89,Resend,A,"Real provider/protocol implementation; credentials, wire format, signing or attribution belongs to this adapter. Live-provider certification remains outstanding.",True,True,False,False
src/lib/auth/email/registry.server.ts,3,resend,B,"Deployment-owned static registry, browser policy, build configuration or validator; no user-controlled module import.",True,False,False,False
src/lib/auth/email/registry.server.ts,3,Resend,B,"Deployment-owned static registry, browser policy, build configuration or validator; no user-controlled module import.",True,False,False,False
src/lib/auth/email/registry.server.ts,4,resend,B,"Deployment-owned static registry, browser policy, build configuration or validator; no user-controlled module import.",True,False,False,False
src/lib/auth/email/registry.server.ts,4,Resend,B,"Deployment-owned static registry, browser policy, build configuration or validator; no user-controlled module import.",True,False,False,False
src/lib/auth/otp/otp.server.ts,9,RESEND,H,"Ordinary resend-code action/cooldown, not a reference to the Resend service.",True,False,False,False
src/lib/auth/otp/otp.server.ts,83,RESEND,H,"Ordinary resend-code action/cooldown, not a reference to the Resend service.",True,False,False,False
src/lib/auth/otp/otp.server.ts,105,RESEND,H,"Ordinary resend-code action/cooldown, not a reference to the Resend service.",True,False,False,False
src/lib/auth/otp/providers/arkesel.server.ts,8,ARKESEL,A,"Real provider/protocol implementation; credentials, wire format, signing or attribution belongs to this adapter. Live-provider certification remains outstanding.",True,True,False,False
src/lib/auth/otp/providers/arkesel.server.ts,8,https://sms.arkesel.com/api/otp,A,"Real provider/protocol implementation; credentials, wire format, signing or attribution belongs to this adapter. Live-provider certification remains outstanding.",True,True,False,False
src/lib/auth/otp/providers/arkesel.server.ts,11,ARKESEL,A,"Real provider/protocol implementation; credentials, wire format, signing or attribution belongs to this adapter. Live-provider certification remains outstanding.",True,True,False,False
src/lib/auth/otp/providers/arkesel.server.ts,12,Arkesel,A,"Real provider/protocol implementation; credentials, wire format, signing or attribution belongs to this adapter. Live-provider certification remains outstanding.",True,True,False,False
src/lib/auth/otp/providers/arkesel.server.ts,17,ARKESEL,A,"Real provider/protocol implementation; credentials, wire format, signing or attribution belongs to this adapter. Live-provider certification remains outstanding.",True,True,False,False
src/lib/auth/otp/providers/arkesel.server.ts,35,Arkesel,A,"Real provider/protocol implementation; credentials, wire format, signing or attribution belongs to this adapter. Live-provider certification remains outstanding.",True,True,False,False
src/lib/auth/otp/providers/arkesel.server.ts,58,Arkesel,A,"Real provider/protocol implementation; credentials, wire format, signing or attribution belongs to this adapter. Live-provider certification remains outstanding.",True,True,False,False
src/lib/auth/otp/providers/arkesel.server.ts,59,arkesel,A,"Real provider/protocol implementation; credentials, wire format, signing or attribution belongs to this adapter. Live-provider certification remains outstanding.",True,True,False,False
src/lib/auth/otp/providers/arkesel.server.ts,62,ARKESEL,A,"Real provider/protocol implementation; credentials, wire format, signing or attribution belongs to this adapter. Live-provider certification remains outstanding.",True,True,False,False
src/lib/auth/otp/providers/arkesel.server.ts,63,Arkesel,A,"Real provider/protocol implementation; credentials, wire format, signing or attribution belongs to this adapter. Live-provider certification remains outstanding.",True,True,False,False
src/lib/auth/otp/providers/arkesel.server.ts,68,ARKESEL,A,"Real provider/protocol implementation; credentials, wire format, signing or attribution belongs to this adapter. Live-provider certification remains outstanding.",True,True,False,False
src/lib/auth/otp/providers/arkesel.server.ts,93,Arkesel,A,"Real provider/protocol implementation; credentials, wire format, signing or attribution belongs to this adapter. Live-provider certification remains outstanding.",True,True,False,False
src/lib/auth/otp/providers/arkesel.server.ts,94,Arkesel,A,"Real provider/protocol implementation; credentials, wire format, signing or attribution belongs to this adapter. Live-provider certification remains outstanding.",True,True,False,False
src/lib/auth/otp/registry.server.ts,3,arkesel,B,"Deployment-owned static registry, browser policy, build configuration or validator; no user-controlled module import.",True,False,False,False
src/lib/auth/otp/registry.server.ts,3,Arkesel,B,"Deployment-owned static registry, browser policy, build configuration or validator; no user-controlled module import.",True,False,False,False
src/lib/auth/otp/registry.server.ts,4,arkesel,B,"Deployment-owned static registry, browser policy, build configuration or validator; no user-controlled module import.",True,False,False,False
src/lib/auth/otp/registry.server.ts,4,Arkesel,B,"Deployment-owned static registry, browser policy, build configuration or validator; no user-controlled module import.",True,False,False,False
src/lib/auth/server.ts,45,http://127.0.0.1:8080,B,Local development origin fallback; production auth origin remains explicitly configured.,True,False,False,False
src/lib/auth/server.ts,45,http://[::1]:8080,B,Local development origin fallback; production auth origin remains explicitly configured.,True,False,False,False
src/lib/auth/server.ts,45,http://localhost:8080,B,Local development origin fallback; production auth origin remains explicitly configured.,True,False,False,False
src/lib/auth/server.ts,46,http://localhost:8080,B,Local development origin fallback; production auth origin remains explicitly configured.,True,False,False,False
src/lib/auth/use-current-user.ts,55,render,H,"Ordinary React render terminology in a comment, not the Render hosting service.",True,False,False,False
src/lib/env.server.ts,32,REDIS,J,"Security-sensitive protocol or deployment-platform handling; explicit TLS, proxy/identity and replay controls. No mandatory commercial provider.",True,False,False,False
src/lib/kyb/providers/fylings.server.ts,5,https://www.fylings.com,A,"Real provider/protocol implementation; credentials, wire format, signing or attribution belongs to this adapter. Live-provider certification remains outstanding.",True,True,False,False
src/lib/kyb/providers/fylings.server.ts,30,Fylings,A,"Real provider/protocol implementation; credentials, wire format, signing or attribution belongs to this adapter. Live-provider certification remains outstanding.",True,True,False,False
src/lib/kyb/providers/fylings.server.ts,34,FYLINGS,A,"Real provider/protocol implementation; credentials, wire format, signing or attribution belongs to this adapter. Live-provider certification remains outstanding.",True,True,False,False
src/lib/kyb/providers/fylings.server.ts,35,FYLINGS,A,"Real provider/protocol implementation; credentials, wire format, signing or attribution belongs to this adapter. Live-provider certification remains outstanding.",True,True,False,False
src/lib/kyb/providers/fylings.server.ts,37,FYLINGS,A,"Real provider/protocol implementation; credentials, wire format, signing or attribution belongs to this adapter. Live-provider certification remains outstanding.",True,True,False,False
src/lib/kyb/providers/fylings.server.ts,84,Fylings,A,"Real provider/protocol implementation; credentials, wire format, signing or attribution belongs to this adapter. Live-provider certification remains outstanding.",True,True,False,False
src/lib/kyb/providers/fylings.server.ts,92,Fylings,A,"Real provider/protocol implementation; credentials, wire format, signing or attribution belongs to this adapter. Live-provider certification remains outstanding.",True,True,False,False
src/lib/kyb/providers/fylings.server.ts,103,fylings,A,"Real provider/protocol implementation; credentials, wire format, signing or attribution belongs to this adapter. Live-provider certification remains outstanding.",True,True,False,False
src/lib/kyb/providers/fylings.server.ts,125,Fylings,A,"Real provider/protocol implementation; credentials, wire format, signing or attribution belongs to this adapter. Live-provider certification remains outstanding.",True,True,False,False
src/lib/kyb/registry.server.ts,3,Fylings,B,"Deployment-owned static registry, browser policy, build configuration or validator; no user-controlled module import.",True,False,False,False
src/lib/kyb/registry.server.ts,3,fylings,B,"Deployment-owned static registry, browser policy, build configuration or validator; no user-controlled module import.",True,False,False,False
src/lib/kyb/registry.server.ts,4,fylings,B,"Deployment-owned static registry, browser policy, build configuration or validator; no user-controlled module import.",True,False,False,False
src/lib/kyb/registry.server.ts,4,Fylings,B,"Deployment-owned static registry, browser policy, build configuration or validator; no user-controlled module import.",True,False,False,False
src/lib/market/adapters/builtin-drivers.ts,4,paystack,B,"Deployment-owned static registry, browser policy, build configuration or validator; no user-controlled module import.",True,False,False,False
src/lib/market/adapters/location-registry.server.ts,3,geoapify,B,"Deployment-owned static registry, browser policy, build configuration or validator; no user-controlled module import.",True,False,False,False
src/lib/market/adapters/location-registry.server.ts,3,Geoapify,B,"Deployment-owned static registry, browser policy, build configuration or validator; no user-controlled module import.",True,False,False,False
src/lib/market/adapters/location-registry.server.ts,4,geoapify,B,"Deployment-owned static registry, browser policy, build configuration or validator; no user-controlled module import.",True,False,False,False
src/lib/market/adapters/location-registry.server.ts,4,GEOAPIFY,B,"Deployment-owned static registry, browser policy, build configuration or validator; no user-controlled module import.",True,False,False,False
src/lib/market/adapters/location-registry.server.ts,4,Geoapify,B,"Deployment-owned static registry, browser policy, build configuration or validator; no user-controlled module import.",True,False,False,False
src/lib/market/adapters/providers/geoapify.server.ts,4,geoapify,A,"Real provider/protocol implementation; credentials, wire format, signing or attribution belongs to this adapter. Live-provider certification remains outstanding.",True,True,False,False
src/lib/market/adapters/providers/geoapify.server.ts,13,geoapify,A,"Real provider/protocol implementation; credentials, wire format, signing or attribution belongs to this adapter. Live-provider certification remains outstanding.",True,True,False,False
src/lib/market/adapters/providers/geoapify.server.ts,15,geoapify,A,"Real provider/protocol implementation; credentials, wire format, signing or attribution belongs to this adapter. Live-provider certification remains outstanding.",True,True,False,False
src/lib/market/adapters/providers/geoapify.server.ts,30,Geoapify,A,"Real provider/protocol implementation; credentials, wire format, signing or attribution belongs to this adapter. Live-provider certification remains outstanding.",True,True,False,False
src/lib/market/adapters/providers/geoapify.server.ts,31,geoapify,A,"Real provider/protocol implementation; credentials, wire format, signing or attribution belongs to this adapter. Live-provider certification remains outstanding.",True,True,False,False
src/lib/market/adapters/providers/geoapify.server.ts,32,Geoapify,A,"Real provider/protocol implementation; credentials, wire format, signing or attribution belongs to this adapter. Live-provider certification remains outstanding.",True,True,False,False
src/lib/market/adapters/providers/geoapify.server.ts,32,https://www.geoapify.com/,A,"Real provider/protocol implementation; credentials, wire format, signing or attribution belongs to this adapter. Live-provider certification remains outstanding.",True,True,False,False
src/lib/market/adapters/providers/geoapify.server.ts,32,https://www.openstreetmap.org/copyright,A,"Real provider/protocol implementation; credentials, wire format, signing or attribution belongs to this adapter. Live-provider certification remains outstanding.",True,True,False,False
src/lib/market/adapters/providers/geoapify.server.ts,32,OpenStreetMap,A,"Real provider/protocol implementation; credentials, wire format, signing or attribution belongs to this adapter. Live-provider certification remains outstanding.",True,True,False,False
src/lib/market/adapters/providers/geoapify.server.ts,33,https://api.geoapify.com/v1,A,"Real provider/protocol implementation; credentials, wire format, signing or attribution belongs to this adapter. Live-provider certification remains outstanding.",True,True,False,False
src/lib/market/adapters/providers/geoapify.server.ts,41,Geoapify,A,"Real provider/protocol implementation; credentials, wire format, signing or attribution belongs to this adapter. Live-provider certification remains outstanding.",True,True,False,False
src/lib/market/adapters/providers/geoapify.server.ts,45,geoapify,A,"Real provider/protocol implementation; credentials, wire format, signing or attribution belongs to this adapter. Live-provider certification remains outstanding.",True,True,False,False
src/lib/market/adapters/providers/paystack.ts,53,Paystack,A,"Real provider/protocol implementation; credentials, wire format, signing or attribution belongs to this adapter. Live-provider certification remains outstanding.",True,True,False,False
src/lib/market/adapters/providers/paystack.ts,54,paystack,A,"Real provider/protocol implementation; credentials, wire format, signing or attribution belongs to this adapter. Live-provider certification remains outstanding.",True,True,False,False
src/lib/market/adapters/providers/paystack.ts,55,paystack,A,"Real provider/protocol implementation; credentials, wire format, signing or attribution belongs to this adapter. Live-provider certification remains outstanding.",True,True,False,False
src/lib/market/adapters/providers/paystack.ts,56,paystack,A,"Real provider/protocol implementation; credentials, wire format, signing or attribution belongs to this adapter. Live-provider certification remains outstanding.",True,True,False,False
src/lib/market/adapters/providers/paystack.ts,58,https://api.paystack.co,A,"Real provider/protocol implementation; credentials, wire format, signing or attribution belongs to this adapter. Live-provider certification remains outstanding.",True,True,False,False
src/lib/market/adapters/providers/paystack.ts,146,Paystack,A,"Real provider/protocol implementation; credentials, wire format, signing or attribution belongs to this adapter. Live-provider certification remains outstanding.",True,True,False,False
src/lib/market/adapters/providers/paystack.ts,150,Paystack,A,"Real provider/protocol implementation; credentials, wire format, signing or attribution belongs to this adapter. Live-provider certification remains outstanding.",True,True,False,False
src/lib/multiplayer/p2p.ts,561,render,B,ICE/STUN transport configuration; public vendor defaults removed in this patch.,True,False,False,False
src/lib/notifications/push/client-registry.ts,3,fcm,B,"Deployment-owned static registry, browser policy, build configuration or validator; no user-controlled module import.",True,False,False,False
src/lib/notifications/push/fcm.client.ts,3,Firebase,A,"Real provider/protocol implementation; credentials, wire format, signing or attribution belongs to this adapter. Live-provider certification remains outstanding.",True,True,False,False
src/lib/notifications/push/fcm.client.ts,12,Firebase,A,"Real provider/protocol implementation; credentials, wire format, signing or attribution belongs to this adapter. Live-provider certification remains outstanding.",True,True,False,False
src/lib/notifications/push/fcm.client.ts,13,Firebase,A,"Real provider/protocol implementation; credentials, wire format, signing or attribution belongs to this adapter. Live-provider certification remains outstanding.",True,True,False,False
src/lib/notifications/push/fcm.client.ts,23,Firebase,A,"Real provider/protocol implementation; credentials, wire format, signing or attribution belongs to this adapter. Live-provider certification remains outstanding.",True,True,False,False
src/lib/notifications/push/fcm.client.ts,23,firebase,A,"Real provider/protocol implementation; credentials, wire format, signing or attribution belongs to this adapter. Live-provider certification remains outstanding.",True,True,False,False
src/lib/notifications/push/fcm.client.ts,28,https://www.gstatic.com/firebasejs/${SDK_VERSION,A,"Real provider/protocol implementation; credentials, wire format, signing or attribution belongs to this adapter. Live-provider certification remains outstanding.",True,True,False,False
src/lib/notifications/push/fcm.client.ts,29,Firebase,A,"Real provider/protocol implementation; credentials, wire format, signing or attribution belongs to this adapter. Live-provider certification remains outstanding.",True,True,False,False
src/lib/notifications/push/fcm.client.ts,31,Firebase,A,"Real provider/protocol implementation; credentials, wire format, signing or attribution belongs to this adapter. Live-provider certification remains outstanding.",True,True,False,False
src/lib/notifications/push/fcm.client.ts,32,Firebase,A,"Real provider/protocol implementation; credentials, wire format, signing or attribution belongs to this adapter. Live-provider certification remains outstanding.",True,True,False,False
src/lib/notifications/push/fcm.client.ts,33,FIREBASE,A,"Real provider/protocol implementation; credentials, wire format, signing or attribution belongs to this adapter. Live-provider certification remains outstanding.",True,True,False,False
src/lib/notifications/push/fcm.client.ts,34,FIREBASE,A,"Real provider/protocol implementation; credentials, wire format, signing or attribution belongs to this adapter. Live-provider certification remains outstanding.",True,True,False,False
src/lib/notifications/push/fcm.client.ts,35,FIREBASE,A,"Real provider/protocol implementation; credentials, wire format, signing or attribution belongs to this adapter. Live-provider certification remains outstanding.",True,True,False,False
src/lib/notifications/push/fcm.client.ts,36,FIREBASE,A,"Real provider/protocol implementation; credentials, wire format, signing or attribution belongs to this adapter. Live-provider certification remains outstanding.",True,True,False,False
src/lib/notifications/push/fcm.client.ts,37,FIREBASE,A,"Real provider/protocol implementation; credentials, wire format, signing or attribution belongs to this adapter. Live-provider certification remains outstanding.",True,True,False,False
src/lib/notifications/push/fcm.client.ts,38,FIREBASE,A,"Real provider/protocol implementation; credentials, wire format, signing or attribution belongs to this adapter. Live-provider certification remains outstanding.",True,True,False,False
src/lib/notifications/push/fcm.client.ts,41,Firebase,A,"Real provider/protocol implementation; credentials, wire format, signing or attribution belongs to this adapter. Live-provider certification remains outstanding.",True,True,False,False
src/lib/notifications/push/fcm.client.ts,67,Firebase,A,"Real provider/protocol implementation; credentials, wire format, signing or attribution belongs to this adapter. Live-provider certification remains outstanding.",True,True,False,False
src/lib/notifications/push/fcm.client.ts,71,firebase,A,"Real provider/protocol implementation; credentials, wire format, signing or attribution belongs to this adapter. Live-provider certification remains outstanding.",True,True,False,False
src/lib/notifications/push/fcm.client.ts,72,firebase,A,"Real provider/protocol implementation; credentials, wire format, signing or attribution belongs to this adapter. Live-provider certification remains outstanding.",True,True,False,False
src/lib/notifications/push/fcm.client.ts,73,Firebase,A,"Real provider/protocol implementation; credentials, wire format, signing or attribution belongs to this adapter. Live-provider certification remains outstanding.",True,True,False,False
src/lib/notifications/push/fcm.client.ts,73,firebase,A,"Real provider/protocol implementation; credentials, wire format, signing or attribution belongs to this adapter. Live-provider certification remains outstanding.",True,True,False,False
src/lib/notifications/push/fcm.client.ts,74,firebase,A,"Real provider/protocol implementation; credentials, wire format, signing or attribution belongs to this adapter. Live-provider certification remains outstanding.",True,True,False,False
src/lib/notifications/push/fcm.client.ts,75,firebase,A,"Real provider/protocol implementation; credentials, wire format, signing or attribution belongs to this adapter. Live-provider certification remains outstanding.",True,True,False,False
src/lib/notifications/push/fcm.client.ts,80,Firebase,A,"Real provider/protocol implementation; credentials, wire format, signing or attribution belongs to this adapter. Live-provider certification remains outstanding.",True,True,False,False
src/lib/notifications/push/fcm.client.ts,91,firebase,A,"Real provider/protocol implementation; credentials, wire format, signing or attribution belongs to this adapter. Live-provider certification remains outstanding.",True,True,False,False
src/lib/notifications/push/fcm.client.ts,101,Firebase,A,"Real provider/protocol implementation; credentials, wire format, signing or attribution belongs to this adapter. Live-provider certification remains outstanding.",True,True,False,False
src/lib/notifications/push/fcm.client.ts,101,firebase,A,"Real provider/protocol implementation; credentials, wire format, signing or attribution belongs to this adapter. Live-provider certification remains outstanding.",True,True,False,False
src/lib/notifications/push/fcm.client.ts,102,firebase,A,"Real provider/protocol implementation; credentials, wire format, signing or attribution belongs to this adapter. Live-provider certification remains outstanding.",True,True,False,False
src/lib/notifications/push/fcm.client.ts,103,FIREBASE,A,"Real provider/protocol implementation; credentials, wire format, signing or attribution belongs to this adapter. Live-provider certification remains outstanding.",True,True,False,False
src/lib/notifications/push/fcm.client.ts,104,FIREBASE,A,"Real provider/protocol implementation; credentials, wire format, signing or attribution belongs to this adapter. Live-provider certification remains outstanding.",True,True,False,False
src/lib/notifications/push/fcm.client.ts,107,FCM,A,"Real provider/protocol implementation; credentials, wire format, signing or attribution belongs to this adapter. Live-provider certification remains outstanding.",True,True,False,False
src/lib/notifications/push/fcm.client.ts,120,Firebase,A,"Real provider/protocol implementation; credentials, wire format, signing or attribution belongs to this adapter. Live-provider certification remains outstanding.",True,True,False,False
src/lib/notifications/push/fcm.client.ts,120,firebase,A,"Real provider/protocol implementation; credentials, wire format, signing or attribution belongs to this adapter. Live-provider certification remains outstanding.",True,True,False,False
src/lib/notifications/push/fcm.client.ts,121,firebase,A,"Real provider/protocol implementation; credentials, wire format, signing or attribution belongs to this adapter. Live-provider certification remains outstanding.",True,True,False,False
src/lib/notifications/push/fcm.client.ts,126,FIREBASE,A,"Real provider/protocol implementation; credentials, wire format, signing or attribution belongs to this adapter. Live-provider certification remains outstanding.",True,True,False,False
src/lib/notifications/push/providers/fcm-browser.mjs,1,FCM,A,"Real provider/protocol implementation; credentials, wire format, signing or attribution belongs to this adapter. Live-provider certification remains outstanding.",True,True,False,False
src/lib/notifications/push/providers/fcm-browser.mjs,2,FIREBASE,A,"Real provider/protocol implementation; credentials, wire format, signing or attribution belongs to this adapter. Live-provider certification remains outstanding.",True,True,False,False
src/lib/notifications/push/providers/fcm-browser.mjs,2,https://fcm.googleapis.com,A,"Real provider/protocol implementation; credentials, wire format, signing or attribution belongs to this adapter. Live-provider certification remains outstanding.",True,True,False,False
src/lib/notifications/push/providers/fcm-browser.mjs,2,https://fcmregistrations.googleapis.com,A,"Real provider/protocol implementation; credentials, wire format, signing or attribution belongs to this adapter. Live-provider certification remains outstanding.",True,True,False,False
src/lib/notifications/push/providers/fcm-browser.mjs,2,https://firebaseinstallations.googleapis.com,A,"Real provider/protocol implementation; credentials, wire format, signing or attribution belongs to this adapter. Live-provider certification remains outstanding.",True,True,False,False
src/lib/notifications/push/providers/fcm-browser.mjs,2,https://www.gstatic.com,A,"Real provider/protocol implementation; credentials, wire format, signing or attribution belongs to this adapter. Live-provider certification remains outstanding.",True,True,False,False
src/lib/notifications/push/providers/fcm.server.ts,4,https://www.googleapis.com/auth/firebase.messaging,A,"Real provider/protocol implementation; credentials, wire format, signing or attribution belongs to this adapter. Live-provider certification remains outstanding.",True,True,False,False
src/lib/notifications/push/providers/fcm.server.ts,5,https://oauth2.googleapis.com/token,A,"Real provider/protocol implementation; credentials, wire format, signing or attribution belongs to this adapter. Live-provider certification remains outstanding.",True,True,False,False
src/lib/notifications/push/providers/fcm.server.ts,24,FCM,A,"Real provider/protocol implementation; credentials, wire format, signing or attribution belongs to this adapter. Live-provider certification remains outstanding.",True,True,False,False
src/lib/notifications/push/providers/fcm.server.ts,30,FCM,A,"Real provider/protocol implementation; credentials, wire format, signing or attribution belongs to this adapter. Live-provider certification remains outstanding.",True,True,False,False
src/lib/notifications/push/providers/fcm.server.ts,63,FCM,A,"Real provider/protocol implementation; credentials, wire format, signing or attribution belongs to this adapter. Live-provider certification remains outstanding.",True,True,False,False
src/lib/notifications/push/providers/fcm.server.ts,73,fcm,A,"Real provider/protocol implementation; credentials, wire format, signing or attribution belongs to this adapter. Live-provider certification remains outstanding.",True,True,False,False
src/lib/notifications/push/providers/fcm.server.ts,78,https://fcm.googleapis.com/v1/projects/${encodeURIComponent(projectId,A,"Real provider/protocol implementation; credentials, wire format, signing or attribution belongs to this adapter. Live-provider certification remains outstanding.",True,True,False,False
src/lib/notifications/push/providers/fcm.server.ts,103,FCM,A,"Real provider/protocol implementation; credentials, wire format, signing or attribution belongs to this adapter. Live-provider certification remains outstanding.",True,True,False,False
src/lib/notifications/push/providers/fcm.server.ts,112,FCM,A,"Real provider/protocol implementation; credentials, wire format, signing or attribution belongs to this adapter. Live-provider certification remains outstanding.",True,True,False,False
src/lib/notifications/push/registry.server.ts,3,fcm,B,"Deployment-owned static registry, browser policy, build configuration or validator; no user-controlled module import.",True,False,False,False
src/lib/notifications/push/registry.server.ts,4,fcm,B,"Deployment-owned static registry, browser policy, build configuration or validator; no user-controlled module import.",True,False,False,False
src/lib/providers/browser-policy.mjs,1,fcm,B,"Deployment-owned static registry, browser policy, build configuration or validator; no user-controlled module import.",True,False,False,False
src/lib/providers/browser-policy.mjs,5,fcm,B,"Deployment-owned static registry, browser policy, build configuration or validator; no user-controlled module import.",True,False,False,False
src/lib/providers/browser-policy.mjs,21,s3,B,"Deployment-owned static registry, browser policy, build configuration or validator; no user-controlled module import.",True,False,False,False
src/lib/providers/browser-policy.mjs,22,r2,B,"Deployment-owned static registry, browser policy, build configuration or validator; no user-controlled module import.",True,False,False,False
src/lib/providers/browser-policy.mjs,23,CLOUDFLARE,B,"Deployment-owned static registry, browser policy, build configuration or validator; no user-controlled module import.",True,False,False,False
src/lib/providers/browser-policy.mjs,24,CLOUDFLARE,B,"Deployment-owned static registry, browser policy, build configuration or validator; no user-controlled module import.",True,False,False,False
src/lib/providers/browser-policy.mjs,26,cloudflare,B,"Deployment-owned static registry, browser policy, build configuration or validator; no user-controlled module import.",True,False,False,False
src/lib/providers/browser-policy.mjs,26,https://${bucket,B,"Deployment-owned static registry, browser policy, build configuration or validator; no user-controlled module import.",True,False,False,False
src/lib/providers/browser-policy.mjs,26,r2,B,"Deployment-owned static registry, browser policy, build configuration or validator; no user-controlled module import.",True,False,False,False
src/lib/providers/catalog.mjs,3,paystack,B,"Deployment-owned static registry, browser policy, build configuration or validator; no user-controlled module import.",True,False,False,False
src/lib/providers/catalog.mjs,4,paystack,B,"Deployment-owned static registry, browser policy, build configuration or validator; no user-controlled module import.",True,False,False,False
src/lib/providers/catalog.mjs,13,s3,B,"Deployment-owned static registry, browser policy, build configuration or validator; no user-controlled module import.",True,False,False,False
src/lib/providers/catalog.mjs,14,CLOUDFLARE,B,"Deployment-owned static registry, browser policy, build configuration or validator; no user-controlled module import.",True,False,False,False
src/lib/providers/catalog.mjs,14,r2,B,"Deployment-owned static registry, browser policy, build configuration or validator; no user-controlled module import.",True,False,False,False
src/lib/providers/catalog.mjs,16,geoapify,B,"Deployment-owned static registry, browser policy, build configuration or validator; no user-controlled module import.",True,False,False,False
src/lib/providers/catalog.mjs,16,GEOAPIFY,B,"Deployment-owned static registry, browser policy, build configuration or validator; no user-controlled module import.",True,False,False,False
src/lib/providers/catalog.mjs,17,RESEND,B,"Deployment-owned static registry, browser policy, build configuration or validator; no user-controlled module import.",True,False,False,False
src/lib/providers/catalog.mjs,17,resend,B,"Deployment-owned static registry, browser policy, build configuration or validator; no user-controlled module import.",True,False,False,False
src/lib/providers/catalog.mjs,18,arkesel,B,"Deployment-owned static registry, browser policy, build configuration or validator; no user-controlled module import.",True,False,False,False
src/lib/providers/catalog.mjs,18,ARKESEL,B,"Deployment-owned static registry, browser policy, build configuration or validator; no user-controlled module import.",True,False,False,False
src/lib/providers/catalog.mjs,19,fcm,B,"Deployment-owned static registry, browser policy, build configuration or validator; no user-controlled module import.",True,False,False,False
src/lib/providers/catalog.mjs,20,fylings,B,"Deployment-owned static registry, browser policy, build configuration or validator; no user-controlled module import.",True,False,False,False
src/lib/providers/catalog.mjs,20,FYLINGS,B,"Deployment-owned static registry, browser policy, build configuration or validator; no user-controlled module import.",True,False,False,False
src/lib/providers/catalog.mjs,58,s3,B,"Deployment-owned static registry, browser policy, build configuration or validator; no user-controlled module import.",True,False,False,False
src/lib/providers/catalog.mjs,59,s3,B,"Deployment-owned static registry, browser policy, build configuration or validator; no user-controlled module import.",True,False,False,False
src/lib/providers/catalog.mjs,60,s3,B,"Deployment-owned static registry, browser policy, build configuration or validator; no user-controlled module import.",True,False,False,False
src/lib/providers/catalog.mjs,61,s3,B,"Deployment-owned static registry, browser policy, build configuration or validator; no user-controlled module import.",True,False,False,False
src/lib/providers/catalog.mjs,63,r2,B,"Deployment-owned static registry, browser policy, build configuration or validator; no user-controlled module import.",True,False,False,False
src/lib/providers/catalog.mjs,64,CLOUDFLARE,B,"Deployment-owned static registry, browser policy, build configuration or validator; no user-controlled module import.",True,False,False,False
src/lib/providers/catalog.mjs,64,r2,B,"Deployment-owned static registry, browser policy, build configuration or validator; no user-controlled module import.",True,False,False,False
src/lib/providers/catalog.mjs,65,CLOUDFLARE,B,"Deployment-owned static registry, browser policy, build configuration or validator; no user-controlled module import.",True,False,False,False
src/lib/providers/catalog.mjs,65,r2,B,"Deployment-owned static registry, browser policy, build configuration or validator; no user-controlled module import.",True,False,False,False
src/lib/providers/catalog.mjs,67,fylings,B,"Deployment-owned static registry, browser policy, build configuration or validator; no user-controlled module import.",True,False,False,False
src/lib/providers/catalog.mjs,67,FYLINGS,B,"Deployment-owned static registry, browser policy, build configuration or validator; no user-controlled module import.",True,False,False,False
src/lib/providers/catalog.mjs,68,fcm,B,"Deployment-owned static registry, browser policy, build configuration or validator; no user-controlled module import.",True,False,False,False
src/lib/providers/catalog.mjs,72,fcm,B,"Deployment-owned static registry, browser policy, build configuration or validator; no user-controlled module import.",True,False,False,False
src/lib/providers/catalog.mjs,74,arkesel,B,"Deployment-owned static registry, browser policy, build configuration or validator; no user-controlled module import.",True,False,False,False
src/lib/providers/catalog.mjs,74,ARKESEL,B,"Deployment-owned static registry, browser policy, build configuration or validator; no user-controlled module import.",True,False,False,False
src/lib/security/internal-job-auth.server.ts,16,Vercel,J,"Security-sensitive protocol or deployment-platform handling; explicit TLS, proxy/identity and replay controls. No mandatory commercial provider.",True,False,False,False
src/lib/security/internal-job-auth.server.ts,29,vercel,J,"Security-sensitive protocol or deployment-platform handling; explicit TLS, proxy/identity and replay controls. No mandatory commercial provider.",True,False,False,False
src/lib/security/native-redis-rate-limit.server.ts,23,Redis,J,"Security-sensitive protocol or deployment-platform handling; explicit TLS, proxy/identity and replay controls. No mandatory commercial provider.",True,False,False,False
src/lib/security/native-redis-rate-limit.server.ts,45,Redis,J,"Security-sensitive protocol or deployment-platform handling; explicit TLS, proxy/identity and replay controls. No mandatory commercial provider.",True,False,False,False
src/lib/security/native-redis-rate-limit.server.ts,49,RENDER,J,"Security-sensitive protocol or deployment-platform handling; explicit TLS, proxy/identity and replay controls. No mandatory commercial provider.",True,False,False,False
src/lib/security/native-redis-rate-limit.server.ts,60,redis,J,"Security-sensitive protocol or deployment-platform handling; explicit TLS, proxy/identity and replay controls. No mandatory commercial provider.",True,False,False,False
src/lib/security/native-redis-rate-limit.server.ts,61,redis,J,"Security-sensitive protocol or deployment-platform handling; explicit TLS, proxy/identity and replay controls. No mandatory commercial provider.",True,False,False,False
src/lib/security/native-redis-rate-limit.server.ts,61,Render,J,"Security-sensitive protocol or deployment-platform handling; explicit TLS, proxy/identity and replay controls. No mandatory commercial provider.",True,False,False,False
src/lib/security/native-redis-rate-limit.server.ts,62,RENDER,J,"Security-sensitive protocol or deployment-platform handling; explicit TLS, proxy/identity and replay controls. No mandatory commercial provider.",True,False,False,False
src/lib/security/native-redis-rate-limit.server.ts,115,Redis,J,"Security-sensitive protocol or deployment-platform handling; explicit TLS, proxy/identity and replay controls. No mandatory commercial provider.",True,False,False,False
src/lib/security/native-redis-rate-limit.server.ts,137,Redis,J,"Security-sensitive protocol or deployment-platform handling; explicit TLS, proxy/identity and replay controls. No mandatory commercial provider.",True,False,False,False
src/lib/security/native-redis-rate-limit.server.ts,140,Redis,J,"Security-sensitive protocol or deployment-platform handling; explicit TLS, proxy/identity and replay controls. No mandatory commercial provider.",True,False,False,False
src/lib/security/native-redis-rate-limit.server.ts,171,Redis,J,"Security-sensitive protocol or deployment-platform handling; explicit TLS, proxy/identity and replay controls. No mandatory commercial provider.",True,False,False,False
src/lib/security/native-redis-rate-limit.server.ts,186,redis,J,"Security-sensitive protocol or deployment-platform handling; explicit TLS, proxy/identity and replay controls. No mandatory commercial provider.",True,False,False,False
src/lib/security/native-redis-rate-limit.server.ts,188,Redis,J,"Security-sensitive protocol or deployment-platform handling; explicit TLS, proxy/identity and replay controls. No mandatory commercial provider.",True,False,False,False
src/lib/security/native-redis-rate-limit.server.ts,191,Redis,J,"Security-sensitive protocol or deployment-platform handling; explicit TLS, proxy/identity and replay controls. No mandatory commercial provider.",True,False,False,False
src/lib/security/rate-limit.server.ts,6,redis,B,"Protocol selection for deployment-configured Redis REST/native connection, not a named vendor.",True,False,False,False
src/lib/security/rate-limit.server.ts,23,VERCEL,B,"Protocol selection for deployment-configured Redis REST/native connection, not a named vendor.",True,False,False,False
src/lib/security/rate-limit.server.ts,28,vercel,B,"Protocol selection for deployment-configured Redis REST/native connection, not a named vendor.",True,False,False,False
src/lib/security/rate-limit.server.ts,28,Vercel,B,"Protocol selection for deployment-configured Redis REST/native connection, not a named vendor.",True,False,False,False
src/lib/security/rate-limit.server.ts,33,vercel,B,"Protocol selection for deployment-configured Redis REST/native connection, not a named vendor.",True,False,False,False
src/lib/security/rate-limit.server.ts,35,VERCEL,B,"Protocol selection for deployment-configured Redis REST/native connection, not a named vendor.",True,False,False,False
src/lib/security/rate-limit.server.ts,67,Redis,B,"Protocol selection for deployment-configured Redis REST/native connection, not a named vendor.",True,False,False,False
src/lib/security/rate-limit.server.ts,67,Render,B,"Protocol selection for deployment-configured Redis REST/native connection, not a named vendor.",True,False,False,False
src/lib/security/rate-limit.server.ts,67,Valkey,B,"Protocol selection for deployment-configured Redis REST/native connection, not a named vendor.",True,False,False,False
src/lib/security/rate-limit.server.ts,68,Upstash,B,"Protocol selection for deployment-configured Redis REST/native connection, not a named vendor.",True,False,False,False
src/lib/security/rate-limit.server.ts,69,REDIS,B,"Protocol selection for deployment-configured Redis REST/native connection, not a named vendor.",True,False,False,False
src/lib/security/rate-limit.server.ts,70,REDIS,B,"Protocol selection for deployment-configured Redis REST/native connection, not a named vendor.",True,False,False,False
src/lib/security/rate-limit.server.ts,76,Redis,B,"Protocol selection for deployment-configured Redis REST/native connection, not a named vendor.",True,False,False,False
src/lib/security/rate-limit.server.ts,80,redis,B,"Protocol selection for deployment-configured Redis REST/native connection, not a named vendor.",True,False,False,False
src/lib/security/rate-limit.server.ts,96,Redis,B,"Protocol selection for deployment-configured Redis REST/native connection, not a named vendor.",True,False,False,False
src/lib/storage/provider.ts,3,R2,B,Interface documentation describes adapters; no provider selection or implementation.,True,False,False,False
src/lib/storage/provider.ts,3,S3,B,Interface documentation describes adapters; no provider selection or implementation.,True,False,False,False
src/lib/storage/r2.server.ts,2,s3,A,"Real provider/protocol implementation; credentials, wire format, signing or attribution belongs to this adapter. Live-provider certification remains outstanding.",True,True,False,False
src/lib/storage/r2.server.ts,5,r2,A,"Real provider/protocol implementation; credentials, wire format, signing or attribution belongs to this adapter. Live-provider certification remains outstanding.",True,True,False,False
src/lib/storage/r2.server.ts,8,R2,A,"Real provider/protocol implementation; credentials, wire format, signing or attribution belongs to this adapter. Live-provider certification remains outstanding.",True,True,False,False
src/lib/storage/r2.server.ts,9,Cloudflare,A,"Real provider/protocol implementation; credentials, wire format, signing or attribution belongs to this adapter. Live-provider certification remains outstanding.",True,True,False,False
src/lib/storage/r2.server.ts,11,CLOUDFLARE,A,"Real provider/protocol implementation; credentials, wire format, signing or attribution belongs to this adapter. Live-provider certification remains outstanding.",True,True,False,False
src/lib/storage/r2.server.ts,12,CLOUDFLARE,A,"Real provider/protocol implementation; credentials, wire format, signing or attribution belongs to this adapter. Live-provider certification remains outstanding.",True,True,False,False
src/lib/storage/r2.server.ts,13,CLOUDFLARE,A,"Real provider/protocol implementation; credentials, wire format, signing or attribution belongs to this adapter. Live-provider certification remains outstanding.",True,True,False,False
src/lib/storage/r2.server.ts,14,cloudflare,A,"Real provider/protocol implementation; credentials, wire format, signing or attribution belongs to this adapter. Live-provider certification remains outstanding.",True,True,False,False
src/lib/storage/r2.server.ts,14,https://${bucket,A,"Real provider/protocol implementation; credentials, wire format, signing or attribution belongs to this adapter. Live-provider certification remains outstanding.",True,True,False,False
src/lib/storage/r2.server.ts,14,r2,A,"Real provider/protocol implementation; credentials, wire format, signing or attribution belongs to this adapter. Live-provider certification remains outstanding.",True,True,False,False
src/lib/storage/r2.server.ts,15,CLOUDFLARE,A,"Real provider/protocol implementation; credentials, wire format, signing or attribution belongs to this adapter. Live-provider certification remains outstanding.",True,True,False,False
src/lib/storage/registry.server.ts,2,Cloudflare,B,"Deployment-owned static registry, browser policy, build configuration or validator; no user-controlled module import.",True,False,False,False
src/lib/storage/registry.server.ts,2,r2,B,"Deployment-owned static registry, browser policy, build configuration or validator; no user-controlled module import.",True,False,False,False
src/lib/storage/registry.server.ts,3,s3,B,"Deployment-owned static registry, browser policy, build configuration or validator; no user-controlled module import.",True,False,False,False
src/lib/storage/registry.server.ts,6,Cloudflare,B,"Deployment-owned static registry, browser policy, build configuration or validator; no user-controlled module import.",True,False,False,False
src/lib/storage/registry.server.ts,6,r2,B,"Deployment-owned static registry, browser policy, build configuration or validator; no user-controlled module import.",True,False,False,False
src/lib/storage/registry.server.ts,7,s3,B,"Deployment-owned static registry, browser policy, build configuration or validator; no user-controlled module import.",True,False,False,False
src/lib/storage/s3.server.ts,52,AWS4,A,"Real provider/protocol implementation; credentials, wire format, signing or attribution belongs to this adapter. Live-provider certification remains outstanding.",True,True,False,False
src/lib/storage/s3.server.ts,54,s3,A,"Real provider/protocol implementation; credentials, wire format, signing or attribution belongs to this adapter. Live-provider certification remains outstanding.",True,True,False,False
src/lib/storage/s3.server.ts,55,aws4,A,"Real provider/protocol implementation; credentials, wire format, signing or attribution belongs to this adapter. Live-provider certification remains outstanding.",True,True,False,False
src/lib/storage/s3.server.ts,111,aws4,A,"Real provider/protocol implementation; credentials, wire format, signing or attribution belongs to this adapter. Live-provider certification remains outstanding.",True,True,False,False
src/lib/storage/s3.server.ts,111,s3,A,"Real provider/protocol implementation; credentials, wire format, signing or attribution belongs to this adapter. Live-provider certification remains outstanding.",True,True,False,False
src/lib/storage/s3.server.ts,114,AWS4,A,"Real provider/protocol implementation; credentials, wire format, signing or attribution belongs to this adapter. Live-provider certification remains outstanding.",True,True,False,False
src/lib/storage/s3.server.ts,139,aws4,A,"Real provider/protocol implementation; credentials, wire format, signing or attribution belongs to this adapter. Live-provider certification remains outstanding.",True,True,False,False
src/lib/storage/s3.server.ts,139,s3,A,"Real provider/protocol implementation; credentials, wire format, signing or attribution belongs to this adapter. Live-provider certification remains outstanding.",True,True,False,False
src/lib/storage/s3.server.ts,141,AWS4,A,"Real provider/protocol implementation; credentials, wire format, signing or attribution belongs to this adapter. Live-provider certification remains outstanding.",True,True,False,False
src/lib/storage/s3.server.ts,190,aws4,A,"Real provider/protocol implementation; credentials, wire format, signing or attribution belongs to this adapter. Live-provider certification remains outstanding.",True,True,False,False
src/lib/storage/s3.server.ts,190,s3,A,"Real provider/protocol implementation; credentials, wire format, signing or attribution belongs to this adapter. Live-provider certification remains outstanding.",True,True,False,False
src/lib/storage/s3.server.ts,207,AWS4,A,"Real provider/protocol implementation; credentials, wire format, signing or attribution belongs to this adapter. Live-provider certification remains outstanding.",True,True,False,False
src/lib/storage/s3.server.ts,223,AWS4,A,"Real provider/protocol implementation; credentials, wire format, signing or attribution belongs to this adapter. Live-provider certification remains outstanding.",True,True,False,False
src/lib/storage/s3.server.ts,235,aws4,A,"Real provider/protocol implementation; credentials, wire format, signing or attribution belongs to this adapter. Live-provider certification remains outstanding.",True,True,False,False
src/lib/storage/s3.server.ts,235,s3,A,"Real provider/protocol implementation; credentials, wire format, signing or attribution belongs to this adapter. Live-provider certification remains outstanding.",True,True,False,False
src/lib/storage/s3.server.ts,241,AWS4,A,"Real provider/protocol implementation; credentials, wire format, signing or attribution belongs to this adapter. Live-provider certification remains outstanding.",True,True,False,False
src/lib/storage/s3.server.ts,249,AWS4,A,"Real provider/protocol implementation; credentials, wire format, signing or attribution belongs to this adapter. Live-provider certification remains outstanding.",True,True,False,False
src/routes/login.tsx,139,resend,H,"Ordinary resend-code action/cooldown, not a reference to the Resend service.",True,False,False,False
src/routes/login.tsx,142,Resend,H,"Ordinary resend-code action/cooldown, not a reference to the Resend service.",True,False,False,False
src/routes/merchant/dashboard.tsx,113,https://erp.example.com/api/products,H,Illustrative placeholder for merchant-configured enterprise catalog URL; public HTTPS validation applies server-side.,True,False,False,False
startup.sh,8,http://127.0.0.1:8080/,B,Configured local service/health endpoint; not an external provider dependency.,True,False,False,False
vercel.json,2,https://openapi.vercel.sh/vercel.json,I,"Standard namespace, schema or license reference; not an application provider dependency.",True,False,False,False
