FILE,LINE,VENDOR_OR_ENDPOINT,CLASSIFICATION,WHY IT EXISTS,SAFE,ADAPTER_LOCAL,HISTORICAL,NEEDS_FIX
.github/workflows/ci.yml,81,http://localhost:8080,SAFE CONFIGURATION,Reviewed registry/deployment/dependency metadata or documentation. Dependency entries are not evidence of live-provider certification; see mobile advisory limitation.,True,False,False,False
.github/workflows/ci.yml,92,http://localhost:8080/,SAFE CONFIGURATION,Reviewed registry/deployment/dependency metadata or documentation. Dependency entries are not evidence of live-provider certification; see mobile advisory limitation.,True,False,False,False
Dockerfile,7,FIREBASE,SAFE CONFIGURATION,Reviewed registry/deployment/dependency metadata or documentation. Dependency entries are not evidence of live-provider certification; see mobile advisory limitation.,True,False,False,False
Dockerfile,8,FIREBASE,SAFE CONFIGURATION,Reviewed registry/deployment/dependency metadata or documentation. Dependency entries are not evidence of live-provider certification; see mobile advisory limitation.,True,False,False,False
Dockerfile,9,FIREBASE,SAFE CONFIGURATION,Reviewed registry/deployment/dependency metadata or documentation. Dependency entries are not evidence of live-provider certification; see mobile advisory limitation.,True,False,False,False
Dockerfile,10,FIREBASE,SAFE CONFIGURATION,Reviewed registry/deployment/dependency metadata or documentation. Dependency entries are not evidence of live-provider certification; see mobile advisory limitation.,True,False,False,False
Dockerfile,11,FIREBASE,SAFE CONFIGURATION,Reviewed registry/deployment/dependency metadata or documentation. Dependency entries are not evidence of live-provider certification; see mobile advisory limitation.,True,False,False,False
Dockerfile,12,FIREBASE,SAFE CONFIGURATION,Reviewed registry/deployment/dependency metadata or documentation. Dependency entries are not evidence of live-provider certification; see mobile advisory limitation.,True,False,False,False
Dockerfile,13,FIREBASE,SAFE CONFIGURATION,Reviewed registry/deployment/dependency metadata or documentation. Dependency entries are not evidence of live-provider certification; see mobile advisory limitation.,True,False,False,False
Dockerfile,25,fcm,SAFE CONFIGURATION,Reviewed registry/deployment/dependency metadata or documentation. Dependency entries are not evidence of live-provider certification; see mobile advisory limitation.,True,False,False,False
Dockerfile,30,http://127.0.0.1:,SAFE CONFIGURATION,Reviewed registry/deployment/dependency metadata or documentation. Dependency entries are not evidence of live-provider certification; see mobile advisory limitation.,True,False,False,False
LICENSE,24,https://unlicense.org,SAFE CONFIGURATION,"Configured API origin, platform SDK import, protocol/interface documentation, placeholder URL, or standard namespace. No hard-coded server financial behavior.",True,False,False,False
README.md,55,Resend,SAFE CONFIGURATION,Reviewed registry/deployment/dependency metadata or documentation. Dependency entries are not evidence of live-provider certification; see mobile advisory limitation.,True,False,False,False
README.md,57,Resend,SAFE CONFIGURATION,Reviewed registry/deployment/dependency metadata or documentation. Dependency entries are not evidence of live-provider certification; see mobile advisory limitation.,True,False,False,False
README.md,59,resend,SAFE CONFIGURATION,Reviewed registry/deployment/dependency metadata or documentation. Dependency entries are not evidence of live-provider certification; see mobile advisory limitation.,True,False,False,False
README.md,60,RESEND,SAFE CONFIGURATION,Reviewed registry/deployment/dependency metadata or documentation. Dependency entries are not evidence of live-provider certification; see mobile advisory limitation.,True,False,False,False
README.md,60,Resend,SAFE CONFIGURATION,Reviewed registry/deployment/dependency metadata or documentation. Dependency entries are not evidence of live-provider certification; see mobile advisory limitation.,True,False,False,False
README.md,61,RESEND,SAFE CONFIGURATION,Reviewed registry/deployment/dependency metadata or documentation. Dependency entries are not evidence of live-provider certification; see mobile advisory limitation.,True,False,False,False
README.md,62,RESEND,SAFE CONFIGURATION,Reviewed registry/deployment/dependency metadata or documentation. Dependency entries are not evidence of live-provider certification; see mobile advisory limitation.,True,False,False,False
README.md,63,RESEND,SAFE CONFIGURATION,Reviewed registry/deployment/dependency metadata or documentation. Dependency entries are not evidence of live-provider certification; see mobile advisory limitation.,True,False,False,False
README.md,63,Resend,SAFE CONFIGURATION,Reviewed registry/deployment/dependency metadata or documentation. Dependency entries are not evidence of live-provider certification; see mobile advisory limitation.,True,False,False,False
README.md,65,Resend,SAFE CONFIGURATION,Reviewed registry/deployment/dependency metadata or documentation. Dependency entries are not evidence of live-provider certification; see mobile advisory limitation.,True,False,False,False
README.md,67,FCM,SAFE CONFIGURATION,Reviewed registry/deployment/dependency metadata or documentation. Dependency entries are not evidence of live-provider certification; see mobile advisory limitation.,True,False,False,False
README.md,68,Firebase,SAFE CONFIGURATION,Reviewed registry/deployment/dependency metadata or documentation. Dependency entries are not evidence of live-provider certification; see mobile advisory limitation.,True,False,False,False
README.md,70,fcm,SAFE CONFIGURATION,Reviewed registry/deployment/dependency metadata or documentation. Dependency entries are not evidence of live-provider certification; see mobile advisory limitation.,True,False,False,False
README.md,71,Firebase,SAFE CONFIGURATION,Reviewed registry/deployment/dependency metadata or documentation. Dependency entries are not evidence of live-provider certification; see mobile advisory limitation.,True,False,False,False
README.md,73,FCM,SAFE CONFIGURATION,Reviewed registry/deployment/dependency metadata or documentation. Dependency entries are not evidence of live-provider certification; see mobile advisory limitation.,True,False,False,False
README.md,75,FCM,SAFE CONFIGURATION,Reviewed registry/deployment/dependency metadata or documentation. Dependency entries are not evidence of live-provider certification; see mobile advisory limitation.,True,False,False,False
README.md,77,Firebase,SAFE CONFIGURATION,Reviewed registry/deployment/dependency metadata or documentation. Dependency entries are not evidence of live-provider certification; see mobile advisory limitation.,True,False,False,False
README.md,80,Firebase,SAFE CONFIGURATION,Reviewed registry/deployment/dependency metadata or documentation. Dependency entries are not evidence of live-provider certification; see mobile advisory limitation.,True,False,False,False
README.md,81,Firebase,SAFE CONFIGURATION,Reviewed registry/deployment/dependency metadata or documentation. Dependency entries are not evidence of live-provider certification; see mobile advisory limitation.,True,False,False,False
README.md,81,FIREBASE,SAFE CONFIGURATION,Reviewed registry/deployment/dependency metadata or documentation. Dependency entries are not evidence of live-provider certification; see mobile advisory limitation.,True,False,False,False
README.md,82,Firebase,SAFE CONFIGURATION,Reviewed registry/deployment/dependency metadata or documentation. Dependency entries are not evidence of live-provider certification; see mobile advisory limitation.,True,False,False,False
README.md,82,FIREBASE,SAFE CONFIGURATION,Reviewed registry/deployment/dependency metadata or documentation. Dependency entries are not evidence of live-provider certification; see mobile advisory limitation.,True,False,False,False
README.md,83,Firebase,SAFE CONFIGURATION,Reviewed registry/deployment/dependency metadata or documentation. Dependency entries are not evidence of live-provider certification; see mobile advisory limitation.,True,False,False,False
README.md,83,FIREBASE,SAFE CONFIGURATION,Reviewed registry/deployment/dependency metadata or documentation. Dependency entries are not evidence of live-provider certification; see mobile advisory limitation.,True,False,False,False
README.md,84,Firebase,SAFE CONFIGURATION,Reviewed registry/deployment/dependency metadata or documentation. Dependency entries are not evidence of live-provider certification; see mobile advisory limitation.,True,False,False,False
README.md,84,FIREBASE,SAFE CONFIGURATION,Reviewed registry/deployment/dependency metadata or documentation. Dependency entries are not evidence of live-provider certification; see mobile advisory limitation.,True,False,False,False
README.md,85,Firebase,SAFE CONFIGURATION,Reviewed registry/deployment/dependency metadata or documentation. Dependency entries are not evidence of live-provider certification; see mobile advisory limitation.,True,False,False,False
README.md,85,FIREBASE,SAFE CONFIGURATION,Reviewed registry/deployment/dependency metadata or documentation. Dependency entries are not evidence of live-provider certification; see mobile advisory limitation.,True,False,False,False
README.md,86,Firebase,SAFE CONFIGURATION,Reviewed registry/deployment/dependency metadata or documentation. Dependency entries are not evidence of live-provider certification; see mobile advisory limitation.,True,False,False,False
README.md,86,FIREBASE,SAFE CONFIGURATION,Reviewed registry/deployment/dependency metadata or documentation. Dependency entries are not evidence of live-provider certification; see mobile advisory limitation.,True,False,False,False
README.md,87,Firebase,SAFE CONFIGURATION,Reviewed registry/deployment/dependency metadata or documentation. Dependency entries are not evidence of live-provider certification; see mobile advisory limitation.,True,False,False,False
README.md,87,FIREBASE,SAFE CONFIGURATION,Reviewed registry/deployment/dependency metadata or documentation. Dependency entries are not evidence of live-provider certification; see mobile advisory limitation.,True,False,False,False
README.md,90,FCM,SAFE CONFIGURATION,Reviewed registry/deployment/dependency metadata or documentation. Dependency entries are not evidence of live-provider certification; see mobile advisory limitation.,True,False,False,False
README.md,90,Firebase,SAFE CONFIGURATION,Reviewed registry/deployment/dependency metadata or documentation. Dependency entries are not evidence of live-provider certification; see mobile advisory limitation.,True,False,False,False
README.md,92,Fylings,SAFE CONFIGURATION,Reviewed registry/deployment/dependency metadata or documentation. Dependency entries are not evidence of live-provider certification; see mobile advisory limitation.,True,False,False,False
README.md,93,Fylings,SAFE CONFIGURATION,Reviewed registry/deployment/dependency metadata or documentation. Dependency entries are not evidence of live-provider certification; see mobile advisory limitation.,True,False,False,False
README.md,97,fylings,SAFE CONFIGURATION,Reviewed registry/deployment/dependency metadata or documentation. Dependency entries are not evidence of live-provider certification; see mobile advisory limitation.,True,False,False,False
README.md,98,Fylings,SAFE CONFIGURATION,Reviewed registry/deployment/dependency metadata or documentation. Dependency entries are not evidence of live-provider certification; see mobile advisory limitation.,True,False,False,False
README.md,98,FYLINGS,SAFE CONFIGURATION,Reviewed registry/deployment/dependency metadata or documentation. Dependency entries are not evidence of live-provider certification; see mobile advisory limitation.,True,False,False,False
README.md,99,FYLINGS,SAFE CONFIGURATION,Reviewed registry/deployment/dependency metadata or documentation. Dependency entries are not evidence of live-provider certification; see mobile advisory limitation.,True,False,False,False
README.md,99,https://www.fylings.com,SAFE CONFIGURATION,Reviewed registry/deployment/dependency metadata or documentation. Dependency entries are not evidence of live-provider certification; see mobile advisory limitation.,True,False,False,False
README.md,101,Fylings,SAFE CONFIGURATION,Reviewed registry/deployment/dependency metadata or documentation. Dependency entries are not evidence of live-provider certification; see mobile advisory limitation.,True,False,False,False
README.md,105,Geoapify,SAFE CONFIGURATION,Reviewed registry/deployment/dependency metadata or documentation. Dependency entries are not evidence of live-provider certification; see mobile advisory limitation.,True,False,False,False
README.md,105,geoapify,SAFE CONFIGURATION,Reviewed registry/deployment/dependency metadata or documentation. Dependency entries are not evidence of live-provider certification; see mobile advisory limitation.,True,False,False,False
README.md,105,GEOAPIFY,SAFE CONFIGURATION,Reviewed registry/deployment/dependency metadata or documentation. Dependency entries are not evidence of live-provider certification; see mobile advisory limitation.,True,False,False,False
README.md,105,OpenStreetMap,SAFE CONFIGURATION,Reviewed registry/deployment/dependency metadata or documentation. Dependency entries are not evidence of live-provider certification; see mobile advisory limitation.,True,False,False,False
README.md,105,Render,SAFE CONFIGURATION,Reviewed registry/deployment/dependency metadata or documentation. Dependency entries are not evidence of live-provider certification; see mobile advisory limitation.,True,False,False,False
RENDER_RUNTIME_COMPATIBILITY_FIX.md,1,Render,SAFE CONFIGURATION,Reviewed registry/deployment/dependency metadata or documentation. Dependency entries are not evidence of live-provider certification; see mobile advisory limitation.,True,False,False,False
RENDER_RUNTIME_COMPATIBILITY_FIX.md,3,Render,SAFE CONFIGURATION,Reviewed registry/deployment/dependency metadata or documentation. Dependency entries are not evidence of live-provider certification; see mobile advisory limitation.,True,False,False,False
RENDER_RUNTIME_COMPATIBILITY_FIX.md,4,RENDER,SAFE CONFIGURATION,Reviewed registry/deployment/dependency metadata or documentation. Dependency entries are not evidence of live-provider certification; see mobile advisory limitation.,True,False,False,False
RENDER_RUNTIME_COMPATIBILITY_FIX.md,6,Render,SAFE CONFIGURATION,Reviewed registry/deployment/dependency metadata or documentation. Dependency entries are not evidence of live-provider certification; see mobile advisory limitation.,True,False,False,False
RENDER_RUNTIME_COMPATIBILITY_FIX.md,7,redis,SAFE CONFIGURATION,Reviewed registry/deployment/dependency metadata or documentation. Dependency entries are not evidence of live-provider certification; see mobile advisory limitation.,True,False,False,False
RENDER_RUNTIME_COMPATIBILITY_FIX.md,10,Redis,SAFE CONFIGURATION,Reviewed registry/deployment/dependency metadata or documentation. Dependency entries are not evidence of live-provider certification; see mobile advisory limitation.,True,False,False,False
RENDER_RUNTIME_COMPATIBILITY_FIX.md,11,Redis,SAFE CONFIGURATION,Reviewed registry/deployment/dependency metadata or documentation. Dependency entries are not evidence of live-provider certification; see mobile advisory limitation.,True,False,False,False
RENDER_RUNTIME_COMPATIBILITY_FIX.md,15,redis,SAFE CONFIGURATION,Reviewed registry/deployment/dependency metadata or documentation. Dependency entries are not evidence of live-provider certification; see mobile advisory limitation.,True,False,False,False
RENDER_RUNTIME_COMPATIBILITY_FIX.md,16,Render,SAFE CONFIGURATION,Reviewed registry/deployment/dependency metadata or documentation. Dependency entries are not evidence of live-provider certification; see mobile advisory limitation.,True,False,False,False
RENDER_RUNTIME_COMPATIBILITY_FIX.md,17,Render,SAFE CONFIGURATION,Reviewed registry/deployment/dependency metadata or documentation. Dependency entries are not evidence of live-provider certification; see mobile advisory limitation.,True,False,False,False
RENDER_RUNTIME_COMPATIBILITY_FIX.md,18,Redis,SAFE CONFIGURATION,Reviewed registry/deployment/dependency metadata or documentation. Dependency entries are not evidence of live-provider certification; see mobile advisory limitation.,True,False,False,False
RENDER_RUNTIME_COMPATIBILITY_FIX.md,18,REDIS,SAFE CONFIGURATION,Reviewed registry/deployment/dependency metadata or documentation. Dependency entries are not evidence of live-provider certification; see mobile advisory limitation.,True,False,False,False
docs/CLOUDFLARE_R2_STORAGE.md,1,Cloudflare,SAFE CONFIGURATION,Reviewed registry/deployment/dependency metadata or documentation. Dependency entries are not evidence of live-provider certification; see mobile advisory limitation.,True,False,False,False
docs/CLOUDFLARE_R2_STORAGE.md,1,R2,SAFE CONFIGURATION,Reviewed registry/deployment/dependency metadata or documentation. Dependency entries are not evidence of live-provider certification; see mobile advisory limitation.,True,False,False,False
docs/CLOUDFLARE_R2_STORAGE.md,13,Cloudflare,SAFE CONFIGURATION,Reviewed registry/deployment/dependency metadata or documentation. Dependency entries are not evidence of live-provider certification; see mobile advisory limitation.,True,False,False,False
docs/CLOUDFLARE_R2_STORAGE.md,18,R2,SAFE CONFIGURATION,Reviewed registry/deployment/dependency metadata or documentation. Dependency entries are not evidence of live-provider certification; see mobile advisory limitation.,True,False,False,False
docs/CLOUDFLARE_R2_STORAGE.md,20,Render,SAFE CONFIGURATION,Reviewed registry/deployment/dependency metadata or documentation. Dependency entries are not evidence of live-provider certification; see mobile advisory limitation.,True,False,False,False
docs/CLOUDFLARE_R2_STORAGE.md,25,r2,SAFE CONFIGURATION,Reviewed registry/deployment/dependency metadata or documentation. Dependency entries are not evidence of live-provider certification; see mobile advisory limitation.,True,False,False,False
docs/CLOUDFLARE_R2_STORAGE.md,26,Cloudflare,SAFE CONFIGURATION,Reviewed registry/deployment/dependency metadata or documentation. Dependency entries are not evidence of live-provider certification; see mobile advisory limitation.,True,False,False,False
docs/CLOUDFLARE_R2_STORAGE.md,26,CLOUDFLARE,SAFE CONFIGURATION,Reviewed registry/deployment/dependency metadata or documentation. Dependency entries are not evidence of live-provider certification; see mobile advisory limitation.,True,False,False,False
docs/CLOUDFLARE_R2_STORAGE.md,27,CLOUDFLARE,SAFE CONFIGURATION,Reviewed registry/deployment/dependency metadata or documentation. Dependency entries are not evidence of live-provider certification; see mobile advisory limitation.,True,False,False,False
docs/CLOUDFLARE_R2_STORAGE.md,27,R2,SAFE CONFIGURATION,Reviewed registry/deployment/dependency metadata or documentation. Dependency entries are not evidence of live-provider certification; see mobile advisory limitation.,True,False,False,False
docs/CLOUDFLARE_R2_STORAGE.md,28,CLOUDFLARE,SAFE CONFIGURATION,Reviewed registry/deployment/dependency metadata or documentation. Dependency entries are not evidence of live-provider certification; see mobile advisory limitation.,True,False,False,False
docs/CLOUDFLARE_R2_STORAGE.md,28,R2,SAFE CONFIGURATION,Reviewed registry/deployment/dependency metadata or documentation. Dependency entries are not evidence of live-provider certification; see mobile advisory limitation.,True,False,False,False
docs/CLOUDFLARE_R2_STORAGE.md,29,CLOUDFLARE,SAFE CONFIGURATION,Reviewed registry/deployment/dependency metadata or documentation. Dependency entries are not evidence of live-provider certification; see mobile advisory limitation.,True,False,False,False
docs/CLOUDFLARE_R2_STORAGE.md,29,R2,SAFE CONFIGURATION,Reviewed registry/deployment/dependency metadata or documentation. Dependency entries are not evidence of live-provider certification; see mobile advisory limitation.,True,False,False,False
docs/CLOUDFLARE_R2_STORAGE.md,34,R2,SAFE CONFIGURATION,Reviewed registry/deployment/dependency metadata or documentation. Dependency entries are not evidence of live-provider certification; see mobile advisory limitation.,True,False,False,False
docs/CLOUDFLARE_R2_STORAGE.md,34,S3,SAFE CONFIGURATION,Reviewed registry/deployment/dependency metadata or documentation. Dependency entries are not evidence of live-provider certification; see mobile advisory limitation.,True,False,False,False
docs/CLOUDFLARE_R2_STORAGE.md,34,s3,SAFE CONFIGURATION,Reviewed registry/deployment/dependency metadata or documentation. Dependency entries are not evidence of live-provider certification; see mobile advisory limitation.,True,False,False,False
docs/CLOUDFLARE_R2_STORAGE.md,36,Cloudflare,SAFE CONFIGURATION,Reviewed registry/deployment/dependency metadata or documentation. Dependency entries are not evidence of live-provider certification; see mobile advisory limitation.,True,False,False,False
docs/CLOUDFLARE_R2_STORAGE.md,38,Cloudflare,SAFE CONFIGURATION,Reviewed registry/deployment/dependency metadata or documentation. Dependency entries are not evidence of live-provider certification; see mobile advisory limitation.,True,False,False,False
docs/CLOUDFLARE_R2_STORAGE.md,38,R2,SAFE CONFIGURATION,Reviewed registry/deployment/dependency metadata or documentation. Dependency entries are not evidence of live-provider certification; see mobile advisory limitation.,True,False,False,False
docs/CLOUDFLARE_R2_STORAGE.md,39,R2,SAFE CONFIGURATION,Reviewed registry/deployment/dependency metadata or documentation. Dependency entries are not evidence of live-provider certification; see mobile advisory limitation.,True,False,False,False
docs/CLOUDFLARE_R2_STORAGE.md,40,Render,SAFE CONFIGURATION,Reviewed registry/deployment/dependency metadata or documentation. Dependency entries are not evidence of live-provider certification; see mobile advisory limitation.,True,False,False,False
docs/CLOUDFLARE_R2_STORAGE.md,41,r2,SAFE CONFIGURATION,Reviewed registry/deployment/dependency metadata or documentation. Dependency entries are not evidence of live-provider certification; see mobile advisory limitation.,True,False,False,False
docs/CLOUDFLARE_R2_STORAGE.md,44,AWS,SAFE CONFIGURATION,Reviewed registry/deployment/dependency metadata or documentation. Dependency entries are not evidence of live-provider certification; see mobile advisory limitation.,True,False,False,False
docs/CLOUDFLARE_R2_STORAGE.md,44,S3,SAFE CONFIGURATION,Reviewed registry/deployment/dependency metadata or documentation. Dependency entries are not evidence of live-provider certification; see mobile advisory limitation.,True,False,False,False
docs/CLOUDFLARE_R2_STORAGE.md,50,R2,SAFE CONFIGURATION,Reviewed registry/deployment/dependency metadata or documentation. Dependency entries are not evidence of live-provider certification; see mobile advisory limitation.,True,False,False,False
docs/CLOUDFLARE_R2_STORAGE.md,51,R2,SAFE CONFIGURATION,Reviewed registry/deployment/dependency metadata or documentation. Dependency entries are not evidence of live-provider certification; see mobile advisory limitation.,True,False,False,False
docs/CLOUDFLARE_R2_STORAGE.md,76,R2,SAFE CONFIGURATION,Reviewed registry/deployment/dependency metadata or documentation. Dependency entries are not evidence of live-provider certification; see mobile advisory limitation.,True,False,False,False
docs/deployment/production-candidate.md,7,https://github.com/PaystackOSS/openapi/blob/main/dist/paystack.yaml,SAFE CONFIGURATION,Reviewed registry/deployment/dependency metadata or documentation. Dependency entries are not evidence of live-provider certification; see mobile advisory limitation.,True,False,False,False
docs/deployment/production-candidate.md,7,Paystack,SAFE CONFIGURATION,Reviewed registry/deployment/dependency metadata or documentation. Dependency entries are not evidence of live-provider certification; see mobile advisory limitation.,True,False,False,False
docs/deployment/production-candidate.md,17,AWS,SAFE CONFIGURATION,Reviewed registry/deployment/dependency metadata or documentation. Dependency entries are not evidence of live-provider certification; see mobile advisory limitation.,True,False,False,False
docs/deployment/production-candidate.md,17,Render,SAFE CONFIGURATION,Reviewed registry/deployment/dependency metadata or documentation. Dependency entries are not evidence of live-provider certification; see mobile advisory limitation.,True,False,False,False
docs/deployment/production-candidate.md,19,RENDER,SAFE CONFIGURATION,Reviewed registry/deployment/dependency metadata or documentation. Dependency entries are not evidence of live-provider certification; see mobile advisory limitation.,True,False,False,False
docs/deployment/production-candidate.md,19,Render,SAFE CONFIGURATION,Reviewed registry/deployment/dependency metadata or documentation. Dependency entries are not evidence of live-provider certification; see mobile advisory limitation.,True,False,False,False
docs/deployment/production-candidate.md,21,Redis,SAFE CONFIGURATION,Reviewed registry/deployment/dependency metadata or documentation. Dependency entries are not evidence of live-provider certification; see mobile advisory limitation.,True,False,False,False
docs/deployment/production-candidate.md,23,Redis,SAFE CONFIGURATION,Reviewed registry/deployment/dependency metadata or documentation. Dependency entries are not evidence of live-provider certification; see mobile advisory limitation.,True,False,False,False
docs/deployment/production-candidate.md,23,REDIS,SAFE CONFIGURATION,Reviewed registry/deployment/dependency metadata or documentation. Dependency entries are not evidence of live-provider certification; see mobile advisory limitation.,True,False,False,False
docs/deployment/production-candidate.md,23,redis,SAFE CONFIGURATION,Reviewed registry/deployment/dependency metadata or documentation. Dependency entries are not evidence of live-provider certification; see mobile advisory limitation.,True,False,False,False
docs/deployment/production-candidate.md,23,Render,SAFE CONFIGURATION,Reviewed registry/deployment/dependency metadata or documentation. Dependency entries are not evidence of live-provider certification; see mobile advisory limitation.,True,False,False,False
docs/deployment/production-candidate.md,23,Valkey,SAFE CONFIGURATION,Reviewed registry/deployment/dependency metadata or documentation. Dependency entries are not evidence of live-provider certification; see mobile advisory limitation.,True,False,False,False
docs/deployment/production-candidate.md,25,CLOUDFLARE,SAFE CONFIGURATION,Reviewed registry/deployment/dependency metadata or documentation. Dependency entries are not evidence of live-provider certification; see mobile advisory limitation.,True,False,False,False
docs/deployment/production-candidate.md,25,R2,SAFE CONFIGURATION,Reviewed registry/deployment/dependency metadata or documentation. Dependency entries are not evidence of live-provider certification; see mobile advisory limitation.,True,False,False,False
docs/deployment/production-candidate.md,25,S3,SAFE CONFIGURATION,Reviewed registry/deployment/dependency metadata or documentation. Dependency entries are not evidence of live-provider certification; see mobile advisory limitation.,True,False,False,False
docs/deployment/production-candidate.md,25,s3,SAFE CONFIGURATION,Reviewed registry/deployment/dependency metadata or documentation. Dependency entries are not evidence of live-provider certification; see mobile advisory limitation.,True,False,False,False
docs/deployment/production-candidate.md,35,AWS,SAFE CONFIGURATION,Reviewed registry/deployment/dependency metadata or documentation. Dependency entries are not evidence of live-provider certification; see mobile advisory limitation.,True,False,False,False
docs/deployment/production-candidate.md,37,AWS,SAFE CONFIGURATION,Reviewed registry/deployment/dependency metadata or documentation. Dependency entries are not evidence of live-provider certification; see mobile advisory limitation.,True,False,False,False
docs/deployment/production-candidate.md,39,Vercel,SAFE CONFIGURATION,Reviewed registry/deployment/dependency metadata or documentation. Dependency entries are not evidence of live-provider certification; see mobile advisory limitation.,True,False,False,False
docs/deployment/production-candidate.md,41,Arkesel,SAFE CONFIGURATION,Reviewed registry/deployment/dependency metadata or documentation. Dependency entries are not evidence of live-provider certification; see mobile advisory limitation.,True,False,False,False
docs/deployment/production-candidate.md,41,Paystack,SAFE CONFIGURATION,Reviewed registry/deployment/dependency metadata or documentation. Dependency entries are not evidence of live-provider certification; see mobile advisory limitation.,True,False,False,False
docs/deployment/production-candidate.md,41,R2,SAFE CONFIGURATION,Reviewed registry/deployment/dependency metadata or documentation. Dependency entries are not evidence of live-provider certification; see mobile advisory limitation.,True,False,False,False
docs/deployment/production-candidate.md,41,Resend,SAFE CONFIGURATION,Reviewed registry/deployment/dependency metadata or documentation. Dependency entries are not evidence of live-provider certification; see mobile advisory limitation.,True,False,False,False
docs/deployment/production-cto-follow-up.md,5,Hubtel,SAFE CONFIGURATION,Reviewed registry/deployment/dependency metadata or documentation. Dependency entries are not evidence of live-provider certification; see mobile advisory limitation.,True,False,False,False
docs/deployment/production-cto-follow-up.md,17,Render,SAFE CONFIGURATION,Reviewed registry/deployment/dependency metadata or documentation. Dependency entries are not evidence of live-provider certification; see mobile advisory limitation.,True,False,False,False
docs/deployment/production-cto-follow-up.md,21,Redis,SAFE CONFIGURATION,Reviewed registry/deployment/dependency metadata or documentation. Dependency entries are not evidence of live-provider certification; see mobile advisory limitation.,True,False,False,False
docs/deployment/production-cto-follow-up.md,22,Redis,SAFE CONFIGURATION,Reviewed registry/deployment/dependency metadata or documentation. Dependency entries are not evidence of live-provider certification; see mobile advisory limitation.,True,False,False,False
docs/deployment/production-cto-follow-up.md,22,RENDER,SAFE CONFIGURATION,Reviewed registry/deployment/dependency metadata or documentation. Dependency entries are not evidence of live-provider certification; see mobile advisory limitation.,True,False,False,False
docs/deployment/production-cto-follow-up.md,22,Render,SAFE CONFIGURATION,Reviewed registry/deployment/dependency metadata or documentation. Dependency entries are not evidence of live-provider certification; see mobile advisory limitation.,True,False,False,False
docs/deployment/production-cto-follow-up.md,29,typesense,SAFE CONFIGURATION,Reviewed registry/deployment/dependency metadata or documentation. Dependency entries are not evidence of live-provider certification; see mobile advisory limitation.,True,False,False,False
docs/deployment/production-cto-follow-up.md,29,TYPESENSE,SAFE CONFIGURATION,Reviewed registry/deployment/dependency metadata or documentation. Dependency entries are not evidence of live-provider certification; see mobile advisory limitation.,True,False,False,False
docs/deployment/production-cto-follow-up.md,33,Expo,SAFE CONFIGURATION,Reviewed registry/deployment/dependency metadata or documentation. Dependency entries are not evidence of live-provider certification; see mobile advisory limitation.,True,False,False,False
docs/deployment/production-cto-follow-up.md,35,Render,SAFE CONFIGURATION,Reviewed registry/deployment/dependency metadata or documentation. Dependency entries are not evidence of live-provider certification; see mobile advisory limitation.,True,False,False,False
docs/deployment/production-cto-follow-up.md,37,FCM,SAFE CONFIGURATION,Reviewed registry/deployment/dependency metadata or documentation. Dependency entries are not evidence of live-provider certification; see mobile advisory limitation.,True,False,False,False
docs/deployment/production-cto-follow-up.md,37,FIREBASE,SAFE CONFIGURATION,Reviewed registry/deployment/dependency metadata or documentation. Dependency entries are not evidence of live-provider certification; see mobile advisory limitation.,True,False,False,False
docs/deployment/production-cto-follow-up.md,39,Redis,SAFE CONFIGURATION,Reviewed registry/deployment/dependency metadata or documentation. Dependency entries are not evidence of live-provider certification; see mobile advisory limitation.,True,False,False,False
docs/deployment/production-cto-follow-up.md,39,REDIS,SAFE CONFIGURATION,Reviewed registry/deployment/dependency metadata or documentation. Dependency entries are not evidence of live-provider certification; see mobile advisory limitation.,True,False,False,False
docs/deployment/provider-architecture.md,17,paystack,SAFE CONFIGURATION,Reviewed registry/deployment/dependency metadata or documentation. Dependency entries are not evidence of live-provider certification; see mobile advisory limitation.,True,False,False,False
docs/deployment/provider-architecture.md,18,s3,SAFE CONFIGURATION,Reviewed registry/deployment/dependency metadata or documentation. Dependency entries are not evidence of live-provider certification; see mobile advisory limitation.,True,False,False,False
docs/deployment/provider-architecture.md,19,CLOUDFLARE,SAFE CONFIGURATION,Reviewed registry/deployment/dependency metadata or documentation. Dependency entries are not evidence of live-provider certification; see mobile advisory limitation.,True,False,False,False
docs/deployment/provider-architecture.md,19,r2,SAFE CONFIGURATION,Reviewed registry/deployment/dependency metadata or documentation. Dependency entries are not evidence of live-provider certification; see mobile advisory limitation.,True,False,False,False
docs/deployment/provider-architecture.md,19,R2,SAFE CONFIGURATION,Reviewed registry/deployment/dependency metadata or documentation. Dependency entries are not evidence of live-provider certification; see mobile advisory limitation.,True,False,False,False
docs/deployment/provider-architecture.md,20,GEOAPIFY,SAFE CONFIGURATION,Reviewed registry/deployment/dependency metadata or documentation. Dependency entries are not evidence of live-provider certification; see mobile advisory limitation.,True,False,False,False
docs/deployment/provider-architecture.md,20,geoapify,SAFE CONFIGURATION,Reviewed registry/deployment/dependency metadata or documentation. Dependency entries are not evidence of live-provider certification; see mobile advisory limitation.,True,False,False,False
docs/deployment/provider-architecture.md,21,RESEND,SAFE CONFIGURATION,Reviewed registry/deployment/dependency metadata or documentation. Dependency entries are not evidence of live-provider certification; see mobile advisory limitation.,True,False,False,False
docs/deployment/provider-architecture.md,21,resend,SAFE CONFIGURATION,Reviewed registry/deployment/dependency metadata or documentation. Dependency entries are not evidence of live-provider certification; see mobile advisory limitation.,True,False,False,False
docs/deployment/provider-architecture.md,22,arkesel,SAFE CONFIGURATION,Reviewed registry/deployment/dependency metadata or documentation. Dependency entries are not evidence of live-provider certification; see mobile advisory limitation.,True,False,False,False
docs/deployment/provider-architecture.md,22,ARKESEL,SAFE CONFIGURATION,Reviewed registry/deployment/dependency metadata or documentation. Dependency entries are not evidence of live-provider certification; see mobile advisory limitation.,True,False,False,False
docs/deployment/provider-architecture.md,23,FCM,SAFE CONFIGURATION,Reviewed registry/deployment/dependency metadata or documentation. Dependency entries are not evidence of live-provider certification; see mobile advisory limitation.,True,False,False,False
docs/deployment/provider-architecture.md,23,fcm,SAFE CONFIGURATION,Reviewed registry/deployment/dependency metadata or documentation. Dependency entries are not evidence of live-provider certification; see mobile advisory limitation.,True,False,False,False
docs/deployment/provider-architecture.md,23,FIREBASE,SAFE CONFIGURATION,Reviewed registry/deployment/dependency metadata or documentation. Dependency entries are not evidence of live-provider certification; see mobile advisory limitation.,True,False,False,False
docs/deployment/provider-architecture.md,24,Fylings,SAFE CONFIGURATION,Reviewed registry/deployment/dependency metadata or documentation. Dependency entries are not evidence of live-provider certification; see mobile advisory limitation.,True,False,False,False
docs/deployment/provider-architecture.md,24,FYLINGS,SAFE CONFIGURATION,Reviewed registry/deployment/dependency metadata or documentation. Dependency entries are not evidence of live-provider certification; see mobile advisory limitation.,True,False,False,False
docs/deployment/provider-architecture.md,24,fylings,SAFE CONFIGURATION,Reviewed registry/deployment/dependency metadata or documentation. Dependency entries are not evidence of live-provider certification; see mobile advisory limitation.,True,False,False,False
docs/deployment/provider-architecture.md,25,Bolt,SAFE CONFIGURATION,Reviewed registry/deployment/dependency metadata or documentation. Dependency entries are not evidence of live-provider certification; see mobile advisory limitation.,True,False,False,False
docs/deployment/provider-architecture.md,25,Uber,SAFE CONFIGURATION,Reviewed registry/deployment/dependency metadata or documentation. Dependency entries are not evidence of live-provider certification; see mobile advisory limitation.,True,False,False,False
docs/deployment/provider-architecture.md,25,Yango,SAFE CONFIGURATION,Reviewed registry/deployment/dependency metadata or documentation. Dependency entries are not evidence of live-provider certification; see mobile advisory limitation.,True,False,False,False
docs/deployment/provider-architecture.md,27,Hubtel,SAFE CONFIGURATION,Reviewed registry/deployment/dependency metadata or documentation. Dependency entries are not evidence of live-provider certification; see mobile advisory limitation.,True,False,False,False
docs/deployment/provider-architecture.md,31,S3,SAFE CONFIGURATION,Reviewed registry/deployment/dependency metadata or documentation. Dependency entries are not evidence of live-provider certification; see mobile advisory limitation.,True,False,False,False
docs/deployment/provider-architecture.md,35,STUN,SAFE CONFIGURATION,Reviewed registry/deployment/dependency metadata or documentation. Dependency entries are not evidence of live-provider certification; see mobile advisory limitation.,True,False,False,False
docs/deployment/provider-architecture.md,37,FCM,SAFE CONFIGURATION,Reviewed registry/deployment/dependency metadata or documentation. Dependency entries are not evidence of live-provider certification; see mobile advisory limitation.,True,False,False,False
docs/deployment/provider-architecture.md,47,Render,SAFE CONFIGURATION,Reviewed registry/deployment/dependency metadata or documentation. Dependency entries are not evidence of live-provider certification; see mobile advisory limitation.,True,False,False,False
docs/deployment/provider-architecture.md,57,Redis,SAFE CONFIGURATION,Reviewed registry/deployment/dependency metadata or documentation. Dependency entries are not evidence of live-provider certification; see mobile advisory limitation.,True,False,False,False
docs/deployment/provider-architecture.md,64,Render,SAFE CONFIGURATION,Reviewed registry/deployment/dependency metadata or documentation. Dependency entries are not evidence of live-provider certification; see mobile advisory limitation.,True,False,False,False
docs/deployment/provider-architecture.md,68,Arkesel,SAFE CONFIGURATION,Reviewed registry/deployment/dependency metadata or documentation. Dependency entries are not evidence of live-provider certification; see mobile advisory limitation.,True,False,False,False
docs/deployment/provider-architecture.md,68,AWS,SAFE CONFIGURATION,Reviewed registry/deployment/dependency metadata or documentation. Dependency entries are not evidence of live-provider certification; see mobile advisory limitation.,True,False,False,False
docs/deployment/provider-architecture.md,68,FCM,SAFE CONFIGURATION,Reviewed registry/deployment/dependency metadata or documentation. Dependency entries are not evidence of live-provider certification; see mobile advisory limitation.,True,False,False,False
docs/deployment/provider-architecture.md,68,Fylings,SAFE CONFIGURATION,Reviewed registry/deployment/dependency metadata or documentation. Dependency entries are not evidence of live-provider certification; see mobile advisory limitation.,True,False,False,False
docs/deployment/provider-architecture.md,68,Geoapify,SAFE CONFIGURATION,Reviewed registry/deployment/dependency metadata or documentation. Dependency entries are not evidence of live-provider certification; see mobile advisory limitation.,True,False,False,False
docs/deployment/provider-architecture.md,68,Paystack,SAFE CONFIGURATION,Reviewed registry/deployment/dependency metadata or documentation. Dependency entries are not evidence of live-provider certification; see mobile advisory limitation.,True,False,False,False
docs/deployment/provider-architecture.md,68,Render,SAFE CONFIGURATION,Reviewed registry/deployment/dependency metadata or documentation. Dependency entries are not evidence of live-provider certification; see mobile advisory limitation.,True,False,False,False
docs/deployment/provider-architecture.md,68,Resend,SAFE CONFIGURATION,Reviewed registry/deployment/dependency metadata or documentation. Dependency entries are not evidence of live-provider certification; see mobile advisory limitation.,True,False,False,False
docs/deployment/provider-architecture.md,68,S3,SAFE CONFIGURATION,Reviewed registry/deployment/dependency metadata or documentation. Dependency entries are not evidence of live-provider certification; see mobile advisory limitation.,True,False,False,False
eslint.config.mjs,14,vercel,SAFE CONFIGURATION,Reviewed registry/deployment/dependency metadata or documentation. Dependency entries are not evidence of live-provider certification; see mobile advisory limitation.,True,False,False,False
migrations.sha256.json,26,motito,SAFE HISTORICAL MIGRATION,"Immutable migration/ledger; validate the final applied schema, not an intermediate definition. Active financial functions were inspected in PostgreSQL.",True,False,True,False
migrations.sha256.json,26,paysmallsmall,SAFE HISTORICAL MIGRATION,"Immutable migration/ledger; validate the final applied schema, not an intermediate definition. Active financial functions were inspected in PostgreSQL.",True,False,True,False
migrations.sha256.json,39,arkesel,SAFE HISTORICAL MIGRATION,"Immutable migration/ledger; validate the final applied schema, not an intermediate definition. Active financial functions were inspected in PostgreSQL.",True,False,True,False
migrations.sha256.json,43,resend,SAFE HISTORICAL MIGRATION,"Immutable migration/ledger; validate the final applied schema, not an intermediate definition. Active financial functions were inspected in PostgreSQL.",True,False,True,False
migrations.sha256.json,46,fylings,SAFE HISTORICAL MIGRATION,"Immutable migration/ledger; validate the final applied schema, not an intermediate definition. Active financial functions were inspected in PostgreSQL.",True,False,True,False
migrations.sha256.json,52,geoapify,SAFE HISTORICAL MIGRATION,"Immutable migration/ledger; validate the final applied schema, not an intermediate definition. Active financial functions were inspected in PostgreSQL.",True,False,True,False
migrations.sha256.json,70,paystack,SAFE HISTORICAL MIGRATION,"Immutable migration/ledger; validate the final applied schema, not an intermediate definition. Active financial functions were inspected in PostgreSQL.",True,False,True,False
migrations/0001_auth.sql,9,Neon,SAFE HISTORICAL MIGRATION,"Immutable migration/ledger; validate the final applied schema, not an intermediate definition. Active financial functions were inspected in PostgreSQL.",True,False,True,False
migrations/0001_auth.sql,9,Vercel,SAFE HISTORICAL MIGRATION,"Immutable migration/ledger; validate the final applied schema, not an intermediate definition. Active financial functions were inspected in PostgreSQL.",True,False,True,False
migrations/0001_auth.sql,17,neon,SAFE HISTORICAL MIGRATION,"Immutable migration/ledger; validate the final applied schema, not an intermediate definition. Active financial functions were inspected in PostgreSQL.",True,False,True,False
migrations/0003_auth.sql,9,Neon,SAFE HISTORICAL MIGRATION,"Immutable migration/ledger; validate the final applied schema, not an intermediate definition. Active financial functions were inspected in PostgreSQL.",True,False,True,False
migrations/0003_auth.sql,9,Vercel,SAFE HISTORICAL MIGRATION,"Immutable migration/ledger; validate the final applied schema, not an intermediate definition. Active financial functions were inspected in PostgreSQL.",True,False,True,False
migrations/0003_auth.sql,17,neon,SAFE HISTORICAL MIGRATION,"Immutable migration/ledger; validate the final applied schema, not an intermediate definition. Active financial functions were inspected in PostgreSQL.",True,False,True,False
migrations/0021_escrow_settlement_brands.sql,117,https://www.samsung.com/,SAFE HISTORICAL MIGRATION,"Immutable migration/ledger; validate the final applied schema, not an intermediate definition. Active financial functions were inspected in PostgreSQL.",True,False,True,False
migrations/0021_escrow_settlement_brands.sql,118,https://www.hisense.com/,SAFE HISTORICAL MIGRATION,"Immutable migration/ledger; validate the final applied schema, not an intermediate definition. Active financial functions were inspected in PostgreSQL.",True,False,True,False
migrations/0024_payment_provider_selection.sql,3,Paystack,SAFE HISTORICAL MIGRATION,"Immutable migration/ledger; validate the final applied schema, not an intermediate definition. Active financial functions were inspected in PostgreSQL.",True,False,True,False
migrations/0024_payment_provider_selection.sql,4,Hubtel,SAFE HISTORICAL MIGRATION,"Immutable migration/ledger; validate the final applied schema, not an intermediate definition. Active financial functions were inspected in PostgreSQL.",True,False,True,False
migrations/0024_payment_provider_selection.sql,8,paystack,SAFE HISTORICAL MIGRATION,"Immutable migration/ledger; validate the final applied schema, not an intermediate definition. Active financial functions were inspected in PostgreSQL.",True,False,True,False
migrations/0024_payment_provider_selection.sql,8,Paystack,SAFE HISTORICAL MIGRATION,"Immutable migration/ledger; validate the final applied schema, not an intermediate definition. Active financial functions were inspected in PostgreSQL.",True,False,True,False
migrations/0024_payment_provider_selection.sql,9,paystack,SAFE HISTORICAL MIGRATION,"Immutable migration/ledger; validate the final applied schema, not an intermediate definition. Active financial functions were inspected in PostgreSQL.",True,False,True,False
migrations/0024_payment_provider_selection.sql,9,Paystack,SAFE HISTORICAL MIGRATION,"Immutable migration/ledger; validate the final applied schema, not an intermediate definition. Active financial functions were inspected in PostgreSQL.",True,False,True,False
migrations/0024_payment_provider_selection.sql,10,hubtel,SAFE HISTORICAL MIGRATION,"Immutable migration/ledger; validate the final applied schema, not an intermediate definition. Active financial functions were inspected in PostgreSQL.",True,False,True,False
migrations/0024_payment_provider_selection.sql,10,Hubtel,SAFE HISTORICAL MIGRATION,"Immutable migration/ledger; validate the final applied schema, not an intermediate definition. Active financial functions were inspected in PostgreSQL.",True,False,True,False
migrations/0024_payment_provider_selection.sql,11,hubtel,SAFE HISTORICAL MIGRATION,"Immutable migration/ledger; validate the final applied schema, not an intermediate definition. Active financial functions were inspected in PostgreSQL.",True,False,True,False
migrations/0024_payment_provider_selection.sql,11,Hubtel,SAFE HISTORICAL MIGRATION,"Immutable migration/ledger; validate the final applied schema, not an intermediate definition. Active financial functions were inspected in PostgreSQL.",True,False,True,False
migrations/0024_payment_provider_selection.sql,18,Hubtel,SAFE HISTORICAL MIGRATION,"Immutable migration/ledger; validate the final applied schema, not an intermediate definition. Active financial functions were inspected in PostgreSQL.",True,False,True,False
migrations/0024_payment_provider_selection.sql,18,Paystack,SAFE HISTORICAL MIGRATION,"Immutable migration/ledger; validate the final applied schema, not an intermediate definition. Active financial functions were inspected in PostgreSQL.",True,False,True,False
migrations/0026_neutral_financing_provider.sql,17,motito,SAFE HISTORICAL MIGRATION,"Immutable migration/ledger; validate the final applied schema, not an intermediate definition. Active financial functions were inspected in PostgreSQL.",True,False,True,False
migrations/0026_neutral_financing_provider.sql,17,paysmallsmall,SAFE HISTORICAL MIGRATION,"Immutable migration/ledger; validate the final applied schema, not an intermediate definition. Active financial functions were inspected in PostgreSQL.",True,False,True,False
migrations/0028_real_provider_integration_hardening.sql,15,hubtel,SAFE HISTORICAL MIGRATION,"Immutable migration/ledger; validate the final applied schema, not an intermediate definition. Active financial functions were inspected in PostgreSQL.",True,False,True,False
migrations/0028_real_provider_integration_hardening.sql,15,paystack,SAFE HISTORICAL MIGRATION,"Immutable migration/ledger; validate the final applied schema, not an intermediate definition. Active financial functions were inspected in PostgreSQL.",True,False,True,False
migrations/0029_live_checkout_provider_binding.sql,2,paystack,SAFE HISTORICAL MIGRATION,"Immutable migration/ledger; validate the final applied schema, not an intermediate definition. Active financial functions were inspected in PostgreSQL.",True,False,True,False
migrations/0029_live_checkout_provider_binding.sql,2,Paystack,SAFE HISTORICAL MIGRATION,"Immutable migration/ledger; validate the final applied schema, not an intermediate definition. Active financial functions were inspected in PostgreSQL.",True,False,True,False
migrations/0031_provider_neutral_capabilities.sql,8,Paystack,SAFE HISTORICAL MIGRATION,"Immutable migration/ledger; validate the final applied schema, not an intermediate definition. Active financial functions were inspected in PostgreSQL.",True,False,True,False
migrations/0031_provider_neutral_capabilities.sql,12,paystack,SAFE HISTORICAL MIGRATION,"Immutable migration/ledger; validate the final applied schema, not an intermediate definition. Active financial functions were inspected in PostgreSQL.",True,False,True,False
migrations/0043_email_otp_resend.sql,1,Resend,SAFE HISTORICAL MIGRATION,"Immutable migration/ledger; validate the final applied schema, not an intermediate definition. Active financial functions were inspected in PostgreSQL.",True,False,True,False
migrations/0043_email_otp_resend.sql,3,resend,SAFE HISTORICAL MIGRATION,"Immutable migration/ledger; validate the final applied schema, not an intermediate definition. Active financial functions were inspected in PostgreSQL.",True,False,True,False
migrations/0043_email_otp_resend.sql,5,resend,SAFE HISTORICAL MIGRATION,"Immutable migration/ledger; validate the final applied schema, not an intermediate definition. Active financial functions were inspected in PostgreSQL.",True,False,True,False
migrations/0043_email_otp_resend.sql,7,resend,SAFE HISTORICAL MIGRATION,"Immutable migration/ledger; validate the final applied schema, not an intermediate definition. Active financial functions were inspected in PostgreSQL.",True,False,True,False
migrations/0043_email_otp_resend.sql,8,resend,SAFE HISTORICAL MIGRATION,"Immutable migration/ledger; validate the final applied schema, not an intermediate definition. Active financial functions were inspected in PostgreSQL.",True,False,True,False
migrations/0043_email_otp_resend.sql,10,resend,SAFE HISTORICAL MIGRATION,"Immutable migration/ledger; validate the final applied schema, not an intermediate definition. Active financial functions were inspected in PostgreSQL.",True,False,True,False
migrations/0044_email_events.sql,1,Resend,SAFE HISTORICAL MIGRATION,"Immutable migration/ledger; validate the final applied schema, not an intermediate definition. Active financial functions were inspected in PostgreSQL.",True,False,True,False
migrations/0044_email_events.sql,18,Resend,SAFE HISTORICAL MIGRATION,"Immutable migration/ledger; validate the final applied schema, not an intermediate definition. Active financial functions were inspected in PostgreSQL.",True,False,True,False
migrations/0045_push_notifications_fcm.sql,1,FCM,SAFE HISTORICAL MIGRATION,"Immutable migration/ledger; validate the final applied schema, not an intermediate definition. Active financial functions were inspected in PostgreSQL.",True,False,True,False
migrations/0046_kyb_fylings.sql,2,Fylings,SAFE HISTORICAL MIGRATION,"Immutable migration/ledger; validate the final applied schema, not an intermediate definition. Active financial functions were inspected in PostgreSQL.",True,False,True,False
migrations/0046_kyb_fylings.sql,8,Fylings,SAFE HISTORICAL MIGRATION,"Immutable migration/ledger; validate the final applied schema, not an intermediate definition. Active financial functions were inspected in PostgreSQL.",True,False,True,False
migrations/0050_fraud_risk_controls.sql,3,Hubtel,SAFE HISTORICAL MIGRATION,"Immutable migration/ledger; validate the final applied schema, not an intermediate definition. Active financial functions were inspected in PostgreSQL.",True,False,True,False
migrations/0050_fraud_risk_controls.sql,3,Paystack,SAFE HISTORICAL MIGRATION,"Immutable migration/ledger; validate the final applied schema, not an intermediate definition. Active financial functions were inspected in PostgreSQL.",True,False,True,False
migrations/0052_geoapify_location_cache.sql,1,Geoapify,SAFE HISTORICAL MIGRATION,"Immutable migration/ledger; validate the final applied schema, not an intermediate definition. Active financial functions were inspected in PostgreSQL.",True,False,True,False
migrations/0052_geoapify_location_cache.sql,5,geoapify,SAFE HISTORICAL MIGRATION,"Immutable migration/ledger; validate the final applied schema, not an intermediate definition. Active financial functions were inspected in PostgreSQL.",True,False,True,False
migrations/0117_owasp_deep_remediation.sql,167,https://[^\\s]+$,SAFE HISTORICAL MIGRATION,"Immutable migration/ledger; validate the final applied schema, not an intermediate definition. Active financial functions were inspected in PostgreSQL.",True,False,True,False
migrations/0123_admin_campaign_management.sql,26,render,SAFE HISTORICAL MIGRATION,"Immutable migration/ledger; validate the final applied schema, not an intermediate definition. Active financial functions were inspected in PostgreSQL.",True,False,True,False
migrations/0133_production_payment_boundaries.sql,248,Paystack,SAFE HISTORICAL MIGRATION,"Immutable migration/ledger; validate the final applied schema, not an intermediate definition. Active financial functions were inspected in PostgreSQL.",True,False,True,False
migrations/0133_production_payment_boundaries.sql,250,paystack,SAFE HISTORICAL MIGRATION,"Immutable migration/ledger; validate the final applied schema, not an intermediate definition. Active financial functions were inspected in PostgreSQL.",True,False,True,False
migrations/0137_provider_capability_boundaries.sql,8,paystack,SAFE SEED DATA,Installed driver capability metadata; no vendor branch in the active financial state machine.,True,False,False,False
migrations/0137_provider_capability_boundaries.sql,11,resend,SAFE SEED DATA,Installed driver capability metadata; no vendor branch in the active financial state machine.,True,False,False,False
migrations/0137_provider_capability_boundaries.sql,12,resend,SAFE SEED DATA,Installed driver capability metadata; no vendor branch in the active financial state machine.,True,False,False,False
migrations/0138_push_provider_binding.sql,3,fcm,SAFE HISTORICAL MIGRATION,"Immutable migration/ledger; validate the final applied schema, not an intermediate definition. Active financial functions were inspected in PostgreSQL.",True,False,True,False
migrations/auth/0001_auth.sql,9,Neon,SAFE HISTORICAL MIGRATION,"Immutable migration/ledger; validate the final applied schema, not an intermediate definition. Active financial functions were inspected in PostgreSQL.",True,False,True,False
migrations/auth/0001_auth.sql,9,Vercel,SAFE HISTORICAL MIGRATION,"Immutable migration/ledger; validate the final applied schema, not an intermediate definition. Active financial functions were inspected in PostgreSQL.",True,False,True,False
migrations/auth/0001_auth.sql,17,neon,SAFE HISTORICAL MIGRATION,"Immutable migration/ledger; validate the final applied schema, not an intermediate definition. Active financial functions were inspected in PostgreSQL.",True,False,True,False
mobile/.env.example,2,http://localhost.,SAFE CONFIGURATION,"Configured API origin, platform SDK import, protocol/interface documentation, placeholder URL, or standard namespace. No hard-coded server financial behavior.",True,False,False,False
mobile/.env.example,3,https://api.example.com,SAFE CONFIGURATION,"Configured API origin, platform SDK import, protocol/interface documentation, placeholder URL, or standard namespace. No hard-coded server financial behavior.",True,False,False,False
mobile/README.md,3,Expo,SAFE CONFIGURATION,Reviewed registry/deployment/dependency metadata or documentation. Dependency entries are not evidence of live-provider certification; see mobile advisory limitation.,True,False,False,False
mobile/README.md,8,expo,SAFE CONFIGURATION,Reviewed registry/deployment/dependency metadata or documentation. Dependency entries are not evidence of live-provider certification; see mobile advisory limitation.,True,False,False,False
mobile/README.md,15,Expo,SAFE CONFIGURATION,Reviewed registry/deployment/dependency metadata or documentation. Dependency entries are not evidence of live-provider certification; see mobile advisory limitation.,True,False,False,False
mobile/README.md,17,expo,SAFE CONFIGURATION,Reviewed registry/deployment/dependency metadata or documentation. Dependency entries are not evidence of live-provider certification; see mobile advisory limitation.,True,False,False,False
mobile/README.md,18,expo,SAFE CONFIGURATION,Reviewed registry/deployment/dependency metadata or documentation. Dependency entries are not evidence of live-provider certification; see mobile advisory limitation.,True,False,False,False
mobile/README.md,24,expo,SAFE CONFIGURATION,Reviewed registry/deployment/dependency metadata or documentation. Dependency entries are not evidence of live-provider certification; see mobile advisory limitation.,True,False,False,False
mobile/app.json,2,expo,SAFE CONFIGURATION,Reviewed registry/deployment/dependency metadata or documentation. Dependency entries are not evidence of live-provider certification; see mobile advisory limitation.,True,False,False,False
mobile/app.json,10,expo,SAFE CONFIGURATION,Reviewed registry/deployment/dependency metadata or documentation. Dependency entries are not evidence of live-provider certification; see mobile advisory limitation.,True,False,False,False
mobile/app.json,11,expo,SAFE CONFIGURATION,Reviewed registry/deployment/dependency metadata or documentation. Dependency entries are not evidence of live-provider certification; see mobile advisory limitation.,True,False,False,False
mobile/app/_layout.tsx,1,expo,SAFE CONFIGURATION,"Configured API origin, platform SDK import, protocol/interface documentation, placeholder URL, or standard namespace. No hard-coded server financial behavior.",True,False,False,False
mobile/app/_layout.tsx,2,expo,SAFE CONFIGURATION,"Configured API origin, platform SDK import, protocol/interface documentation, placeholder URL, or standard namespace. No hard-coded server financial behavior.",True,False,False,False
mobile/app/cart.tsx,1,expo,SAFE CONFIGURATION,"Configured API origin, platform SDK import, protocol/interface documentation, placeholder URL, or standard namespace. No hard-coded server financial behavior.",True,False,False,False
mobile/app/checkout.tsx,1,expo,SAFE CONFIGURATION,"Configured API origin, platform SDK import, protocol/interface documentation, placeholder URL, or standard namespace. No hard-coded server financial behavior.",True,False,False,False
mobile/app/checkout.tsx,4,expo,SAFE CONFIGURATION,"Configured API origin, platform SDK import, protocol/interface documentation, placeholder URL, or standard namespace. No hard-coded server financial behavior.",True,False,False,False
mobile/app/index.tsx,1,expo,SAFE CONFIGURATION,"Configured API origin, platform SDK import, protocol/interface documentation, placeholder URL, or standard namespace. No hard-coded server financial behavior.",True,False,False,False
mobile/app/login.tsx,1,expo,SAFE CONFIGURATION,"Configured API origin, platform SDK import, protocol/interface documentation, placeholder URL, or standard namespace. No hard-coded server financial behavior.",True,False,False,False
mobile/app/order-success.tsx,1,expo,SAFE CONFIGURATION,"Configured API origin, platform SDK import, protocol/interface documentation, placeholder URL, or standard namespace. No hard-coded server financial behavior.",True,False,False,False
mobile/app/payment.tsx,1,expo,SAFE CONFIGURATION,"Configured API origin, platform SDK import, protocol/interface documentation, placeholder URL, or standard namespace. No hard-coded server financial behavior.",True,False,False,False
mobile/eas.json,6,<configured-at-build-time>,SAFE CONFIGURATION,Reviewed registry/deployment/dependency metadata or documentation. Dependency entries are not evidence of live-provider certification; see mobile advisory limitation.,True,False,False,False
mobile/eas.json,10,<configured-at-build-time>,SAFE CONFIGURATION,Reviewed registry/deployment/dependency metadata or documentation. Dependency entries are not evidence of live-provider certification; see mobile advisory limitation.,True,False,False,False
mobile/package-lock.json,11,expo,SAFE CONFIGURATION,Reviewed registry/deployment/dependency metadata or documentation. Dependency entries are not evidence of live-provider certification; see mobile advisory limitation.,True,False,False,False
mobile/package-lock.json,12,expo,SAFE CONFIGURATION,Reviewed registry/deployment/dependency metadata or documentation. Dependency entries are not evidence of live-provider certification; see mobile advisory limitation.,True,False,False,False
mobile/package-lock.json,13,expo,SAFE CONFIGURATION,Reviewed registry/deployment/dependency metadata or documentation. Dependency entries are not evidence of live-provider certification; see mobile advisory limitation.,True,False,False,False
mobile/package-lock.json,14,expo,SAFE CONFIGURATION,Reviewed registry/deployment/dependency metadata or documentation. Dependency entries are not evidence of live-provider certification; see mobile advisory limitation.,True,False,False,False
mobile/package-lock.json,15,expo,SAFE CONFIGURATION,Reviewed registry/deployment/dependency metadata or documentation. Dependency entries are not evidence of live-provider certification; see mobile advisory limitation.,True,False,False,False
mobile/package-lock.json,34,https://registry.npmjs.org/@babel/code-frame/-/code-frame-7.29.7.tgz,SAFE CONFIGURATION,Reviewed registry/deployment/dependency metadata or documentation. Dependency entries are not evidence of live-provider certification; see mobile advisory limitation.,True,False,False,False
mobile/package-lock.json,48,https://registry.npmjs.org/@babel/compat-data/-/compat-data-7.29.7.tgz,SAFE CONFIGURATION,Reviewed registry/deployment/dependency metadata or documentation. Dependency entries are not evidence of live-provider certification; see mobile advisory limitation.,True,False,False,False
mobile/package-lock.json,57,https://registry.npmjs.org/@babel/core/-/core-7.29.7.tgz,SAFE CONFIGURATION,Reviewed registry/deployment/dependency metadata or documentation. Dependency entries are not evidence of live-provider certification; see mobile advisory limitation.,True,False,False,False
mobile/package-lock.json,82,https://opencollective.com/babel,SAFE CONFIGURATION,Reviewed registry/deployment/dependency metadata or documentation. Dependency entries are not evidence of live-provider certification; see mobile advisory limitation.,True,False,False,False
mobile/package-lock.json,87,https://registry.npmjs.org/semver/-/semver-6.3.1.tgz,SAFE CONFIGURATION,Reviewed registry/deployment/dependency metadata or documentation. Dependency entries are not evidence of live-provider certification; see mobile advisory limitation.,True,False,False,False
mobile/package-lock.json,96,https://registry.npmjs.org/@babel/generator/-/generator-7.29.8.tgz,SAFE CONFIGURATION,Reviewed registry/deployment/dependency metadata or documentation. Dependency entries are not evidence of live-provider certification; see mobile advisory limitation.,True,False,False,False
mobile/package-lock.json,112,https://registry.npmjs.org/@babel/helper-annotate-as-pure/-/helper-annotate-as-pure-7.29.7.tgz,SAFE CONFIGURATION,Reviewed registry/deployment/dependency metadata or documentation. Dependency entries are not evidence of live-provider certification; see mobile advisory limitation.,True,False,False,False
mobile/package-lock.json,124,https://registry.npmjs.org/@babel/helper-compilation-targets/-/helper-compilation-targets-7.29.7.tgz,SAFE CONFIGURATION,Reviewed registry/deployment/dependency metadata or documentation. Dependency entries are not evidence of live-provider certification; see mobile advisory limitation.,True,False,False,False
mobile/package-lock.json,140,https://registry.npmjs.org/semver/-/semver-6.3.1.tgz,SAFE CONFIGURATION,Reviewed registry/deployment/dependency metadata or documentation. Dependency entries are not evidence of live-provider certification; see mobile advisory limitation.,True,False,False,False
mobile/package-lock.json,149,https://registry.npmjs.org/@babel/helper-create-class-features-plugin/-/helper-create-class-features-plugin-7.29.7.tgz,SAFE CONFIGURATION,Reviewed registry/deployment/dependency metadata or documentation. Dependency entries are not evidence of live-provider certification; see mobile advisory limitation.,True,False,False,False
mobile/package-lock.json,170,https://registry.npmjs.org/semver/-/semver-6.3.1.tgz,SAFE CONFIGURATION,Reviewed registry/deployment/dependency metadata or documentation. Dependency entries are not evidence of live-provider certification; see mobile advisory limitation.,True,False,False,False
mobile/package-lock.json,179,https://registry.npmjs.org/@babel/helper-create-regexp-features-plugin/-/helper-create-regexp-features-plugin-7.29.7.tgz,SAFE CONFIGURATION,Reviewed registry/deployment/dependency metadata or documentation. Dependency entries are not evidence of live-provider certification; see mobile advisory limitation.,True,False,False,False
mobile/package-lock.json,196,https://registry.npmjs.org/semver/-/semver-6.3.1.tgz,SAFE CONFIGURATION,Reviewed registry/deployment/dependency metadata or documentation. Dependency entries are not evidence of live-provider certification; see mobile advisory limitation.,True,False,False,False
mobile/package-lock.json,205,https://registry.npmjs.org/@babel/helper-define-polyfill-provider/-/helper-define-polyfill-provider-0.6.8.tgz,SAFE CONFIGURATION,Reviewed registry/deployment/dependency metadata or documentation. Dependency entries are not evidence of live-provider certification; see mobile advisory limitation.,True,False,False,False
mobile/package-lock.json,221,https://registry.npmjs.org/@babel/helper-globals/-/helper-globals-7.29.7.tgz,SAFE CONFIGURATION,Reviewed registry/deployment/dependency metadata or documentation. Dependency entries are not evidence of live-provider certification; see mobile advisory limitation.,True,False,False,False
mobile/package-lock.json,230,https://registry.npmjs.org/@babel/helper-member-expression-to-functions/-/helper-member-expression-to-functions-7.29.7.tgz,SAFE CONFIGURATION,Reviewed registry/deployment/dependency metadata or documentation. Dependency entries are not evidence of live-provider certification; see mobile advisory limitation.,True,False,False,False
mobile/package-lock.json,243,https://registry.npmjs.org/@babel/helper-module-imports/-/helper-module-imports-7.29.7.tgz,SAFE CONFIGURATION,Reviewed registry/deployment/dependency metadata or documentation. Dependency entries are not evidence of live-provider certification; see mobile advisory limitation.,True,False,False,False
mobile/package-lock.json,256,https://registry.npmjs.org/@babel/helper-module-transforms/-/helper-module-transforms-7.29.7.tgz,SAFE CONFIGURATION,Reviewed registry/deployment/dependency metadata or documentation. Dependency entries are not evidence of live-provider certification; see mobile advisory limitation.,True,False,False,False
mobile/package-lock.json,273,https://registry.npmjs.org/@babel/helper-optimise-call-expression/-/helper-optimise-call-expression-7.29.7.tgz,SAFE CONFIGURATION,Reviewed registry/deployment/dependency metadata or documentation. Dependency entries are not evidence of live-provider certification; see mobile advisory limitation.,True,False,False,False
mobile/package-lock.json,285,https://registry.npmjs.org/@babel/helper-plugin-utils/-/helper-plugin-utils-7.29.7.tgz,SAFE CONFIGURATION,Reviewed registry/deployment/dependency metadata or documentation. Dependency entries are not evidence of live-provider certification; see mobile advisory limitation.,True,False,False,False
mobile/package-lock.json,294,https://registry.npmjs.org/@babel/helper-remap-async-to-generator/-/helper-remap-async-to-generator-7.29.7.tgz,SAFE CONFIGURATION,Reviewed registry/deployment/dependency metadata or documentation. Dependency entries are not evidence of live-provider certification; see mobile advisory limitation.,True,False,False,False
mobile/package-lock.json,311,https://registry.npmjs.org/@babel/helper-replace-supers/-/helper-replace-supers-7.29.7.tgz,SAFE CONFIGURATION,Reviewed registry/deployment/dependency metadata or documentation. Dependency entries are not evidence of live-provider certification; see mobile advisory limitation.,True,False,False,False
mobile/package-lock.json,328,https://registry.npmjs.org/@babel/helper-skip-transparent-expression-wrappers/-/helper-skip-transparent-expression-wrappers-7.29.7.tgz,SAFE CONFIGURATION,Reviewed registry/deployment/dependency metadata or documentation. Dependency entries are not evidence of live-provider certification; see mobile advisory limitation.,True,False,False,False
mobile/package-lock.json,341,https://registry.npmjs.org/@babel/helper-string-parser/-/helper-string-parser-7.29.7.tgz,SAFE CONFIGURATION,Reviewed registry/deployment/dependency metadata or documentation. Dependency entries are not evidence of live-provider certification; see mobile advisory limitation.,True,False,False,False
mobile/package-lock.json,350,https://registry.npmjs.org/@babel/helper-validator-identifier/-/helper-validator-identifier-7.29.7.tgz,SAFE CONFIGURATION,Reviewed registry/deployment/dependency metadata or documentation. Dependency entries are not evidence of live-provider certification; see mobile advisory limitation.,True,False,False,False
mobile/package-lock.json,359,https://registry.npmjs.org/@babel/helper-validator-option/-/helper-validator-option-7.29.7.tgz,SAFE CONFIGURATION,Reviewed registry/deployment/dependency metadata or documentation. Dependency entries are not evidence of live-provider certification; see mobile advisory limitation.,True,False,False,False
mobile/package-lock.json,368,https://registry.npmjs.org/@babel/helper-wrap-function/-/helper-wrap-function-7.29.7.tgz,SAFE CONFIGURATION,Reviewed registry/deployment/dependency metadata or documentation. Dependency entries are not evidence of live-provider certification; see mobile advisory limitation.,True,False,False,False
mobile/package-lock.json,382,https://registry.npmjs.org/@babel/helpers/-/helpers-7.29.7.tgz,SAFE CONFIGURATION,Reviewed registry/deployment/dependency metadata or documentation. Dependency entries are not evidence of live-provider certification; see mobile advisory limitation.,True,False,False,False
mobile/package-lock.json,395,https://registry.npmjs.org/@babel/highlight/-/highlight-7.25.9.tgz,SAFE CONFIGURATION,Reviewed registry/deployment/dependency metadata or documentation. Dependency entries are not evidence of live-provider certification; see mobile advisory limitation.,True,False,False,False
mobile/package-lock.json,410,https://registry.npmjs.org/ansi-styles/-/ansi-styles-3.2.1.tgz,SAFE CONFIGURATION,Reviewed registry/deployment/dependency metadata or documentation. Dependency entries are not evidence of live-provider certification; see mobile advisory limitation.,True,False,False,False
mobile/package-lock.json,422,https://registry.npmjs.org/chalk/-/chalk-2.4.2.tgz,SAFE CONFIGURATION,Reviewed registry/deployment/dependency metadata or documentation. Dependency entries are not evidence of live-provider certification; see mobile advisory limitation.,True,False,False,False
mobile/package-lock.json,436,https://registry.npmjs.org/color-convert/-/color-convert-1.9.3.tgz,SAFE CONFIGURATION,Reviewed registry/deployment/dependency metadata or documentation. Dependency entries are not evidence of live-provider certification; see mobile advisory limitation.,True,False,False,False
mobile/package-lock.json,445,https://registry.npmjs.org/color-name/-/color-name-1.1.3.tgz,SAFE CONFIGURATION,Reviewed registry/deployment/dependency metadata or documentation. Dependency entries are not evidence of live-provider certification; see mobile advisory limitation.,True,False,False,False
mobile/package-lock.json,451,https://registry.npmjs.org/escape-string-regexp/-/escape-string-regexp-1.0.5.tgz,SAFE CONFIGURATION,Reviewed registry/deployment/dependency metadata or documentation. Dependency entries are not evidence of live-provider certification; see mobile advisory limitation.,True,False,False,False
mobile/package-lock.json,460,https://registry.npmjs.org/has-flag/-/has-flag-3.0.0.tgz,SAFE CONFIGURATION,Reviewed registry/deployment/dependency metadata or documentation. Dependency entries are not evidence of live-provider certification; see mobile advisory limitation.,True,False,False,False
mobile/package-lock.json,469,https://registry.npmjs.org/supports-color/-/supports-color-5.5.0.tgz,SAFE CONFIGURATION,Reviewed registry/deployment/dependency metadata or documentation. Dependency entries are not evidence of live-provider certification; see mobile advisory limitation.,True,False,False,False
mobile/package-lock.json,481,https://registry.npmjs.org/@babel/parser/-/parser-7.29.9.tgz,SAFE CONFIGURATION,Reviewed registry/deployment/dependency metadata or documentation. Dependency entries are not evidence of live-provider certification; see mobile advisory limitation.,True,False,False,False
mobile/package-lock.json,496,https://registry.npmjs.org/@babel/plugin-proposal-decorators/-/plugin-proposal-decorators-7.29.7.tgz,SAFE CONFIGURATION,Reviewed registry/deployment/dependency metadata or documentation. Dependency entries are not evidence of live-provider certification; see mobile advisory limitation.,True,False,False,False
mobile/package-lock.json,513,https://registry.npmjs.org/@babel/plugin-proposal-export-default-from/-/plugin-proposal-export-default-from-7.29.7.tgz,SAFE CONFIGURATION,Reviewed registry/deployment/dependency metadata or documentation. Dependency entries are not evidence of live-provider certification; see mobile advisory limitation.,True,False,False,False
mobile/package-lock.json,528,https://registry.npmjs.org/@babel/plugin-syntax-async-generators/-/plugin-syntax-async-generators-7.8.4.tgz,SAFE CONFIGURATION,Reviewed registry/deployment/dependency metadata or documentation. Dependency entries are not evidence of live-provider certification; see mobile advisory limitation.,True,False,False,False
mobile/package-lock.json,540,https://registry.npmjs.org/@babel/plugin-syntax-bigint/-/plugin-syntax-bigint-7.8.3.tgz,SAFE CONFIGURATION,Reviewed registry/deployment/dependency metadata or documentation. Dependency entries are not evidence of live-provider certification; see mobile advisory limitation.,True,False,False,False
mobile/package-lock.json,552,https://registry.npmjs.org/@babel/plugin-syntax-class-properties/-/plugin-syntax-class-properties-7.12.13.tgz,SAFE CONFIGURATION,Reviewed registry/deployment/dependency metadata or documentation. Dependency entries are not evidence of live-provider certification; see mobile advisory limitation.,True,False,False,False
mobile/package-lock.json,564,https://registry.npmjs.org/@babel/plugin-syntax-class-static-block/-/plugin-syntax-class-static-block-7.14.5.tgz,SAFE CONFIGURATION,Reviewed registry/deployment/dependency metadata or documentation. Dependency entries are not evidence of live-provider certification; see mobile advisory limitation.,True,False,False,False
mobile/package-lock.json,579,https://registry.npmjs.org/@babel/plugin-syntax-decorators/-/plugin-syntax-decorators-7.29.7.tgz,SAFE CONFIGURATION,Reviewed registry/deployment/dependency metadata or documentation. Dependency entries are not evidence of live-provider certification; see mobile advisory limitation.,True,False,False,False
mobile/package-lock.json,594,https://registry.npmjs.org/@babel/plugin-syntax-dynamic-import/-/plugin-syntax-dynamic-import-7.8.3.tgz,SAFE CONFIGURATION,Reviewed registry/deployment/dependency metadata or documentation. Dependency entries are not evidence of live-provider certification; see mobile advisory limitation.,True,False,False,False
mobile/package-lock.json,606,https://registry.npmjs.org/@babel/plugin-syntax-export-default-from/-/plugin-syntax-export-default-from-7.29.7.tgz,SAFE CONFIGURATION,Reviewed registry/deployment/dependency metadata or documentation. Dependency entries are not evidence of live-provider certification; see mobile advisory limitation.,True,False,False,False
mobile/package-lock.json,621,https://registry.npmjs.org/@babel/plugin-syntax-flow/-/plugin-syntax-flow-7.29.7.tgz,SAFE CONFIGURATION,Reviewed registry/deployment/dependency metadata or documentation. Dependency entries are not evidence of live-provider certification; see mobile advisory limitation.,True,False,False,False
mobile/package-lock.json,636,https://registry.npmjs.org/@babel/plugin-syntax-import-attributes/-/plugin-syntax-import-attributes-7.29.7.tgz,SAFE CONFIGURATION,Reviewed registry/deployment/dependency metadata or documentation. Dependency entries are not evidence of live-provider certification; see mobile advisory limitation.,True,False,False,False
mobile/package-lock.json,651,https://registry.npmjs.org/@babel/plugin-syntax-import-meta/-/plugin-syntax-import-meta-7.10.4.tgz,SAFE CONFIGURATION,Reviewed registry/deployment/dependency metadata or documentation. Dependency entries are not evidence of live-provider certification; see mobile advisory limitation.,True,False,False,False
mobile/package-lock.json,663,https://registry.npmjs.org/@babel/plugin-syntax-json-strings/-/plugin-syntax-json-strings-7.8.3.tgz,SAFE CONFIGURATION,Reviewed registry/deployment/dependency metadata or documentation. Dependency entries are not evidence of live-provider certification; see mobile advisory limitation.,True,False,False,False
mobile/package-lock.json,675,https://registry.npmjs.org/@babel/plugin-syntax-jsx/-/plugin-syntax-jsx-7.29.7.tgz,SAFE CONFIGURATION,Reviewed registry/deployment/dependency metadata or documentation. Dependency entries are not evidence of live-provider certification; see mobile advisory limitation.,True,False,False,False
mobile/package-lock.json,690,https://registry.npmjs.org/@babel/plugin-syntax-logical-assignment-operators/-/plugin-syntax-logical-assignment-operators-7.10.4.tgz,SAFE CONFIGURATION,Reviewed registry/deployment/dependency metadata or documentation. Dependency entries are not evidence of live-provider certification; see mobile advisory limitation.,True,False,False,False
mobile/package-lock.json,702,https://registry.npmjs.org/@babel/plugin-syntax-nullish-coalescing-operator/-/plugin-syntax-nullish-coalescing-operator-7.8.3.tgz,SAFE CONFIGURATION,Reviewed registry/deployment/dependency metadata or documentation. Dependency entries are not evidence of live-provider certification; see mobile advisory limitation.,True,False,False,False
mobile/package-lock.json,714,https://registry.npmjs.org/@babel/plugin-syntax-numeric-separator/-/plugin-syntax-numeric-separator-7.10.4.tgz,SAFE CONFIGURATION,Reviewed registry/deployment/dependency metadata or documentation. Dependency entries are not evidence of live-provider certification; see mobile advisory limitation.,True,False,False,False
mobile/package-lock.json,726,https://registry.npmjs.org/@babel/plugin-syntax-object-rest-spread/-/plugin-syntax-object-rest-spread-7.8.3.tgz,SAFE CONFIGURATION,Reviewed registry/deployment/dependency metadata or documentation. Dependency entries are not evidence of live-provider certification; see mobile advisory limitation.,True,False,False,False
mobile/package-lock.json,738,https://registry.npmjs.org/@babel/plugin-syntax-optional-catch-binding/-/plugin-syntax-optional-catch-binding-7.8.3.tgz,SAFE CONFIGURATION,Reviewed registry/deployment/dependency metadata or documentation. Dependency entries are not evidence of live-provider certification; see mobile advisory limitation.,True,False,False,False
mobile/package-lock.json,750,https://registry.npmjs.org/@babel/plugin-syntax-optional-chaining/-/plugin-syntax-optional-chaining-7.8.3.tgz,SAFE CONFIGURATION,Reviewed registry/deployment/dependency metadata or documentation. Dependency entries are not evidence of live-provider certification; see mobile advisory limitation.,True,False,False,False
mobile/package-lock.json,762,https://registry.npmjs.org/@babel/plugin-syntax-private-property-in-object/-/plugin-syntax-private-property-in-object-7.14.5.tgz,SAFE CONFIGURATION,Reviewed registry/deployment/dependency metadata or documentation. Dependency entries are not evidence of live-provider certification; see mobile advisory limitation.,True,False,False,False
mobile/package-lock.json,777,https://registry.npmjs.org/@babel/plugin-syntax-top-level-await/-/plugin-syntax-top-level-await-7.14.5.tgz,SAFE CONFIGURATION,Reviewed registry/deployment/dependency metadata or documentation. Dependency entries are not evidence of live-provider certification; see mobile advisory limitation.,True,False,False,False
mobile/package-lock.json,792,https://registry.npmjs.org/@babel/plugin-syntax-typescript/-/plugin-syntax-typescript-7.29.7.tgz,SAFE CONFIGURATION,Reviewed registry/deployment/dependency metadata or documentation. Dependency entries are not evidence of live-provider certification; see mobile advisory limitation.,True,False,False,False
mobile/package-lock.json,807,https://registry.npmjs.org/@babel/plugin-transform-arrow-functions/-/plugin-transform-arrow-functions-7.29.7.tgz,SAFE CONFIGURATION,Reviewed registry/deployment/dependency metadata or documentation. Dependency entries are not evidence of live-provider certification; see mobile advisory limitation.,True,False,False,False
mobile/package-lock.json,822,https://registry.npmjs.org/@babel/plugin-transform-async-generator-functions/-/plugin-transform-async-generator-functions-7.29.7.tgz,SAFE CONFIGURATION,Reviewed registry/deployment/dependency metadata or documentation. Dependency entries are not evidence of live-provider certification; see mobile advisory limitation.,True,False,False,False
mobile/package-lock.json,839,https://registry.npmjs.org/@babel/plugin-transform-async-to-generator/-/plugin-transform-async-to-generator-7.29.7.tgz,SAFE CONFIGURATION,Reviewed registry/deployment/dependency metadata or documentation. Dependency entries are not evidence of live-provider certification; see mobile advisory limitation.,True,False,False,False
mobile/package-lock.json,856,https://registry.npmjs.org/@babel/plugin-transform-block-scoping/-/plugin-transform-block-scoping-7.29.7.tgz,SAFE CONFIGURATION,Reviewed registry/deployment/dependency metadata or documentation. Dependency entries are not evidence of live-provider certification; see mobile advisory limitation.,True,False,False,False
mobile/package-lock.json,871,https://registry.npmjs.org/@babel/plugin-transform-class-properties/-/plugin-transform-class-properties-7.29.7.tgz,SAFE CONFIGURATION,Reviewed registry/deployment/dependency metadata or documentation. Dependency entries are not evidence of live-provider certification; see mobile advisory limitation.,True,False,False,False
mobile/package-lock.json,887,https://registry.npmjs.org/@babel/plugin-transform-class-static-block/-/plugin-transform-class-static-block-7.29.7.tgz,SAFE CONFIGURATION,Reviewed registry/deployment/dependency metadata or documentation. Dependency entries are not evidence of live-provider certification; see mobile advisory limitation.,True,False,False,False
mobile/package-lock.json,903,https://registry.npmjs.org/@babel/plugin-transform-classes/-/plugin-transform-classes-7.29.7.tgz,SAFE CONFIGURATION,Reviewed registry/deployment/dependency metadata or documentation. Dependency entries are not evidence of live-provider certification; see mobile advisory limitation.,True,False,False,False
mobile/package-lock.json,923,https://registry.npmjs.org/@babel/plugin-transform-computed-properties/-/plugin-transform-computed-properties-7.29.7.tgz,SAFE CONFIGURATION,Reviewed registry/deployment/dependency metadata or documentation. Dependency entries are not evidence of live-provider certification; see mobile advisory limitation.,True,False,False,False
mobile/package-lock.json,939,https://registry.npmjs.org/@babel/plugin-transform-destructuring/-/plugin-transform-destructuring-7.29.7.tgz,SAFE CONFIGURATION,Reviewed registry/deployment/dependency metadata or documentation. Dependency entries are not evidence of live-provider certification; see mobile advisory limitation.,True,False,False,False
mobile/package-lock.json,955,https://registry.npmjs.org/@babel/plugin-transform-export-namespace-from/-/plugin-transform-export-namespace-from-7.29.7.tgz,SAFE CONFIGURATION,Reviewed registry/deployment/dependency metadata or documentation. Dependency entries are not evidence of live-provider certification; see mobile advisory limitation.,True,False,False,False
mobile/package-lock.json,970,https://registry.npmjs.org/@babel/plugin-transform-flow-strip-types/-/plugin-transform-flow-strip-types-7.29.7.tgz,SAFE CONFIGURATION,Reviewed registry/deployment/dependency metadata or documentation. Dependency entries are not evidence of live-provider certification; see mobile advisory limitation.,True,False,False,False
mobile/package-lock.json,986,https://registry.npmjs.org/@babel/plugin-transform-for-of/-/plugin-transform-for-of-7.29.7.tgz,SAFE CONFIGURATION,Reviewed registry/deployment/dependency metadata or documentation. Dependency entries are not evidence of live-provider certification; see mobile advisory limitation.,True,False,False,False
mobile/package-lock.json,1002,https://registry.npmjs.org/@babel/plugin-transform-function-name/-/plugin-transform-function-name-7.29.7.tgz,SAFE CONFIGURATION,Reviewed registry/deployment/dependency metadata or documentation. Dependency entries are not evidence of live-provider certification; see mobile advisory limitation.,True,False,False,False
mobile/package-lock.json,1019,https://registry.npmjs.org/@babel/plugin-transform-literals/-/plugin-transform-literals-7.29.7.tgz,SAFE CONFIGURATION,Reviewed registry/deployment/dependency metadata or documentation. Dependency entries are not evidence of live-provider certification; see mobile advisory limitation.,True,False,False,False
mobile/package-lock.json,1034,https://registry.npmjs.org/@babel/plugin-transform-logical-assignment-operators/-/plugin-transform-logical-assignment-operators-7.29.7.tgz,SAFE CONFIGURATION,Reviewed registry/deployment/dependency metadata or documentation. Dependency entries are not evidence of live-provider certification; see mobile advisory limitation.,True,False,False,False
mobile/package-lock.json,1049,https://registry.npmjs.org/@babel/plugin-transform-modules-commonjs/-/plugin-transform-modules-commonjs-7.29.7.tgz,SAFE CONFIGURATION,Reviewed registry/deployment/dependency metadata or documentation. Dependency entries are not evidence of live-provider certification; see mobile advisory limitation.,True,False,False,False
mobile/package-lock.json,1065,https://registry.npmjs.org/@babel/plugin-transform-named-capturing-groups-regex/-/plugin-transform-named-capturing-groups-regex-7.29.7.tgz,SAFE CONFIGURATION,Reviewed registry/deployment/dependency metadata or documentation. Dependency entries are not evidence of live-provider certification; see mobile advisory limitation.,True,False,False,False
mobile/package-lock.json,1081,https://registry.npmjs.org/@babel/plugin-transform-nullish-coalescing-operator/-/plugin-transform-nullish-coalescing-operator-7.29.7.tgz,SAFE CONFIGURATION,Reviewed registry/deployment/dependency metadata or documentation. Dependency entries are not evidence of live-provider certification; see mobile advisory limitation.,True,False,False,False
mobile/package-lock.json,1096,https://registry.npmjs.org/@babel/plugin-transform-numeric-separator/-/plugin-transform-numeric-separator-7.29.7.tgz,SAFE CONFIGURATION,Reviewed registry/deployment/dependency metadata or documentation. Dependency entries are not evidence of live-provider certification; see mobile advisory limitation.,True,False,False,False
mobile/package-lock.json,1111,https://registry.npmjs.org/@babel/plugin-transform-object-rest-spread/-/plugin-transform-object-rest-spread-7.29.7.tgz,SAFE CONFIGURATION,Reviewed registry/deployment/dependency metadata or documentation. Dependency entries are not evidence of live-provider certification; see mobile advisory limitation.,True,False,False,False
mobile/package-lock.json,1130,https://registry.npmjs.org/@babel/plugin-transform-optional-catch-binding/-/plugin-transform-optional-catch-binding-7.29.7.tgz,SAFE CONFIGURATION,Reviewed registry/deployment/dependency metadata or documentation. Dependency entries are not evidence of live-provider certification; see mobile advisory limitation.,True,False,False,False
mobile/package-lock.json,1145,https://registry.npmjs.org/@babel/plugin-transform-optional-chaining/-/plugin-transform-optional-chaining-7.29.7.tgz,SAFE CONFIGURATION,Reviewed registry/deployment/dependency metadata or documentation. Dependency entries are not evidence of live-provider certification; see mobile advisory limitation.,True,False,False,False
mobile/package-lock.json,1161,https://registry.npmjs.org/@babel/plugin-transform-parameters/-/plugin-transform-parameters-7.29.7.tgz,SAFE CONFIGURATION,Reviewed registry/deployment/dependency metadata or documentation. Dependency entries are not evidence of live-provider certification; see mobile advisory limitation.,True,False,False,False
mobile/package-lock.json,1176,https://registry.npmjs.org/@babel/plugin-transform-private-methods/-/plugin-transform-private-methods-7.29.7.tgz,SAFE CONFIGURATION,Reviewed registry/deployment/dependency metadata or documentation. Dependency entries are not evidence of live-provider certification; see mobile advisory limitation.,True,False,False,False
mobile/package-lock.json,1192,https://registry.npmjs.org/@babel/plugin-transform-private-property-in-object/-/plugin-transform-private-property-in-object-7.29.7.tgz,SAFE CONFIGURATION,Reviewed registry/deployment/dependency metadata or documentation. Dependency entries are not evidence of live-provider certification; see mobile advisory limitation.,True,False,False,False
mobile/package-lock.json,1209,https://registry.npmjs.org/@babel/plugin-transform-react-display-name/-/plugin-transform-react-display-name-7.29.7.tgz,SAFE CONFIGURATION,Reviewed registry/deployment/dependency metadata or documentation. Dependency entries are not evidence of live-provider certification; see mobile advisory limitation.,True,False,False,False
mobile/package-lock.json,1224,https://registry.npmjs.org/@babel/plugin-transform-react-jsx/-/plugin-transform-react-jsx-7.29.7.tgz,SAFE CONFIGURATION,Reviewed registry/deployment/dependency metadata or documentation. Dependency entries are not evidence of live-provider certification; see mobile advisory limitation.,True,False,False,False
mobile/package-lock.json,1243,https://registry.npmjs.org/@babel/plugin-transform-react-jsx-development/-/plugin-transform-react-jsx-development-7.29.7.tgz,SAFE CONFIGURATION,Reviewed registry/deployment/dependency metadata or documentation. Dependency entries are not evidence of live-provider certification; see mobile advisory limitation.,True,False,False,False
mobile/package-lock.json,1258,https://registry.npmjs.org/@babel/plugin-transform-react-jsx-self/-/plugin-transform-react-jsx-self-7.29.7.tgz,SAFE CONFIGURATION,Reviewed registry/deployment/dependency metadata or documentation. Dependency entries are not evidence of live-provider certification; see mobile advisory limitation.,True,False,False,False
mobile/package-lock.json,1273,https://registry.npmjs.org/@babel/plugin-transform-react-jsx-source/-/plugin-transform-react-jsx-source-7.29.7.tgz,SAFE CONFIGURATION,Reviewed registry/deployment/dependency metadata or documentation. Dependency entries are not evidence of live-provider certification; see mobile advisory limitation.,True,False,False,False
mobile/package-lock.json,1288,https://registry.npmjs.org/@babel/plugin-transform-react-pure-annotations/-/plugin-transform-react-pure-annotations-7.29.7.tgz,SAFE CONFIGURATION,Reviewed registry/deployment/dependency metadata or documentation. Dependency entries are not evidence of live-provider certification; see mobile advisory limitation.,True,False,False,False
mobile/package-lock.json,1304,https://registry.npmjs.org/@babel/plugin-transform-regenerator/-/plugin-transform-regenerator-7.29.8.tgz,SAFE CONFIGURATION,Reviewed registry/deployment/dependency metadata or documentation. Dependency entries are not evidence of live-provider certification; see mobile advisory limitation.,True,False,False,False
mobile/package-lock.json,1319,https://registry.npmjs.org/@babel/plugin-transform-runtime/-/plugin-transform-runtime-7.29.7.tgz,SAFE CONFIGURATION,Reviewed registry/deployment/dependency metadata or documentation. Dependency entries are not evidence of live-provider certification; see mobile advisory limitation.,True,False,False,False
mobile/package-lock.json,1339,https://registry.npmjs.org/semver/-/semver-6.3.1.tgz,SAFE CONFIGURATION,Reviewed registry/deployment/dependency metadata or documentation. Dependency entries are not evidence of live-provider certification; see mobile advisory limitation.,True,False,False,False
mobile/package-lock.json,1348,https://registry.npmjs.org/@babel/plugin-transform-shorthand-properties/-/plugin-transform-shorthand-properties-7.29.7.tgz,SAFE CONFIGURATION,Reviewed registry/deployment/dependency metadata or documentation. Dependency entries are not evidence of live-provider certification; see mobile advisory limitation.,True,False,False,False
mobile/package-lock.json,1363,https://registry.npmjs.org/@babel/plugin-transform-spread/-/plugin-transform-spread-7.29.8.tgz,SAFE CONFIGURATION,Reviewed registry/deployment/dependency metadata or documentation. Dependency entries are not evidence of live-provider certification; see mobile advisory limitation.,True,False,False,False
mobile/package-lock.json,1379,https://registry.npmjs.org/@babel/plugin-transform-sticky-regex/-/plugin-transform-sticky-regex-7.29.7.tgz,SAFE CONFIGURATION,Reviewed registry/deployment/dependency metadata or documentation. Dependency entries are not evidence of live-provider certification; see mobile advisory limitation.,True,False,False,False
mobile/package-lock.json,1394,https://registry.npmjs.org/@babel/plugin-transform-typescript/-/plugin-transform-typescript-7.29.9.tgz,SAFE CONFIGURATION,Reviewed registry/deployment/dependency metadata or documentation. Dependency entries are not evidence of live-provider certification; see mobile advisory limitation.,True,False,False,False
mobile/package-lock.json,1413,https://registry.npmjs.org/@babel/plugin-transform-unicode-regex/-/plugin-transform-unicode-regex-7.29.7.tgz,SAFE CONFIGURATION,Reviewed registry/deployment/dependency metadata or documentation. Dependency entries are not evidence of live-provider certification; see mobile advisory limitation.,True,False,False,False
mobile/package-lock.json,1429,https://registry.npmjs.org/@babel/preset-react/-/preset-react-7.29.7.tgz,SAFE CONFIGURATION,Reviewed registry/deployment/dependency metadata or documentation. Dependency entries are not evidence of live-provider certification; see mobile advisory limitation.,True,False,False,False
mobile/package-lock.json,1449,https://registry.npmjs.org/@babel/preset-typescript/-/preset-typescript-7.29.7.tgz,SAFE CONFIGURATION,Reviewed registry/deployment/dependency metadata or documentation. Dependency entries are not evidence of live-provider certification; see mobile advisory limitation.,True,False,False,False
mobile/package-lock.json,1468,https://registry.npmjs.org/@babel/runtime/-/runtime-7.29.7.tgz,SAFE CONFIGURATION,Reviewed registry/deployment/dependency metadata or documentation. Dependency entries are not evidence of live-provider certification; see mobile advisory limitation.,True,False,False,False
mobile/package-lock.json,1477,https://registry.npmjs.org/@babel/template/-/template-7.29.7.tgz,SAFE CONFIGURATION,Reviewed registry/deployment/dependency metadata or documentation. Dependency entries are not evidence of live-provider certification; see mobile advisory limitation.,True,False,False,False
mobile/package-lock.json,1491,https://registry.npmjs.org/@babel/traverse/-/traverse-7.29.8.tgz,SAFE CONFIGURATION,Reviewed registry/deployment/dependency metadata or documentation. Dependency entries are not evidence of live-provider certification; see mobile advisory limitation.,True,False,False,False
mobile/package-lock.json,1509,https://registry.npmjs.org/@babel/types/-/types-7.29.8.tgz,SAFE CONFIGURATION,Reviewed registry/deployment/dependency metadata or documentation. Dependency entries are not evidence of live-provider certification; see mobile advisory limitation.,True,False,False,False
mobile/package-lock.json,1520,expo,SAFE CONFIGURATION,Reviewed registry/deployment/dependency metadata or documentation. Dependency entries are not evidence of live-provider certification; see mobile advisory limitation.,True,False,False,False
mobile/package-lock.json,1520,google,SAFE CONFIGURATION,Reviewed registry/deployment/dependency metadata or documentation. Dependency entries are not evidence of live-provider certification; see mobile advisory limitation.,True,False,False,False
mobile/package-lock.json,1522,https://registry.npmjs.org/@expo-google-fonts/material-symbols/-/material-symbols-0.4.48.tgz,SAFE CONFIGURATION,Reviewed registry/deployment/dependency metadata or documentation. Dependency entries are not evidence of live-provider certification; see mobile advisory limitation.,True,False,False,False
mobile/package-lock.json,1526,expo,SAFE CONFIGURATION,Reviewed registry/deployment/dependency metadata or documentation. Dependency entries are not evidence of live-provider certification; see mobile advisory limitation.,True,False,False,False
mobile/package-lock.json,1528,https://registry.npmjs.org/@expo/code-signing-certificates/-/code-signing-certificates-0.0.6.tgz,SAFE CONFIGURATION,Reviewed registry/deployment/dependency metadata or documentation. Dependency entries are not evidence of live-provider certification; see mobile advisory limitation.,True,False,False,False
mobile/package-lock.json,1535,expo,SAFE CONFIGURATION,Reviewed registry/deployment/dependency metadata or documentation. Dependency entries are not evidence of live-provider certification; see mobile advisory limitation.,True,False,False,False
mobile/package-lock.json,1537,https://registry.npmjs.org/@expo/config/-/config-55.0.21.tgz,SAFE CONFIGURATION,Reviewed registry/deployment/dependency metadata or documentation. Dependency entries are not evidence of live-provider certification; see mobile advisory limitation.,True,False,False,False
mobile/package-lock.json,1541,expo,SAFE CONFIGURATION,Reviewed registry/deployment/dependency metadata or documentation. Dependency entries are not evidence of live-provider certification; see mobile advisory limitation.,True,False,False,False
mobile/package-lock.json,1542,expo,SAFE CONFIGURATION,Reviewed registry/deployment/dependency metadata or documentation. Dependency entries are not evidence of live-provider certification; see mobile advisory limitation.,True,False,False,False
mobile/package-lock.json,1543,expo,SAFE CONFIGURATION,Reviewed registry/deployment/dependency metadata or documentation. Dependency entries are not evidence of live-provider certification; see mobile advisory limitation.,True,False,False,False
mobile/package-lock.json,1544,expo,SAFE CONFIGURATION,Reviewed registry/deployment/dependency metadata or documentation. Dependency entries are not evidence of live-provider certification; see mobile advisory limitation.,True,False,False,False
mobile/package-lock.json,1553,expo,SAFE CONFIGURATION,Reviewed registry/deployment/dependency metadata or documentation. Dependency entries are not evidence of live-provider certification; see mobile advisory limitation.,True,False,False,False
mobile/package-lock.json,1555,https://registry.npmjs.org/@expo/config-plugins/-/config-plugins-55.0.11.tgz,SAFE CONFIGURATION,Reviewed registry/deployment/dependency metadata or documentation. Dependency entries are not evidence of live-provider certification; see mobile advisory limitation.,True,False,False,False
mobile/package-lock.json,1559,expo,SAFE CONFIGURATION,Reviewed registry/deployment/dependency metadata or documentation. Dependency entries are not evidence of live-provider certification; see mobile advisory limitation.,True,False,False,False
mobile/package-lock.json,1560,expo,SAFE CONFIGURATION,Reviewed registry/deployment/dependency metadata or documentation. Dependency entries are not evidence of live-provider certification; see mobile advisory limitation.,True,False,False,False
mobile/package-lock.json,1561,expo,SAFE CONFIGURATION,Reviewed registry/deployment/dependency metadata or documentation. Dependency entries are not evidence of live-provider certification; see mobile advisory limitation.,True,False,False,False
mobile/package-lock.json,1562,expo,SAFE CONFIGURATION,Reviewed registry/deployment/dependency metadata or documentation. Dependency entries are not evidence of live-provider certification; see mobile advisory limitation.,True,False,False,False
mobile/package-lock.json,1574,expo,SAFE CONFIGURATION,Reviewed registry/deployment/dependency metadata or documentation. Dependency entries are not evidence of live-provider certification; see mobile advisory limitation.,True,False,False,False
mobile/package-lock.json,1576,https://registry.npmjs.org/@babel/code-frame/-/code-frame-7.10.4.tgz,SAFE CONFIGURATION,Reviewed registry/deployment/dependency metadata or documentation. Dependency entries are not evidence of live-provider certification; see mobile advisory limitation.,True,False,False,False
mobile/package-lock.json,1583,expo,SAFE CONFIGURATION,Reviewed registry/deployment/dependency metadata or documentation. Dependency entries are not evidence of live-provider certification; see mobile advisory limitation.,True,False,False,False
mobile/package-lock.json,1585,https://registry.npmjs.org/@expo/json-file/-/json-file-10.0.16.tgz,SAFE CONFIGURATION,Reviewed registry/deployment/dependency metadata or documentation. Dependency entries are not evidence of live-provider certification; see mobile advisory limitation.,True,False,False,False
mobile/package-lock.json,1593,expo,SAFE CONFIGURATION,Reviewed registry/deployment/dependency metadata or documentation. Dependency entries are not evidence of live-provider certification; see mobile advisory limitation.,True,False,False,False
mobile/package-lock.json,1595,https://registry.npmjs.org/@expo/config-types/-/config-types-55.0.6.tgz,SAFE CONFIGURATION,Reviewed registry/deployment/dependency metadata or documentation. Dependency entries are not evidence of live-provider certification; see mobile advisory limitation.,True,False,False,False
mobile/package-lock.json,1599,expo,SAFE CONFIGURATION,Reviewed registry/deployment/dependency metadata or documentation. Dependency entries are not evidence of live-provider certification; see mobile advisory limitation.,True,False,False,False
mobile/package-lock.json,1601,https://registry.npmjs.org/@expo/devcert/-/devcert-1.2.1.tgz,SAFE CONFIGURATION,Reviewed registry/deployment/dependency metadata or documentation. Dependency entries are not evidence of live-provider certification; see mobile advisory limitation.,True,False,False,False
mobile/package-lock.json,1605,expo,SAFE CONFIGURATION,Reviewed registry/deployment/dependency metadata or documentation. Dependency entries are not evidence of live-provider certification; see mobile advisory limitation.,True,False,False,False
mobile/package-lock.json,1609,expo,SAFE CONFIGURATION,Reviewed registry/deployment/dependency metadata or documentation. Dependency entries are not evidence of live-provider certification; see mobile advisory limitation.,True,False,False,False
mobile/package-lock.json,1611,https://registry.npmjs.org/debug/-/debug-3.2.7.tgz,SAFE CONFIGURATION,Reviewed registry/deployment/dependency metadata or documentation. Dependency entries are not evidence of live-provider certification; see mobile advisory limitation.,True,False,False,False
mobile/package-lock.json,1618,expo,SAFE CONFIGURATION,Reviewed registry/deployment/dependency metadata or documentation. Dependency entries are not evidence of live-provider certification; see mobile advisory limitation.,True,False,False,False
mobile/package-lock.json,1620,https://registry.npmjs.org/@expo/devtools/-/devtools-55.0.3.tgz,SAFE CONFIGURATION,Reviewed registry/deployment/dependency metadata or documentation. Dependency entries are not evidence of live-provider certification; see mobile advisory limitation.,True,False,False,False
mobile/package-lock.json,1639,expo,SAFE CONFIGURATION,Reviewed registry/deployment/dependency metadata or documentation. Dependency entries are not evidence of live-provider certification; see mobile advisory limitation.,True,False,False,False
mobile/package-lock.json,1641,https://registry.npmjs.org/@expo/dom-webview/-/dom-webview-55.0.6.tgz,SAFE CONFIGURATION,Reviewed registry/deployment/dependency metadata or documentation. Dependency entries are not evidence of live-provider certification; see mobile advisory limitation.,True,False,False,False
mobile/package-lock.json,1645,expo,SAFE CONFIGURATION,Reviewed registry/deployment/dependency metadata or documentation. Dependency entries are not evidence of live-provider certification; see mobile advisory limitation.,True,False,False,False
mobile/package-lock.json,1650,expo,SAFE CONFIGURATION,Reviewed registry/deployment/dependency metadata or documentation. Dependency entries are not evidence of live-provider certification; see mobile advisory limitation.,True,False,False,False
mobile/package-lock.json,1652,https://registry.npmjs.org/@expo/env/-/env-2.4.3.tgz,SAFE CONFIGURATION,Reviewed registry/deployment/dependency metadata or documentation. Dependency entries are not evidence of live-provider certification; see mobile advisory limitation.,True,False,False,False
mobile/package-lock.json,1664,expo,SAFE CONFIGURATION,Reviewed registry/deployment/dependency metadata or documentation. Dependency entries are not evidence of live-provider certification; see mobile advisory limitation.,True,False,False,False
mobile/package-lock.json,1666,https://registry.npmjs.org/@expo/fingerprint/-/fingerprint-0.16.8.tgz,SAFE CONFIGURATION,Reviewed registry/deployment/dependency metadata or documentation. Dependency entries are not evidence of live-provider certification; see mobile advisory limitation.,True,False,False,False
mobile/package-lock.json,1670,expo,SAFE CONFIGURATION,Reviewed registry/deployment/dependency metadata or documentation. Dependency entries are not evidence of live-provider certification; see mobile advisory limitation.,True,False,False,False
mobile/package-lock.json,1671,expo,SAFE CONFIGURATION,Reviewed registry/deployment/dependency metadata or documentation. Dependency entries are not evidence of live-provider certification; see mobile advisory limitation.,True,False,False,False
mobile/package-lock.json,1686,expo,SAFE CONFIGURATION,Reviewed registry/deployment/dependency metadata or documentation. Dependency entries are not evidence of live-provider certification; see mobile advisory limitation.,True,False,False,False
mobile/package-lock.json,1688,https://registry.npmjs.org/@expo/image-utils/-/image-utils-0.8.17.tgz,SAFE CONFIGURATION,Reviewed registry/deployment/dependency metadata or documentation. Dependency entries are not evidence of live-provider certification; see mobile advisory limitation.,True,False,False,False
mobile/package-lock.json,1692,expo,SAFE CONFIGURATION,Reviewed registry/deployment/dependency metadata or documentation. Dependency entries are not evidence of live-provider certification; see mobile advisory limitation.,True,False,False,False
mobile/package-lock.json,1693,expo,SAFE CONFIGURATION,Reviewed registry/deployment/dependency metadata or documentation. Dependency entries are not evidence of live-provider certification; see mobile advisory limitation.,True,False,False,False
mobile/package-lock.json,1701,expo,SAFE CONFIGURATION,Reviewed registry/deployment/dependency metadata or documentation. Dependency entries are not evidence of live-provider certification; see mobile advisory limitation.,True,False,False,False
mobile/package-lock.json,1703,https://registry.npmjs.org/@expo/json-file/-/json-file-10.2.0.tgz,SAFE CONFIGURATION,Reviewed registry/deployment/dependency metadata or documentation. Dependency entries are not evidence of live-provider certification; see mobile advisory limitation.,True,False,False,False
mobile/package-lock.json,1711,expo,SAFE CONFIGURATION,Reviewed registry/deployment/dependency metadata or documentation. Dependency entries are not evidence of live-provider certification; see mobile advisory limitation.,True,False,False,False
mobile/package-lock.json,1713,https://registry.npmjs.org/@expo/local-build-cache-provider/-/local-build-cache-provider-55.0.16.tgz,SAFE CONFIGURATION,Reviewed registry/deployment/dependency metadata or documentation. Dependency entries are not evidence of live-provider certification; see mobile advisory limitation.,True,False,False,False
mobile/package-lock.json,1717,expo,SAFE CONFIGURATION,Reviewed registry/deployment/dependency metadata or documentation. Dependency entries are not evidence of live-provider certification; see mobile advisory limitation.,True,False,False,False
mobile/package-lock.json,1721,expo,SAFE CONFIGURATION,Reviewed registry/deployment/dependency metadata or documentation. Dependency entries are not evidence of live-provider certification; see mobile advisory limitation.,True,False,False,False
mobile/package-lock.json,1723,https://registry.npmjs.org/@expo/log-box/-/log-box-55.0.13.tgz,SAFE CONFIGURATION,Reviewed registry/deployment/dependency metadata or documentation. Dependency entries are not evidence of live-provider certification; see mobile advisory limitation.,True,False,False,False
mobile/package-lock.json,1727,expo,SAFE CONFIGURATION,Reviewed registry/deployment/dependency metadata or documentation. Dependency entries are not evidence of live-provider certification; see mobile advisory limitation.,True,False,False,False
mobile/package-lock.json,1732,expo,SAFE CONFIGURATION,Reviewed registry/deployment/dependency metadata or documentation. Dependency entries are not evidence of live-provider certification; see mobile advisory limitation.,True,False,False,False
mobile/package-lock.json,1733,expo,SAFE CONFIGURATION,Reviewed registry/deployment/dependency metadata or documentation. Dependency entries are not evidence of live-provider certification; see mobile advisory limitation.,True,False,False,False
mobile/package-lock.json,1738,expo,SAFE CONFIGURATION,Reviewed registry/deployment/dependency metadata or documentation. Dependency entries are not evidence of live-provider certification; see mobile advisory limitation.,True,False,False,False
mobile/package-lock.json,1740,https://registry.npmjs.org/@expo/metro/-/metro-55.1.2.tgz,SAFE CONFIGURATION,Reviewed registry/deployment/dependency metadata or documentation. Dependency entries are not evidence of live-provider certification; see mobile advisory limitation.,True,False,False,False
mobile/package-lock.json,1760,expo,SAFE CONFIGURATION,Reviewed registry/deployment/dependency metadata or documentation. Dependency entries are not evidence of live-provider certification; see mobile advisory limitation.,True,False,False,False
mobile/package-lock.json,1762,https://registry.npmjs.org/@expo/metro-runtime/-/metro-runtime-55.0.12.tgz,SAFE CONFIGURATION,Reviewed registry/deployment/dependency metadata or documentation. Dependency entries are not evidence of live-provider certification; see mobile advisory limitation.,True,False,False,False
mobile/package-lock.json,1766,expo,SAFE CONFIGURATION,Reviewed registry/deployment/dependency metadata or documentation. Dependency entries are not evidence of live-provider certification; see mobile advisory limitation.,True,False,False,False
mobile/package-lock.json,1773,expo,SAFE CONFIGURATION,Reviewed registry/deployment/dependency metadata or documentation. Dependency entries are not evidence of live-provider certification; see mobile advisory limitation.,True,False,False,False
mobile/package-lock.json,1784,expo,SAFE CONFIGURATION,Reviewed registry/deployment/dependency metadata or documentation. Dependency entries are not evidence of live-provider certification; see mobile advisory limitation.,True,False,False,False
mobile/package-lock.json,1786,https://registry.npmjs.org/@expo/osascript/-/osascript-2.7.1.tgz,SAFE CONFIGURATION,Reviewed registry/deployment/dependency metadata or documentation. Dependency entries are not evidence of live-provider certification; see mobile advisory limitation.,True,False,False,False
mobile/package-lock.json,1790,expo,SAFE CONFIGURATION,Reviewed registry/deployment/dependency metadata or documentation. Dependency entries are not evidence of live-provider certification; see mobile advisory limitation.,True,False,False,False
mobile/package-lock.json,1796,expo,SAFE CONFIGURATION,Reviewed registry/deployment/dependency metadata or documentation. Dependency entries are not evidence of live-provider certification; see mobile advisory limitation.,True,False,False,False
mobile/package-lock.json,1798,https://registry.npmjs.org/@expo/package-manager/-/package-manager-1.13.1.tgz,SAFE CONFIGURATION,Reviewed registry/deployment/dependency metadata or documentation. Dependency entries are not evidence of live-provider certification; see mobile advisory limitation.,True,False,False,False
mobile/package-lock.json,1802,expo,SAFE CONFIGURATION,Reviewed registry/deployment/dependency metadata or documentation. Dependency entries are not evidence of live-provider certification; see mobile advisory limitation.,True,False,False,False
mobile/package-lock.json,1803,expo,SAFE CONFIGURATION,Reviewed registry/deployment/dependency metadata or documentation. Dependency entries are not evidence of live-provider certification; see mobile advisory limitation.,True,False,False,False
mobile/package-lock.json,1810,expo,SAFE CONFIGURATION,Reviewed registry/deployment/dependency metadata or documentation. Dependency entries are not evidence of live-provider certification; see mobile advisory limitation.,True,False,False,False
mobile/package-lock.json,1812,https://registry.npmjs.org/@expo/json-file/-/json-file-11.0.1.tgz,SAFE CONFIGURATION,Reviewed registry/deployment/dependency metadata or documentation. Dependency entries are not evidence of live-provider certification; see mobile advisory limitation.,True,False,False,False
mobile/package-lock.json,1820,expo,SAFE CONFIGURATION,Reviewed registry/deployment/dependency metadata or documentation. Dependency entries are not evidence of live-provider certification; see mobile advisory limitation.,True,False,False,False
mobile/package-lock.json,1822,https://registry.npmjs.org/@expo/plist/-/plist-0.5.4.tgz,SAFE CONFIGURATION,Reviewed registry/deployment/dependency metadata or documentation. Dependency entries are not evidence of live-provider certification; see mobile advisory limitation.,True,False,False,False
mobile/package-lock.json,1831,expo,SAFE CONFIGURATION,Reviewed registry/deployment/dependency metadata or documentation. Dependency entries are not evidence of live-provider certification; see mobile advisory limitation.,True,False,False,False
mobile/package-lock.json,1833,https://registry.npmjs.org/@expo/require-utils/-/require-utils-55.0.8.tgz,SAFE CONFIGURATION,Reviewed registry/deployment/dependency metadata or documentation. Dependency entries are not evidence of live-provider certification; see mobile advisory limitation.,True,False,False,False
mobile/package-lock.json,1850,expo,SAFE CONFIGURATION,Reviewed registry/deployment/dependency metadata or documentation. Dependency entries are not evidence of live-provider certification; see mobile advisory limitation.,True,False,False,False
mobile/package-lock.json,1852,https://registry.npmjs.org/@expo/schema-utils/-/schema-utils-55.0.5.tgz,SAFE CONFIGURATION,Reviewed registry/deployment/dependency metadata or documentation. Dependency entries are not evidence of live-provider certification; see mobile advisory limitation.,True,False,False,False
mobile/package-lock.json,1856,expo,SAFE CONFIGURATION,Reviewed registry/deployment/dependency metadata or documentation. Dependency entries are not evidence of live-provider certification; see mobile advisory limitation.,True,False,False,False
mobile/package-lock.json,1858,https://registry.npmjs.org/@expo/sdk-runtime-versions/-/sdk-runtime-versions-1.0.0.tgz,SAFE CONFIGURATION,Reviewed registry/deployment/dependency metadata or documentation. Dependency entries are not evidence of live-provider certification; see mobile advisory limitation.,True,False,False,False
mobile/package-lock.json,1862,expo,SAFE CONFIGURATION,Reviewed registry/deployment/dependency metadata or documentation. Dependency entries are not evidence of live-provider certification; see mobile advisory limitation.,True,False,False,False
mobile/package-lock.json,1864,https://registry.npmjs.org/@expo/spawn-async/-/spawn-async-1.8.0.tgz,SAFE CONFIGURATION,Reviewed registry/deployment/dependency metadata or documentation. Dependency entries are not evidence of live-provider certification; see mobile advisory limitation.,True,False,False,False
mobile/package-lock.json,1874,expo,SAFE CONFIGURATION,Reviewed registry/deployment/dependency metadata or documentation. Dependency entries are not evidence of live-provider certification; see mobile advisory limitation.,True,False,False,False
mobile/package-lock.json,1876,https://registry.npmjs.org/@expo/sudo-prompt/-/sudo-prompt-9.3.2.tgz,SAFE CONFIGURATION,Reviewed registry/deployment/dependency metadata or documentation. Dependency entries are not evidence of live-provider certification; see mobile advisory limitation.,True,False,False,False
mobile/package-lock.json,1880,expo,SAFE CONFIGURATION,Reviewed registry/deployment/dependency metadata or documentation. Dependency entries are not evidence of live-provider certification; see mobile advisory limitation.,True,False,False,False
mobile/package-lock.json,1882,https://registry.npmjs.org/@expo/ws-tunnel/-/ws-tunnel-1.0.6.tgz,SAFE CONFIGURATION,Reviewed registry/deployment/dependency metadata or documentation. Dependency entries are not evidence of live-provider certification; see mobile advisory limitation.,True,False,False,False
mobile/package-lock.json,1886,expo,SAFE CONFIGURATION,Reviewed registry/deployment/dependency metadata or documentation. Dependency entries are not evidence of live-provider certification; see mobile advisory limitation.,True,False,False,False
mobile/package-lock.json,1888,https://registry.npmjs.org/@expo/xcpretty/-/xcpretty-4.4.5.tgz,SAFE CONFIGURATION,Reviewed registry/deployment/dependency metadata or documentation. Dependency entries are not evidence of live-provider certification; see mobile advisory limitation.,True,False,False,False
mobile/package-lock.json,1900,expo,SAFE CONFIGURATION,Reviewed registry/deployment/dependency metadata or documentation. Dependency entries are not evidence of live-provider certification; see mobile advisory limitation.,True,False,False,False
mobile/package-lock.json,1902,https://registry.npmjs.org/argparse/-/argparse-2.0.1.tgz,SAFE CONFIGURATION,Reviewed registry/deployment/dependency metadata or documentation. Dependency entries are not evidence of live-provider certification; see mobile advisory limitation.,True,False,False,False
mobile/package-lock.json,1906,expo,SAFE CONFIGURATION,Reviewed registry/deployment/dependency metadata or documentation. Dependency entries are not evidence of live-provider certification; see mobile advisory limitation.,True,False,False,False
mobile/package-lock.json,1908,https://registry.npmjs.org/js-yaml/-/js-yaml-4.3.2.tgz,SAFE CONFIGURATION,Reviewed registry/deployment/dependency metadata or documentation. Dependency entries are not evidence of live-provider certification; see mobile advisory limitation.,True,False,False,False
mobile/package-lock.json,1913,https://github.com/sponsors/puzrin,SAFE CONFIGURATION,Reviewed registry/deployment/dependency metadata or documentation. Dependency entries are not evidence of live-provider certification; see mobile advisory limitation.,True,False,False,False
mobile/package-lock.json,1917,https://github.com/sponsors/nodeca,SAFE CONFIGURATION,Reviewed registry/deployment/dependency metadata or documentation. Dependency entries are not evidence of live-provider certification; see mobile advisory limitation.,True,False,False,False
mobile/package-lock.json,1930,https://registry.npmjs.org/@isaacs/ttlcache/-/ttlcache-1.4.1.tgz,SAFE CONFIGURATION,Reviewed registry/deployment/dependency metadata or documentation. Dependency entries are not evidence of live-provider certification; see mobile advisory limitation.,True,False,False,False
mobile/package-lock.json,1939,https://registry.npmjs.org/@istanbuljs/load-nyc-config/-/load-nyc-config-1.1.0.tgz,SAFE CONFIGURATION,Reviewed registry/deployment/dependency metadata or documentation. Dependency entries are not evidence of live-provider certification; see mobile advisory limitation.,True,False,False,False
mobile/package-lock.json,1955,https://registry.npmjs.org/camelcase/-/camelcase-5.3.1.tgz,SAFE CONFIGURATION,Reviewed registry/deployment/dependency metadata or documentation. Dependency entries are not evidence of live-provider certification; see mobile advisory limitation.,True,False,False,False
mobile/package-lock.json,1964,https://registry.npmjs.org/@istanbuljs/schema/-/schema-0.1.6.tgz,SAFE CONFIGURATION,Reviewed registry/deployment/dependency metadata or documentation. Dependency entries are not evidence of live-provider certification; see mobile advisory limitation.,True,False,False,False
mobile/package-lock.json,1973,https://registry.npmjs.org/@jest/create-cache-key-function/-/create-cache-key-function-29.7.0.tgz,SAFE CONFIGURATION,Reviewed registry/deployment/dependency metadata or documentation. Dependency entries are not evidence of live-provider certification; see mobile advisory limitation.,True,False,False,False
mobile/package-lock.json,1985,https://registry.npmjs.org/@jest/environment/-/environment-29.7.0.tgz,SAFE CONFIGURATION,Reviewed registry/deployment/dependency metadata or documentation. Dependency entries are not evidence of live-provider certification; see mobile advisory limitation.,True,False,False,False
mobile/package-lock.json,2000,https://registry.npmjs.org/@jest/fake-timers/-/fake-timers-29.7.0.tgz,SAFE CONFIGURATION,Reviewed registry/deployment/dependency metadata or documentation. Dependency entries are not evidence of live-provider certification; see mobile advisory limitation.,True,False,False,False
mobile/package-lock.json,2017,https://registry.npmjs.org/@jest/schemas/-/schemas-29.6.3.tgz,SAFE CONFIGURATION,Reviewed registry/deployment/dependency metadata or documentation. Dependency entries are not evidence of live-provider certification; see mobile advisory limitation.,True,False,False,False
mobile/package-lock.json,2029,https://registry.npmjs.org/@jest/transform/-/transform-29.7.0.tgz,SAFE CONFIGURATION,Reviewed registry/deployment/dependency metadata or documentation. Dependency entries are not evidence of live-provider certification; see mobile advisory limitation.,True,False,False,False
mobile/package-lock.json,2055,https://registry.npmjs.org/@jest/types/-/types-29.6.3.tgz,SAFE CONFIGURATION,Reviewed registry/deployment/dependency metadata or documentation. Dependency entries are not evidence of live-provider certification; see mobile advisory limitation.,True,False,False,False
mobile/package-lock.json,2072,https://registry.npmjs.org/@jridgewell/gen-mapping/-/gen-mapping-0.3.13.tgz,SAFE CONFIGURATION,Reviewed registry/deployment/dependency metadata or documentation. Dependency entries are not evidence of live-provider certification; see mobile advisory limitation.,True,False,False,False
mobile/package-lock.json,2082,https://registry.npmjs.org/@jridgewell/remapping/-/remapping-2.3.5.tgz,SAFE CONFIGURATION,Reviewed registry/deployment/dependency metadata or documentation. Dependency entries are not evidence of live-provider certification; see mobile advisory limitation.,True,False,False,False
mobile/package-lock.json,2092,https://registry.npmjs.org/@jridgewell/resolve-uri/-/resolve-uri-3.1.2.tgz,SAFE CONFIGURATION,Reviewed registry/deployment/dependency metadata or documentation. Dependency entries are not evidence of live-provider certification; see mobile advisory limitation.,True,False,False,False
mobile/package-lock.json,2101,https://registry.npmjs.org/@jridgewell/source-map/-/source-map-0.3.11.tgz,SAFE CONFIGURATION,Reviewed registry/deployment/dependency metadata or documentation. Dependency entries are not evidence of live-provider certification; see mobile advisory limitation.,True,False,False,False
mobile/package-lock.json,2111,https://registry.npmjs.org/@jridgewell/sourcemap-codec/-/sourcemap-codec-1.6.0.tgz,SAFE CONFIGURATION,Reviewed registry/deployment/dependency metadata or documentation. Dependency entries are not evidence of live-provider certification; see mobile advisory limitation.,True,False,False,False
mobile/package-lock.json,2117,https://registry.npmjs.org/@jridgewell/trace-mapping/-/trace-mapping-0.3.31.tgz,SAFE CONFIGURATION,Reviewed registry/deployment/dependency metadata or documentation. Dependency entries are not evidence of live-provider certification; see mobile advisory limitation.,True,False,False,False
mobile/package-lock.json,2127,https://registry.npmjs.org/@radix-ui/primitive/-/primitive-1.1.7.tgz,SAFE CONFIGURATION,Reviewed registry/deployment/dependency metadata or documentation. Dependency entries are not evidence of live-provider certification; see mobile advisory limitation.,True,False,False,False
mobile/package-lock.json,2133,https://registry.npmjs.org/@radix-ui/react-compose-refs/-/react-compose-refs-1.1.5.tgz,SAFE CONFIGURATION,Reviewed registry/deployment/dependency metadata or documentation. Dependency entries are not evidence of live-provider certification; see mobile advisory limitation.,True,False,False,False
mobile/package-lock.json,2148,https://registry.npmjs.org/@radix-ui/react-context/-/react-context-1.2.2.tgz,SAFE CONFIGURATION,Reviewed registry/deployment/dependency metadata or documentation. Dependency entries are not evidence of live-provider certification; see mobile advisory limitation.,True,False,False,False
mobile/package-lock.json,2163,https://registry.npmjs.org/@radix-ui/react-direction/-/react-direction-1.1.4.tgz,SAFE CONFIGURATION,Reviewed registry/deployment/dependency metadata or documentation. Dependency entries are not evidence of live-provider certification; see mobile advisory limitation.,True,False,False,False
mobile/package-lock.json,2178,https://registry.npmjs.org/@radix-ui/react-focus-guards/-/react-focus-guards-1.1.6.tgz,SAFE CONFIGURATION,Reviewed registry/deployment/dependency metadata or documentation. Dependency entries are not evidence of live-provider certification; see mobile advisory limitation.,True,False,False,False
mobile/package-lock.json,2193,https://registry.npmjs.org/@radix-ui/react-id/-/react-id-1.1.4.tgz,SAFE CONFIGURATION,Reviewed registry/deployment/dependency metadata or documentation. Dependency entries are not evidence of live-provider certification; see mobile advisory limitation.,True,False,False,False
mobile/package-lock.json,2211,https://registry.npmjs.org/@radix-ui/react-slot/-/react-slot-1.3.3.tgz,SAFE CONFIGURATION,Reviewed registry/deployment/dependency metadata or documentation. Dependency entries are not evidence of live-provider certification; see mobile advisory limitation.,True,False,False,False
mobile/package-lock.json,2229,https://registry.npmjs.org/@radix-ui/react-use-callback-ref/-/react-use-callback-ref-1.1.4.tgz,SAFE CONFIGURATION,Reviewed registry/deployment/dependency metadata or documentation. Dependency entries are not evidence of live-provider certification; see mobile advisory limitation.,True,False,False,False
mobile/package-lock.json,2244,https://registry.npmjs.org/@radix-ui/react-use-controllable-state/-/react-use-controllable-state-1.2.6.tgz,SAFE CONFIGURATION,Reviewed registry/deployment/dependency metadata or documentation. Dependency entries are not evidence of live-provider certification; see mobile advisory limitation.,True,False,False,False
mobile/package-lock.json,2264,https://registry.npmjs.org/@radix-ui/react-use-effect-event/-/react-use-effect-event-0.0.5.tgz,SAFE CONFIGURATION,Reviewed registry/deployment/dependency metadata or documentation. Dependency entries are not evidence of live-provider certification; see mobile advisory limitation.,True,False,False,False
mobile/package-lock.json,2282,https://registry.npmjs.org/@radix-ui/react-use-is-hydrated/-/react-use-is-hydrated-0.1.3.tgz,SAFE CONFIGURATION,Reviewed registry/deployment/dependency metadata or documentation. Dependency entries are not evidence of live-provider certification; see mobile advisory limitation.,True,False,False,False
mobile/package-lock.json,2297,https://registry.npmjs.org/@radix-ui/react-use-layout-effect/-/react-use-layout-effect-1.1.4.tgz,SAFE CONFIGURATION,Reviewed registry/deployment/dependency metadata or documentation. Dependency entries are not evidence of live-provider certification; see mobile advisory limitation.,True,False,False,False
mobile/package-lock.json,2312,https://registry.npmjs.org/@react-native/assets-registry/-/assets-registry-0.83.10.tgz,SAFE CONFIGURATION,Reviewed registry/deployment/dependency metadata or documentation. Dependency entries are not evidence of live-provider certification; see mobile advisory limitation.,True,False,False,False
mobile/package-lock.json,2321,https://registry.npmjs.org/@react-native/babel-plugin-codegen/-/babel-plugin-codegen-0.83.10.tgz,SAFE CONFIGURATION,Reviewed registry/deployment/dependency metadata or documentation. Dependency entries are not evidence of live-provider certification; see mobile advisory limitation.,True,False,False,False
mobile/package-lock.json,2334,https://registry.npmjs.org/@react-native/babel-preset/-/babel-preset-0.83.10.tgz,SAFE CONFIGURATION,Reviewed registry/deployment/dependency metadata or documentation. Dependency entries are not evidence of live-provider certification; see mobile advisory limitation.,True,False,False,False
mobile/package-lock.json,2393,https://registry.npmjs.org/@react-native/codegen/-/codegen-0.83.10.tgz,SAFE CONFIGURATION,Reviewed registry/deployment/dependency metadata or documentation. Dependency entries are not evidence of live-provider certification; see mobile advisory limitation.,True,False,False,False
mobile/package-lock.json,2414,https://registry.npmjs.org/balanced-match/-/balanced-match-1.0.2.tgz,SAFE CONFIGURATION,Reviewed registry/deployment/dependency metadata or documentation. Dependency entries are not evidence of live-provider certification; see mobile advisory limitation.,True,False,False,False
mobile/package-lock.json,2420,https://registry.npmjs.org/brace-expansion/-/brace-expansion-1.1.21.tgz,SAFE CONFIGURATION,Reviewed registry/deployment/dependency metadata or documentation. Dependency entries are not evidence of live-provider certification; see mobile advisory limitation.,True,False,False,False
mobile/package-lock.json,2430,https://registry.npmjs.org/glob/-/glob-7.2.3.tgz,SAFE CONFIGURATION,Reviewed registry/deployment/dependency metadata or documentation. Dependency entries are not evidence of live-provider certification; see mobile advisory limitation.,True,False,False,False
mobile/package-lock.json,2446,https://github.com/sponsors/isaacs,SAFE CONFIGURATION,Reviewed registry/deployment/dependency metadata or documentation. Dependency entries are not evidence of live-provider certification; see mobile advisory limitation.,True,False,False,False
mobile/package-lock.json,2451,https://registry.npmjs.org/hermes-estree/-/hermes-estree-0.32.0.tgz,SAFE CONFIGURATION,Reviewed registry/deployment/dependency metadata or documentation. Dependency entries are not evidence of live-provider certification; see mobile advisory limitation.,True,False,False,False
mobile/package-lock.json,2457,https://registry.npmjs.org/hermes-parser/-/hermes-parser-0.32.0.tgz,SAFE CONFIGURATION,Reviewed registry/deployment/dependency metadata or documentation. Dependency entries are not evidence of live-provider certification; see mobile advisory limitation.,True,False,False,False
mobile/package-lock.json,2466,https://registry.npmjs.org/minimatch/-/minimatch-3.1.5.tgz,SAFE CONFIGURATION,Reviewed registry/deployment/dependency metadata or documentation. Dependency entries are not evidence of live-provider certification; see mobile advisory limitation.,True,False,False,False
mobile/package-lock.json,2478,https://registry.npmjs.org/@react-native/community-cli-plugin/-/community-cli-plugin-0.83.10.tgz,SAFE CONFIGURATION,Reviewed registry/deployment/dependency metadata or documentation. Dependency entries are not evidence of live-provider certification; see mobile advisory limitation.,True,False,False,False
mobile/package-lock.json,2508,https://registry.npmjs.org/@react-native/debugger-frontend/-/debugger-frontend-0.83.10.tgz,SAFE CONFIGURATION,Reviewed registry/deployment/dependency metadata or documentation. Dependency entries are not evidence of live-provider certification; see mobile advisory limitation.,True,False,False,False
mobile/package-lock.json,2517,https://registry.npmjs.org/@react-native/debugger-shell/-/debugger-shell-0.83.10.tgz,SAFE CONFIGURATION,Reviewed registry/deployment/dependency metadata or documentation. Dependency entries are not evidence of live-provider certification; see mobile advisory limitation.,True,False,False,False
mobile/package-lock.json,2530,https://registry.npmjs.org/@react-native/dev-middleware/-/dev-middleware-0.83.10.tgz,SAFE CONFIGURATION,Reviewed registry/deployment/dependency metadata or documentation. Dependency entries are not evidence of live-provider certification; see mobile advisory limitation.,True,False,False,False
mobile/package-lock.json,2553,https://registry.npmjs.org/@react-native/gradle-plugin/-/gradle-plugin-0.83.10.tgz,SAFE CONFIGURATION,Reviewed registry/deployment/dependency metadata or documentation. Dependency entries are not evidence of live-provider certification; see mobile advisory limitation.,True,False,False,False
mobile/package-lock.json,2562,https://registry.npmjs.org/@react-native/js-polyfills/-/js-polyfills-0.83.10.tgz,SAFE CONFIGURATION,Reviewed registry/deployment/dependency metadata or documentation. Dependency entries are not evidence of live-provider certification; see mobile advisory limitation.,True,False,False,False
mobile/package-lock.json,2571,https://registry.npmjs.org/@react-native/normalize-colors/-/normalize-colors-0.83.10.tgz,SAFE CONFIGURATION,Reviewed registry/deployment/dependency metadata or documentation. Dependency entries are not evidence of live-provider certification; see mobile advisory limitation.,True,False,False,False
mobile/package-lock.json,2577,https://registry.npmjs.org/@react-navigation/bottom-tabs/-/bottom-tabs-7.19.2.tgz,SAFE CONFIGURATION,Reviewed registry/deployment/dependency metadata or documentation. Dependency entries are not evidence of live-provider certification; see mobile advisory limitation.,True,False,False,False
mobile/package-lock.json,2595,https://registry.npmjs.org/@react-navigation/core/-/core-7.22.1.tgz,SAFE CONFIGURATION,Reviewed registry/deployment/dependency metadata or documentation. Dependency entries are not evidence of live-provider certification; see mobile advisory limitation.,True,False,False,False
mobile/package-lock.json,2613,https://registry.npmjs.org/@react-navigation/elements/-/elements-2.9.43.tgz,SAFE CONFIGURATION,Reviewed registry/deployment/dependency metadata or documentation. Dependency entries are not evidence of live-provider certification; see mobile advisory limitation.,True,False,False,False
mobile/package-lock.json,2636,https://registry.npmjs.org/@react-navigation/native/-/native-7.4.1.tgz,SAFE CONFIGURATION,Reviewed registry/deployment/dependency metadata or documentation. Dependency entries are not evidence of live-provider certification; see mobile advisory limitation.,True,False,False,False
mobile/package-lock.json,2654,https://registry.npmjs.org/@react-navigation/native-stack/-/native-stack-7.19.2.tgz,SAFE CONFIGURATION,Reviewed registry/deployment/dependency metadata or documentation. Dependency entries are not evidence of live-provider certification; see mobile advisory limitation.,True,False,False,False
mobile/package-lock.json,2673,https://registry.npmjs.org/@react-navigation/routers/-/routers-7.6.4.tgz,SAFE CONFIGURATION,Reviewed registry/deployment/dependency metadata or documentation. Dependency entries are not evidence of live-provider certification; see mobile advisory limitation.,True,False,False,False
mobile/package-lock.json,2682,https://registry.npmjs.org/@sinclair/typebox/-/typebox-0.27.12.tgz,SAFE CONFIGURATION,Reviewed registry/deployment/dependency metadata or documentation. Dependency entries are not evidence of live-provider certification; see mobile advisory limitation.,True,False,False,False
mobile/package-lock.json,2688,https://registry.npmjs.org/@sinonjs/commons/-/commons-3.0.1.tgz,SAFE CONFIGURATION,Reviewed registry/deployment/dependency metadata or documentation. Dependency entries are not evidence of live-provider certification; see mobile advisory limitation.,True,False,False,False
mobile/package-lock.json,2697,https://registry.npmjs.org/@sinonjs/fake-timers/-/fake-timers-10.3.0.tgz,SAFE CONFIGURATION,Reviewed registry/deployment/dependency metadata or documentation. Dependency entries are not evidence of live-provider certification; see mobile advisory limitation.,True,False,False,False
mobile/package-lock.json,2706,https://registry.npmjs.org/@types/babel__core/-/babel__core-7.20.5.tgz,SAFE CONFIGURATION,Reviewed registry/deployment/dependency metadata or documentation. Dependency entries are not evidence of live-provider certification; see mobile advisory limitation.,True,False,False,False
mobile/package-lock.json,2719,https://registry.npmjs.org/@types/babel__generator/-/babel__generator-7.27.0.tgz,SAFE CONFIGURATION,Reviewed registry/deployment/dependency metadata or documentation. Dependency entries are not evidence of live-provider certification; see mobile advisory limitation.,True,False,False,False
mobile/package-lock.json,2728,https://registry.npmjs.org/@types/babel__template/-/babel__template-7.4.4.tgz,SAFE CONFIGURATION,Reviewed registry/deployment/dependency metadata or documentation. Dependency entries are not evidence of live-provider certification; see mobile advisory limitation.,True,False,False,False
mobile/package-lock.json,2738,https://registry.npmjs.org/@types/babel__traverse/-/babel__traverse-7.28.0.tgz,SAFE CONFIGURATION,Reviewed registry/deployment/dependency metadata or documentation. Dependency entries are not evidence of live-provider certification; see mobile advisory limitation.,True,False,False,False
mobile/package-lock.json,2747,https://registry.npmjs.org/@types/graceful-fs/-/graceful-fs-4.1.9.tgz,SAFE CONFIGURATION,Reviewed registry/deployment/dependency metadata or documentation. Dependency entries are not evidence of live-provider certification; see mobile advisory limitation.,True,False,False,False
mobile/package-lock.json,2756,https://registry.npmjs.org/@types/istanbul-lib-coverage/-/istanbul-lib-coverage-2.0.6.tgz,SAFE CONFIGURATION,Reviewed registry/deployment/dependency metadata or documentation. Dependency entries are not evidence of live-provider certification; see mobile advisory limitation.,True,False,False,False
mobile/package-lock.json,2762,https://registry.npmjs.org/@types/istanbul-lib-report/-/istanbul-lib-report-3.0.3.tgz,SAFE CONFIGURATION,Reviewed registry/deployment/dependency metadata or documentation. Dependency entries are not evidence of live-provider certification; see mobile advisory limitation.,True,False,False,False
mobile/package-lock.json,2771,https://registry.npmjs.org/@types/istanbul-reports/-/istanbul-reports-3.0.4.tgz,SAFE CONFIGURATION,Reviewed registry/deployment/dependency metadata or documentation. Dependency entries are not evidence of live-provider certification; see mobile advisory limitation.,True,False,False,False
mobile/package-lock.json,2780,https://registry.npmjs.org/@types/node/-/node-26.6.3.tgz,SAFE CONFIGURATION,Reviewed registry/deployment/dependency metadata or documentation. Dependency entries are not evidence of live-provider certification; see mobile advisory limitation.,True,False,False,False
mobile/package-lock.json,2789,https://registry.npmjs.org/@types/react/-/react-19.2.18.tgz,SAFE CONFIGURATION,Reviewed registry/deployment/dependency metadata or documentation. Dependency entries are not evidence of live-provider certification; see mobile advisory limitation.,True,False,False,False
mobile/package-lock.json,2799,https://registry.npmjs.org/@types/stack-utils/-/stack-utils-2.0.3.tgz,SAFE CONFIGURATION,Reviewed registry/deployment/dependency metadata or documentation. Dependency entries are not evidence of live-provider certification; see mobile advisory limitation.,True,False,False,False
mobile/package-lock.json,2805,https://registry.npmjs.org/@types/yargs/-/yargs-17.0.35.tgz,SAFE CONFIGURATION,Reviewed registry/deployment/dependency metadata or documentation. Dependency entries are not evidence of live-provider certification; see mobile advisory limitation.,True,False,False,False
mobile/package-lock.json,2814,https://registry.npmjs.org/@types/yargs-parser/-/yargs-parser-21.0.3.tgz,SAFE CONFIGURATION,Reviewed registry/deployment/dependency metadata or documentation. Dependency entries are not evidence of live-provider certification; see mobile advisory limitation.,True,False,False,False
mobile/package-lock.json,2820,https://registry.npmjs.org/@ungap/structured-clone/-/structured-clone-1.4.0.tgz,SAFE CONFIGURATION,Reviewed registry/deployment/dependency metadata or documentation. Dependency entries are not evidence of live-provider certification; see mobile advisory limitation.,True,False,False,False
mobile/package-lock.json,2826,https://registry.npmjs.org/@xmldom/xmldom/-/xmldom-0.8.15.tgz,SAFE CONFIGURATION,Reviewed registry/deployment/dependency metadata or documentation. Dependency entries are not evidence of live-provider certification; see mobile advisory limitation.,True,False,False,False
mobile/package-lock.json,2835,https://registry.npmjs.org/abort-controller/-/abort-controller-3.0.0.tgz,SAFE CONFIGURATION,Reviewed registry/deployment/dependency metadata or documentation. Dependency entries are not evidence of live-provider certification; see mobile advisory limitation.,True,False,False,False
mobile/package-lock.json,2847,https://registry.npmjs.org/accepts/-/accepts-2.0.0.tgz,SAFE CONFIGURATION,Reviewed registry/deployment/dependency metadata or documentation. Dependency entries are not evidence of live-provider certification; see mobile advisory limitation.,True,False,False,False
mobile/package-lock.json,2860,https://registry.npmjs.org/acorn/-/acorn-8.18.0.tgz,SAFE CONFIGURATION,Reviewed registry/deployment/dependency metadata or documentation. Dependency entries are not evidence of live-provider certification; see mobile advisory limitation.,True,False,False,False
mobile/package-lock.json,2872,https://registry.npmjs.org/agent-base/-/agent-base-7.1.4.tgz,SAFE CONFIGURATION,Reviewed registry/deployment/dependency metadata or documentation. Dependency entries are not evidence of live-provider certification; see mobile advisory limitation.,True,False,False,False
mobile/package-lock.json,2881,https://registry.npmjs.org/agent-cli-detector/-/agent-cli-detector-0.1.7.tgz,SAFE CONFIGURATION,Reviewed registry/deployment/dependency metadata or documentation. Dependency entries are not evidence of live-provider certification; see mobile advisory limitation.,True,False,False,False
mobile/package-lock.json,2893,https://registry.npmjs.org/anser/-/anser-1.4.10.tgz,SAFE CONFIGURATION,Reviewed registry/deployment/dependency metadata or documentation. Dependency entries are not evidence of live-provider certification; see mobile advisory limitation.,True,False,False,False
mobile/package-lock.json,2899,https://registry.npmjs.org/ansi-escapes/-/ansi-escapes-4.3.2.tgz,SAFE CONFIGURATION,Reviewed registry/deployment/dependency metadata or documentation. Dependency entries are not evidence of live-provider certification; see mobile advisory limitation.,True,False,False,False
mobile/package-lock.json,2909,https://github.com/sponsors/sindresorhus,SAFE CONFIGURATION,Reviewed registry/deployment/dependency metadata or documentation. Dependency entries are not evidence of live-provider certification; see mobile advisory limitation.,True,False,False,False
mobile/package-lock.json,2914,https://registry.npmjs.org/type-fest/-/type-fest-0.21.3.tgz,SAFE CONFIGURATION,Reviewed registry/deployment/dependency metadata or documentation. Dependency entries are not evidence of live-provider certification; see mobile advisory limitation.,True,False,False,False
mobile/package-lock.json,2921,https://github.com/sponsors/sindresorhus,SAFE CONFIGURATION,Reviewed registry/deployment/dependency metadata or documentation. Dependency entries are not evidence of live-provider certification; see mobile advisory limitation.,True,False,False,False
mobile/package-lock.json,2926,https://registry.npmjs.org/ansi-regex/-/ansi-regex-5.0.1.tgz,SAFE CONFIGURATION,Reviewed registry/deployment/dependency metadata or documentation. Dependency entries are not evidence of live-provider certification; see mobile advisory limitation.,True,False,False,False
mobile/package-lock.json,2935,https://registry.npmjs.org/ansi-styles/-/ansi-styles-4.3.0.tgz,SAFE CONFIGURATION,Reviewed registry/deployment/dependency metadata or documentation. Dependency entries are not evidence of live-provider certification; see mobile advisory limitation.,True,False,False,False
mobile/package-lock.json,2945,https://github.com/chalk/ansi-styles?sponsor=1,SAFE CONFIGURATION,Reviewed registry/deployment/dependency metadata or documentation. Dependency entries are not evidence of live-provider certification; see mobile advisory limitation.,True,False,False,False
mobile/package-lock.json,2950,https://registry.npmjs.org/anymatch/-/anymatch-3.1.3.tgz,SAFE CONFIGURATION,Reviewed registry/deployment/dependency metadata or documentation. Dependency entries are not evidence of live-provider certification; see mobile advisory limitation.,True,False,False,False
mobile/package-lock.json,2963,https://registry.npmjs.org/arg/-/arg-5.0.2.tgz,SAFE CONFIGURATION,Reviewed registry/deployment/dependency metadata or documentation. Dependency entries are not evidence of live-provider certification; see mobile advisory limitation.,True,False,False,False
mobile/package-lock.json,2969,https://registry.npmjs.org/argparse/-/argparse-1.0.10.tgz,SAFE CONFIGURATION,Reviewed registry/deployment/dependency metadata or documentation. Dependency entries are not evidence of live-provider certification; see mobile advisory limitation.,True,False,False,False
mobile/package-lock.json,2978,https://registry.npmjs.org/aria-hidden/-/aria-hidden-1.2.6.tgz,SAFE CONFIGURATION,Reviewed registry/deployment/dependency metadata or documentation. Dependency entries are not evidence of live-provider certification; see mobile advisory limitation.,True,False,False,False
mobile/package-lock.json,2990,https://registry.npmjs.org/asap/-/asap-2.0.6.tgz,SAFE CONFIGURATION,Reviewed registry/deployment/dependency metadata or documentation. Dependency entries are not evidence of live-provider certification; see mobile advisory limitation.,True,False,False,False
mobile/package-lock.json,2996,https://registry.npmjs.org/babel-jest/-/babel-jest-29.7.0.tgz,SAFE CONFIGURATION,Reviewed registry/deployment/dependency metadata or documentation. Dependency entries are not evidence of live-provider certification; see mobile advisory limitation.,True,False,False,False
mobile/package-lock.json,3017,https://registry.npmjs.org/babel-plugin-istanbul/-/babel-plugin-istanbul-6.1.1.tgz,SAFE CONFIGURATION,Reviewed registry/deployment/dependency metadata or documentation. Dependency entries are not evidence of live-provider certification; see mobile advisory limitation.,True,False,False,False
mobile/package-lock.json,3033,https://registry.npmjs.org/babel-plugin-jest-hoist/-/babel-plugin-jest-hoist-29.6.3.tgz,SAFE CONFIGURATION,Reviewed registry/deployment/dependency metadata or documentation. Dependency entries are not evidence of live-provider certification; see mobile advisory limitation.,True,False,False,False
mobile/package-lock.json,3048,https://registry.npmjs.org/babel-plugin-polyfill-corejs2/-/babel-plugin-polyfill-corejs2-0.4.17.tgz,SAFE CONFIGURATION,Reviewed registry/deployment/dependency metadata or documentation. Dependency entries are not evidence of live-provider certification; see mobile advisory limitation.,True,False,False,False
mobile/package-lock.json,3062,https://registry.npmjs.org/semver/-/semver-6.3.1.tgz,SAFE CONFIGURATION,Reviewed registry/deployment/dependency metadata or documentation. Dependency entries are not evidence of live-provider certification; see mobile advisory limitation.,True,False,False,False
mobile/package-lock.json,3071,https://registry.npmjs.org/babel-plugin-polyfill-corejs3/-/babel-plugin-polyfill-corejs3-0.13.0.tgz,SAFE CONFIGURATION,Reviewed registry/deployment/dependency metadata or documentation. Dependency entries are not evidence of live-provider certification; see mobile advisory limitation.,True,False,False,False
mobile/package-lock.json,3084,https://registry.npmjs.org/babel-plugin-polyfill-regenerator/-/babel-plugin-polyfill-regenerator-0.6.8.tgz,SAFE CONFIGURATION,Reviewed registry/deployment/dependency metadata or documentation. Dependency entries are not evidence of live-provider certification; see mobile advisory limitation.,True,False,False,False
mobile/package-lock.json,3096,https://registry.npmjs.org/babel-plugin-react-compiler/-/babel-plugin-react-compiler-1.0.0.tgz,SAFE CONFIGURATION,Reviewed registry/deployment/dependency metadata or documentation. Dependency entries are not evidence of live-provider certification; see mobile advisory limitation.,True,False,False,False
mobile/package-lock.json,3105,https://registry.npmjs.org/babel-plugin-react-native-web/-/babel-plugin-react-native-web-0.21.3.tgz,SAFE CONFIGURATION,Reviewed registry/deployment/dependency metadata or documentation. Dependency entries are not evidence of live-provider certification; see mobile advisory limitation.,True,False,False,False
mobile/package-lock.json,3111,https://registry.npmjs.org/babel-plugin-syntax-hermes-parser/-/babel-plugin-syntax-hermes-parser-0.32.0.tgz,SAFE CONFIGURATION,Reviewed registry/deployment/dependency metadata or documentation. Dependency entries are not evidence of live-provider certification; see mobile advisory limitation.,True,False,False,False
mobile/package-lock.json,3120,https://registry.npmjs.org/hermes-estree/-/hermes-estree-0.32.0.tgz,SAFE CONFIGURATION,Reviewed registry/deployment/dependency metadata or documentation. Dependency entries are not evidence of live-provider certification; see mobile advisory limitation.,True,False,False,False
mobile/package-lock.json,3126,https://registry.npmjs.org/hermes-parser/-/hermes-parser-0.32.0.tgz,SAFE CONFIGURATION,Reviewed registry/deployment/dependency metadata or documentation. Dependency entries are not evidence of live-provider certification; see mobile advisory limitation.,True,False,False,False
mobile/package-lock.json,3135,https://registry.npmjs.org/babel-plugin-transform-flow-enums/-/babel-plugin-transform-flow-enums-0.0.2.tgz,SAFE CONFIGURATION,Reviewed registry/deployment/dependency metadata or documentation. Dependency entries are not evidence of live-provider certification; see mobile advisory limitation.,True,False,False,False
mobile/package-lock.json,3144,https://registry.npmjs.org/babel-preset-current-node-syntax/-/babel-preset-current-node-syntax-1.2.0.tgz,SAFE CONFIGURATION,Reviewed registry/deployment/dependency metadata or documentation. Dependency entries are not evidence of live-provider certification; see mobile advisory limitation.,True,False,False,False
mobile/package-lock.json,3170,https://registry.npmjs.org/babel-preset-jest/-/babel-preset-jest-29.6.3.tgz,SAFE CONFIGURATION,Reviewed registry/deployment/dependency metadata or documentation. Dependency entries are not evidence of live-provider certification; see mobile advisory limitation.,True,False,False,False
mobile/package-lock.json,3186,https://registry.npmjs.org/balanced-match/-/balanced-match-4.0.4.tgz,SAFE CONFIGURATION,Reviewed registry/deployment/dependency metadata or documentation. Dependency entries are not evidence of live-provider certification; see mobile advisory limitation.,True,False,False,False
mobile/package-lock.json,3195,https://registry.npmjs.org/base64-js/-/base64-js-1.5.1.tgz,SAFE CONFIGURATION,Reviewed registry/deployment/dependency metadata or documentation. Dependency entries are not evidence of live-provider certification; see mobile advisory limitation.,True,False,False,False
mobile/package-lock.json,3200,https://github.com/sponsors/feross,SAFE CONFIGURATION,Reviewed registry/deployment/dependency metadata or documentation. Dependency entries are not evidence of live-provider certification; see mobile advisory limitation.,True,False,False,False
mobile/package-lock.json,3204,https://www.patreon.com/feross,SAFE CONFIGURATION,Reviewed registry/deployment/dependency metadata or documentation. Dependency entries are not evidence of live-provider certification; see mobile advisory limitation.,True,False,False,False
mobile/package-lock.json,3208,https://feross.org/support,SAFE CONFIGURATION,Reviewed registry/deployment/dependency metadata or documentation. Dependency entries are not evidence of live-provider certification; see mobile advisory limitation.,True,False,False,False
mobile/package-lock.json,3215,https://registry.npmjs.org/baseline-browser-mapping/-/baseline-browser-mapping-2.11.26.tgz,SAFE CONFIGURATION,Reviewed registry/deployment/dependency metadata or documentation. Dependency entries are not evidence of live-provider certification; see mobile advisory limitation.,True,False,False,False
mobile/package-lock.json,3227,https://registry.npmjs.org/better-opn/-/better-opn-3.0.2.tgz,SAFE CONFIGURATION,Reviewed registry/deployment/dependency metadata or documentation. Dependency entries are not evidence of live-provider certification; see mobile advisory limitation.,True,False,False,False
mobile/package-lock.json,3239,https://registry.npmjs.org/open/-/open-8.4.2.tgz,SAFE CONFIGURATION,Reviewed registry/deployment/dependency metadata or documentation. Dependency entries are not evidence of live-provider certification; see mobile advisory limitation.,True,False,False,False
mobile/package-lock.json,3251,https://github.com/sponsors/sindresorhus,SAFE CONFIGURATION,Reviewed registry/deployment/dependency metadata or documentation. Dependency entries are not evidence of live-provider certification; see mobile advisory limitation.,True,False,False,False
mobile/package-lock.json,3256,https://registry.npmjs.org/big-integer/-/big-integer-1.6.52.tgz,SAFE CONFIGURATION,Reviewed registry/deployment/dependency metadata or documentation. Dependency entries are not evidence of live-provider certification; see mobile advisory limitation.,True,False,False,False
mobile/package-lock.json,3265,https://registry.npmjs.org/bplist-creator/-/bplist-creator-0.1.0.tgz,SAFE CONFIGURATION,Reviewed registry/deployment/dependency metadata or documentation. Dependency entries are not evidence of live-provider certification; see mobile advisory limitation.,True,False,False,False
mobile/package-lock.json,3274,https://registry.npmjs.org/bplist-parser/-/bplist-parser-0.3.1.tgz,SAFE CONFIGURATION,Reviewed registry/deployment/dependency metadata or documentation. Dependency entries are not evidence of live-provider certification; see mobile advisory limitation.,True,False,False,False
mobile/package-lock.json,3286,https://registry.npmjs.org/brace-expansion/-/brace-expansion-5.0.12.tgz,SAFE CONFIGURATION,Reviewed registry/deployment/dependency metadata or documentation. Dependency entries are not evidence of live-provider certification; see mobile advisory limitation.,True,False,False,False
mobile/package-lock.json,3298,https://registry.npmjs.org/braces/-/braces-3.0.3.tgz,SAFE CONFIGURATION,Reviewed registry/deployment/dependency metadata or documentation. Dependency entries are not evidence of live-provider certification; see mobile advisory limitation.,True,False,False,False
mobile/package-lock.json,3310,https://registry.npmjs.org/browserslist/-/browserslist-4.29.2.tgz,SAFE CONFIGURATION,Reviewed registry/deployment/dependency metadata or documentation. Dependency entries are not evidence of live-provider certification; see mobile advisory limitation.,True,False,False,False
mobile/package-lock.json,3315,https://opencollective.com/browserslist,SAFE CONFIGURATION,Reviewed registry/deployment/dependency metadata or documentation. Dependency entries are not evidence of live-provider certification; see mobile advisory limitation.,True,False,False,False
mobile/package-lock.json,3319,https://tidelift.com/funding/github/npm/browserslist,SAFE CONFIGURATION,Reviewed registry/deployment/dependency metadata or documentation. Dependency entries are not evidence of live-provider certification; see mobile advisory limitation.,True,False,False,False
mobile/package-lock.json,3323,https://github.com/sponsors/ai,SAFE CONFIGURATION,Reviewed registry/deployment/dependency metadata or documentation. Dependency entries are not evidence of live-provider certification; see mobile advisory limitation.,True,False,False,False
mobile/package-lock.json,3343,https://registry.npmjs.org/bser/-/bser-2.1.1.tgz,SAFE CONFIGURATION,Reviewed registry/deployment/dependency metadata or documentation. Dependency entries are not evidence of live-provider certification; see mobile advisory limitation.,True,False,False,False
mobile/package-lock.json,3352,https://registry.npmjs.org/buffer-from/-/buffer-from-1.1.2.tgz,SAFE CONFIGURATION,Reviewed registry/deployment/dependency metadata or documentation. Dependency entries are not evidence of live-provider certification; see mobile advisory limitation.,True,False,False,False
mobile/package-lock.json,3358,https://registry.npmjs.org/bytes/-/bytes-3.1.2.tgz,SAFE CONFIGURATION,Reviewed registry/deployment/dependency metadata or documentation. Dependency entries are not evidence of live-provider certification; see mobile advisory limitation.,True,False,False,False
mobile/package-lock.json,3367,https://registry.npmjs.org/camelcase/-/camelcase-6.3.0.tgz,SAFE CONFIGURATION,Reviewed registry/deployment/dependency metadata or documentation. Dependency entries are not evidence of live-provider certification; see mobile advisory limitation.,True,False,False,False
mobile/package-lock.json,3374,https://github.com/sponsors/sindresorhus,SAFE CONFIGURATION,Reviewed registry/deployment/dependency metadata or documentation. Dependency entries are not evidence of live-provider certification; see mobile advisory limitation.,True,False,False,False
mobile/package-lock.json,3379,https://registry.npmjs.org/caniuse-lite/-/caniuse-lite-1.0.30001813.tgz,SAFE CONFIGURATION,Reviewed registry/deployment/dependency metadata or documentation. Dependency entries are not evidence of live-provider certification; see mobile advisory limitation.,True,False,False,False
mobile/package-lock.json,3384,https://opencollective.com/browserslist,SAFE CONFIGURATION,Reviewed registry/deployment/dependency metadata or documentation. Dependency entries are not evidence of live-provider certification; see mobile advisory limitation.,True,False,False,False
mobile/package-lock.json,3388,https://tidelift.com/funding/github/npm/caniuse-lite,SAFE CONFIGURATION,Reviewed registry/deployment/dependency metadata or documentation. Dependency entries are not evidence of live-provider certification; see mobile advisory limitation.,True,False,False,False
mobile/package-lock.json,3392,https://github.com/sponsors/ai,SAFE CONFIGURATION,Reviewed registry/deployment/dependency metadata or documentation. Dependency entries are not evidence of live-provider certification; see mobile advisory limitation.,True,False,False,False
mobile/package-lock.json,3399,https://registry.npmjs.org/chalk/-/chalk-4.1.2.tgz,SAFE CONFIGURATION,Reviewed registry/deployment/dependency metadata or documentation. Dependency entries are not evidence of live-provider certification; see mobile advisory limitation.,True,False,False,False
mobile/package-lock.json,3410,https://github.com/chalk/chalk?sponsor=1,SAFE CONFIGURATION,Reviewed registry/deployment/dependency metadata or documentation. Dependency entries are not evidence of live-provider certification; see mobile advisory limitation.,True,False,False,False
mobile/package-lock.json,3415,https://registry.npmjs.org/chrome-launcher/-/chrome-launcher-0.15.2.tgz,SAFE CONFIGURATION,Reviewed registry/deployment/dependency metadata or documentation. Dependency entries are not evidence of live-provider certification; see mobile advisory limitation.,True,False,False,False
mobile/package-lock.json,3433,https://registry.npmjs.org/chromium-edge-launcher/-/chromium-edge-launcher-0.2.0.tgz,SAFE CONFIGURATION,Reviewed registry/deployment/dependency metadata or documentation. Dependency entries are not evidence of live-provider certification; see mobile advisory limitation.,True,False,False,False
mobile/package-lock.json,3447,https://registry.npmjs.org/ci-info/-/ci-info-2.0.0.tgz,SAFE CONFIGURATION,Reviewed registry/deployment/dependency metadata or documentation. Dependency entries are not evidence of live-provider certification; see mobile advisory limitation.,True,False,False,False
mobile/package-lock.json,3453,https://registry.npmjs.org/cli-cursor/-/cli-cursor-2.1.0.tgz,SAFE CONFIGURATION,Reviewed registry/deployment/dependency metadata or documentation. Dependency entries are not evidence of live-provider certification; see mobile advisory limitation.,True,False,False,False
mobile/package-lock.json,3465,https://registry.npmjs.org/cli-spinners/-/cli-spinners-2.9.2.tgz,SAFE CONFIGURATION,Reviewed registry/deployment/dependency metadata or documentation. Dependency entries are not evidence of live-provider certification; see mobile advisory limitation.,True,False,False,False
mobile/package-lock.json,3472,https://github.com/sponsors/sindresorhus,SAFE CONFIGURATION,Reviewed registry/deployment/dependency metadata or documentation. Dependency entries are not evidence of live-provider certification; see mobile advisory limitation.,True,False,False,False
mobile/package-lock.json,3477,https://registry.npmjs.org/client-only/-/client-only-0.0.1.tgz,SAFE CONFIGURATION,Reviewed registry/deployment/dependency metadata or documentation. Dependency entries are not evidence of live-provider certification; see mobile advisory limitation.,True,False,False,False
mobile/package-lock.json,3483,https://registry.npmjs.org/cliui/-/cliui-8.0.1.tgz,SAFE CONFIGURATION,Reviewed registry/deployment/dependency metadata or documentation. Dependency entries are not evidence of live-provider certification; see mobile advisory limitation.,True,False,False,False
mobile/package-lock.json,3497,https://registry.npmjs.org/clone/-/clone-1.0.4.tgz,SAFE CONFIGURATION,Reviewed registry/deployment/dependency metadata or documentation. Dependency entries are not evidence of live-provider certification; see mobile advisory limitation.,True,False,False,False
mobile/package-lock.json,3506,https://registry.npmjs.org/color/-/color-4.2.3.tgz,SAFE CONFIGURATION,Reviewed registry/deployment/dependency metadata or documentation. Dependency entries are not evidence of live-provider certification; see mobile advisory limitation.,True,False,False,False
mobile/package-lock.json,3519,https://registry.npmjs.org/color-convert/-/color-convert-2.0.1.tgz,SAFE CONFIGURATION,Reviewed registry/deployment/dependency metadata or documentation. Dependency entries are not evidence of live-provider certification; see mobile advisory limitation.,True,False,False,False
mobile/package-lock.json,3531,https://registry.npmjs.org/color-name/-/color-name-1.1.4.tgz,SAFE CONFIGURATION,Reviewed registry/deployment/dependency metadata or documentation. Dependency entries are not evidence of live-provider certification; see mobile advisory limitation.,True,False,False,False
mobile/package-lock.json,3537,https://registry.npmjs.org/color-string/-/color-string-1.9.1.tgz,SAFE CONFIGURATION,Reviewed registry/deployment/dependency metadata or documentation. Dependency entries are not evidence of live-provider certification; see mobile advisory limitation.,True,False,False,False
mobile/package-lock.json,3547,https://registry.npmjs.org/commander/-/commander-7.2.0.tgz,SAFE CONFIGURATION,Reviewed registry/deployment/dependency metadata or documentation. Dependency entries are not evidence of live-provider certification; see mobile advisory limitation.,True,False,False,False
mobile/package-lock.json,3556,https://registry.npmjs.org/compressible/-/compressible-2.0.18.tgz,SAFE CONFIGURATION,Reviewed registry/deployment/dependency metadata or documentation. Dependency entries are not evidence of live-provider certification; see mobile advisory limitation.,True,False,False,False
mobile/package-lock.json,3568,https://registry.npmjs.org/compression/-/compression-1.8.2.tgz,SAFE CONFIGURATION,Reviewed registry/deployment/dependency metadata or documentation. Dependency entries are not evidence of live-provider certification; see mobile advisory limitation.,True,False,False,False
mobile/package-lock.json,3586,https://opencollective.com/express,SAFE CONFIGURATION,Reviewed registry/deployment/dependency metadata or documentation. Dependency entries are not evidence of live-provider certification; see mobile advisory limitation.,True,False,False,False
mobile/package-lock.json,3591,https://registry.npmjs.org/debug/-/debug-2.6.9.tgz,SAFE CONFIGURATION,Reviewed registry/deployment/dependency metadata or documentation. Dependency entries are not evidence of live-provider certification; see mobile advisory limitation.,True,False,False,False
mobile/package-lock.json,3600,https://registry.npmjs.org/ms/-/ms-2.0.0.tgz,SAFE CONFIGURATION,Reviewed registry/deployment/dependency metadata or documentation. Dependency entries are not evidence of live-provider certification; see mobile advisory limitation.,True,False,False,False
mobile/package-lock.json,3606,https://registry.npmjs.org/negotiator/-/negotiator-0.6.4.tgz,SAFE CONFIGURATION,Reviewed registry/deployment/dependency metadata or documentation. Dependency entries are not evidence of live-provider certification; see mobile advisory limitation.,True,False,False,False
mobile/package-lock.json,3615,https://registry.npmjs.org/concat-map/-/concat-map-0.0.1.tgz,SAFE CONFIGURATION,Reviewed registry/deployment/dependency metadata or documentation. Dependency entries are not evidence of live-provider certification; see mobile advisory limitation.,True,False,False,False
mobile/package-lock.json,3621,https://registry.npmjs.org/connect/-/connect-3.7.0.tgz,SAFE CONFIGURATION,Reviewed registry/deployment/dependency metadata or documentation. Dependency entries are not evidence of live-provider certification; see mobile advisory limitation.,True,False,False,False
mobile/package-lock.json,3636,https://registry.npmjs.org/debug/-/debug-2.6.9.tgz,SAFE CONFIGURATION,Reviewed registry/deployment/dependency metadata or documentation. Dependency entries are not evidence of live-provider certification; see mobile advisory limitation.,True,False,False,False
mobile/package-lock.json,3645,https://registry.npmjs.org/ms/-/ms-2.0.0.tgz,SAFE CONFIGURATION,Reviewed registry/deployment/dependency metadata or documentation. Dependency entries are not evidence of live-provider certification; see mobile advisory limitation.,True,False,False,False
mobile/package-lock.json,3651,https://registry.npmjs.org/content-type/-/content-type-2.1.0.tgz,SAFE CONFIGURATION,Reviewed registry/deployment/dependency metadata or documentation. Dependency entries are not evidence of live-provider certification; see mobile advisory limitation.,True,False,False,False
mobile/package-lock.json,3659,https://opencollective.com/express,SAFE CONFIGURATION,Reviewed registry/deployment/dependency metadata or documentation. Dependency entries are not evidence of live-provider certification; see mobile advisory limitation.,True,False,False,False
mobile/package-lock.json,3664,https://registry.npmjs.org/convert-source-map/-/convert-source-map-2.0.0.tgz,SAFE CONFIGURATION,Reviewed registry/deployment/dependency metadata or documentation. Dependency entries are not evidence of live-provider certification; see mobile advisory limitation.,True,False,False,False
mobile/package-lock.json,3670,https://registry.npmjs.org/core-js-compat/-/core-js-compat-3.50.0.tgz,SAFE CONFIGURATION,Reviewed registry/deployment/dependency metadata or documentation. Dependency entries are not evidence of live-provider certification; see mobile advisory limitation.,True,False,False,False
mobile/package-lock.json,3681,https://opencollective.com/core-js,SAFE CONFIGURATION,Reviewed registry/deployment/dependency metadata or documentation. Dependency entries are not evidence of live-provider certification; see mobile advisory limitation.,True,False,False,False
mobile/package-lock.json,3686,https://registry.npmjs.org/cross-fetch/-/cross-fetch-3.2.0.tgz,SAFE CONFIGURATION,Reviewed registry/deployment/dependency metadata or documentation. Dependency entries are not evidence of live-provider certification; see mobile advisory limitation.,True,False,False,False
mobile/package-lock.json,3695,https://registry.npmjs.org/cross-spawn/-/cross-spawn-7.0.6.tgz,SAFE CONFIGURATION,Reviewed registry/deployment/dependency metadata or documentation. Dependency entries are not evidence of live-provider certification; see mobile advisory limitation.,True,False,False,False
mobile/package-lock.json,3709,https://registry.npmjs.org/css-in-js-utils/-/css-in-js-utils-3.1.0.tgz,SAFE CONFIGURATION,Reviewed registry/deployment/dependency metadata or documentation. Dependency entries are not evidence of live-provider certification; see mobile advisory limitation.,True,False,False,False
mobile/package-lock.json,3718,https://registry.npmjs.org/csstype/-/csstype-3.2.3.tgz,SAFE CONFIGURATION,Reviewed registry/deployment/dependency metadata or documentation. Dependency entries are not evidence of live-provider certification; see mobile advisory limitation.,True,False,False,False
mobile/package-lock.json,3725,https://registry.npmjs.org/debug/-/debug-4.4.3.tgz,SAFE CONFIGURATION,Reviewed registry/deployment/dependency metadata or documentation. Dependency entries are not evidence of live-provider certification; see mobile advisory limitation.,True,False,False,False
mobile/package-lock.json,3742,https://registry.npmjs.org/decode-uri-component/-/decode-uri-component-0.2.2.tgz,SAFE CONFIGURATION,Reviewed registry/deployment/dependency metadata or documentation. Dependency entries are not evidence of live-provider certification; see mobile advisory limitation.,True,False,False,False
mobile/package-lock.json,3751,https://registry.npmjs.org/deepmerge/-/deepmerge-4.3.1.tgz,SAFE CONFIGURATION,Reviewed registry/deployment/dependency metadata or documentation. Dependency entries are not evidence of live-provider certification; see mobile advisory limitation.,True,False,False,False
mobile/package-lock.json,3760,https://registry.npmjs.org/defaults/-/defaults-1.0.4.tgz,SAFE CONFIGURATION,Reviewed registry/deployment/dependency metadata or documentation. Dependency entries are not evidence of live-provider certification; see mobile advisory limitation.,True,False,False,False
mobile/package-lock.json,3767,https://github.com/sponsors/sindresorhus,SAFE CONFIGURATION,Reviewed registry/deployment/dependency metadata or documentation. Dependency entries are not evidence of live-provider certification; see mobile advisory limitation.,True,False,False,False
mobile/package-lock.json,3772,https://registry.npmjs.org/define-lazy-prop/-/define-lazy-prop-2.0.0.tgz,SAFE CONFIGURATION,Reviewed registry/deployment/dependency metadata or documentation. Dependency entries are not evidence of live-provider certification; see mobile advisory limitation.,True,False,False,False
mobile/package-lock.json,3781,https://registry.npmjs.org/depd/-/depd-2.0.0.tgz,SAFE CONFIGURATION,Reviewed registry/deployment/dependency metadata or documentation. Dependency entries are not evidence of live-provider certification; see mobile advisory limitation.,True,False,False,False
mobile/package-lock.json,3790,https://registry.npmjs.org/destroy/-/destroy-1.2.0.tgz,SAFE CONFIGURATION,Reviewed registry/deployment/dependency metadata or documentation. Dependency entries are not evidence of live-provider certification; see mobile advisory limitation.,True,False,False,False
mobile/package-lock.json,3800,https://registry.npmjs.org/detect-libc/-/detect-libc-2.1.2.tgz,SAFE CONFIGURATION,Reviewed registry/deployment/dependency metadata or documentation. Dependency entries are not evidence of live-provider certification; see mobile advisory limitation.,True,False,False,False
mobile/package-lock.json,3809,https://registry.npmjs.org/detect-node-es/-/detect-node-es-1.1.0.tgz,SAFE CONFIGURATION,Reviewed registry/deployment/dependency metadata or documentation. Dependency entries are not evidence of live-provider certification; see mobile advisory limitation.,True,False,False,False
mobile/package-lock.json,3815,https://registry.npmjs.org/dnssd-advertise/-/dnssd-advertise-1.1.6.tgz,SAFE CONFIGURATION,Reviewed registry/deployment/dependency metadata or documentation. Dependency entries are not evidence of live-provider certification; see mobile advisory limitation.,True,False,False,False
mobile/package-lock.json,3821,https://registry.npmjs.org/ee-first/-/ee-first-1.1.1.tgz,SAFE CONFIGURATION,Reviewed registry/deployment/dependency metadata or documentation. Dependency entries are not evidence of live-provider certification; see mobile advisory limitation.,True,False,False,False
mobile/package-lock.json,3827,https://registry.npmjs.org/electron-to-chromium/-/electron-to-chromium-1.5.439.tgz,SAFE CONFIGURATION,Reviewed registry/deployment/dependency metadata or documentation. Dependency entries are not evidence of live-provider certification; see mobile advisory limitation.,True,False,False,False
mobile/package-lock.json,3833,https://registry.npmjs.org/emoji-regex/-/emoji-regex-8.0.0.tgz,SAFE CONFIGURATION,Reviewed registry/deployment/dependency metadata or documentation. Dependency entries are not evidence of live-provider certification; see mobile advisory limitation.,True,False,False,False
mobile/package-lock.json,3839,https://registry.npmjs.org/encodeurl/-/encodeurl-1.0.2.tgz,SAFE CONFIGURATION,Reviewed registry/deployment/dependency metadata or documentation. Dependency entries are not evidence of live-provider certification; see mobile advisory limitation.,True,False,False,False
mobile/package-lock.json,3848,https://registry.npmjs.org/error-stack-parser/-/error-stack-parser-2.1.4.tgz,SAFE CONFIGURATION,Reviewed registry/deployment/dependency metadata or documentation. Dependency entries are not evidence of live-provider certification; see mobile advisory limitation.,True,False,False,False
mobile/package-lock.json,3857,https://registry.npmjs.org/es-errors/-/es-errors-1.3.0.tgz,SAFE CONFIGURATION,Reviewed registry/deployment/dependency metadata or documentation. Dependency entries are not evidence of live-provider certification; see mobile advisory limitation.,True,False,False,False
mobile/package-lock.json,3866,https://registry.npmjs.org/escalade/-/escalade-3.2.0.tgz,SAFE CONFIGURATION,Reviewed registry/deployment/dependency metadata or documentation. Dependency entries are not evidence of live-provider certification; see mobile advisory limitation.,True,False,False,False
mobile/package-lock.json,3875,https://registry.npmjs.org/escape-html/-/escape-html-1.0.3.tgz,SAFE CONFIGURATION,Reviewed registry/deployment/dependency metadata or documentation. Dependency entries are not evidence of live-provider certification; see mobile advisory limitation.,True,False,False,False
mobile/package-lock.json,3881,https://registry.npmjs.org/escape-string-regexp/-/escape-string-regexp-4.0.0.tgz,SAFE CONFIGURATION,Reviewed registry/deployment/dependency metadata or documentation. Dependency entries are not evidence of live-provider certification; see mobile advisory limitation.,True,False,False,False
mobile/package-lock.json,3888,https://github.com/sponsors/sindresorhus,SAFE CONFIGURATION,Reviewed registry/deployment/dependency metadata or documentation. Dependency entries are not evidence of live-provider certification; see mobile advisory limitation.,True,False,False,False
mobile/package-lock.json,3893,https://registry.npmjs.org/esprima/-/esprima-4.0.1.tgz,SAFE CONFIGURATION,Reviewed registry/deployment/dependency metadata or documentation. Dependency entries are not evidence of live-provider certification; see mobile advisory limitation.,True,False,False,False
mobile/package-lock.json,3906,https://registry.npmjs.org/etag/-/etag-1.8.1.tgz,SAFE CONFIGURATION,Reviewed registry/deployment/dependency metadata or documentation. Dependency entries are not evidence of live-provider certification; see mobile advisory limitation.,True,False,False,False
mobile/package-lock.json,3915,https://registry.npmjs.org/event-target-shim/-/event-target-shim-5.0.1.tgz,SAFE CONFIGURATION,Reviewed registry/deployment/dependency metadata or documentation. Dependency entries are not evidence of live-provider certification; see mobile advisory limitation.,True,False,False,False
mobile/package-lock.json,3922,expo,SAFE CONFIGURATION,Reviewed registry/deployment/dependency metadata or documentation. Dependency entries are not evidence of live-provider certification; see mobile advisory limitation.,True,False,False,False
mobile/package-lock.json,3924,https://registry.npmjs.org/expo/-/expo-55.0.31.tgz,SAFE CONFIGURATION,Reviewed registry/deployment/dependency metadata or documentation. Dependency entries are not evidence of live-provider certification; see mobile advisory limitation.,True,False,False,False
mobile/package-lock.json,3929,expo,SAFE CONFIGURATION,Reviewed registry/deployment/dependency metadata or documentation. Dependency entries are not evidence of live-provider certification; see mobile advisory limitation.,True,False,False,False
mobile/package-lock.json,3930,expo,SAFE CONFIGURATION,Reviewed registry/deployment/dependency metadata or documentation. Dependency entries are not evidence of live-provider certification; see mobile advisory limitation.,True,False,False,False
mobile/package-lock.json,3931,expo,SAFE CONFIGURATION,Reviewed registry/deployment/dependency metadata or documentation. Dependency entries are not evidence of live-provider certification; see mobile advisory limitation.,True,False,False,False
mobile/package-lock.json,3932,expo,SAFE CONFIGURATION,Reviewed registry/deployment/dependency metadata or documentation. Dependency entries are not evidence of live-provider certification; see mobile advisory limitation.,True,False,False,False
mobile/package-lock.json,3933,expo,SAFE CONFIGURATION,Reviewed registry/deployment/dependency metadata or documentation. Dependency entries are not evidence of live-provider certification; see mobile advisory limitation.,True,False,False,False
mobile/package-lock.json,3934,expo,SAFE CONFIGURATION,Reviewed registry/deployment/dependency metadata or documentation. Dependency entries are not evidence of live-provider certification; see mobile advisory limitation.,True,False,False,False
mobile/package-lock.json,3935,expo,SAFE CONFIGURATION,Reviewed registry/deployment/dependency metadata or documentation. Dependency entries are not evidence of live-provider certification; see mobile advisory limitation.,True,False,False,False
mobile/package-lock.json,3936,expo,SAFE CONFIGURATION,Reviewed registry/deployment/dependency metadata or documentation. Dependency entries are not evidence of live-provider certification; see mobile advisory limitation.,True,False,False,False
mobile/package-lock.json,3937,expo,SAFE CONFIGURATION,Reviewed registry/deployment/dependency metadata or documentation. Dependency entries are not evidence of live-provider certification; see mobile advisory limitation.,True,False,False,False
mobile/package-lock.json,3938,expo,SAFE CONFIGURATION,Reviewed registry/deployment/dependency metadata or documentation. Dependency entries are not evidence of live-provider certification; see mobile advisory limitation.,True,False,False,False
mobile/package-lock.json,3940,expo,SAFE CONFIGURATION,Reviewed registry/deployment/dependency metadata or documentation. Dependency entries are not evidence of live-provider certification; see mobile advisory limitation.,True,False,False,False
mobile/package-lock.json,3941,expo,SAFE CONFIGURATION,Reviewed registry/deployment/dependency metadata or documentation. Dependency entries are not evidence of live-provider certification; see mobile advisory limitation.,True,False,False,False
mobile/package-lock.json,3942,expo,SAFE CONFIGURATION,Reviewed registry/deployment/dependency metadata or documentation. Dependency entries are not evidence of live-provider certification; see mobile advisory limitation.,True,False,False,False
mobile/package-lock.json,3943,expo,SAFE CONFIGURATION,Reviewed registry/deployment/dependency metadata or documentation. Dependency entries are not evidence of live-provider certification; see mobile advisory limitation.,True,False,False,False
mobile/package-lock.json,3944,expo,SAFE CONFIGURATION,Reviewed registry/deployment/dependency metadata or documentation. Dependency entries are not evidence of live-provider certification; see mobile advisory limitation.,True,False,False,False
mobile/package-lock.json,3945,expo,SAFE CONFIGURATION,Reviewed registry/deployment/dependency metadata or documentation. Dependency entries are not evidence of live-provider certification; see mobile advisory limitation.,True,False,False,False
mobile/package-lock.json,3946,expo,SAFE CONFIGURATION,Reviewed registry/deployment/dependency metadata or documentation. Dependency entries are not evidence of live-provider certification; see mobile advisory limitation.,True,False,False,False
mobile/package-lock.json,3947,expo,SAFE CONFIGURATION,Reviewed registry/deployment/dependency metadata or documentation. Dependency entries are not evidence of live-provider certification; see mobile advisory limitation.,True,False,False,False
mobile/package-lock.json,3953,expo,SAFE CONFIGURATION,Reviewed registry/deployment/dependency metadata or documentation. Dependency entries are not evidence of live-provider certification; see mobile advisory limitation.,True,False,False,False
mobile/package-lock.json,3954,expo,SAFE CONFIGURATION,Reviewed registry/deployment/dependency metadata or documentation. Dependency entries are not evidence of live-provider certification; see mobile advisory limitation.,True,False,False,False
mobile/package-lock.json,3958,expo,SAFE CONFIGURATION,Reviewed registry/deployment/dependency metadata or documentation. Dependency entries are not evidence of live-provider certification; see mobile advisory limitation.,True,False,False,False
mobile/package-lock.json,3959,expo,SAFE CONFIGURATION,Reviewed registry/deployment/dependency metadata or documentation. Dependency entries are not evidence of live-provider certification; see mobile advisory limitation.,True,False,False,False
mobile/package-lock.json,3965,expo,SAFE CONFIGURATION,Reviewed registry/deployment/dependency metadata or documentation. Dependency entries are not evidence of live-provider certification; see mobile advisory limitation.,True,False,False,False
mobile/package-lock.json,3968,expo,SAFE CONFIGURATION,Reviewed registry/deployment/dependency metadata or documentation. Dependency entries are not evidence of live-provider certification; see mobile advisory limitation.,True,False,False,False
mobile/package-lock.json,3976,expo,SAFE CONFIGURATION,Reviewed registry/deployment/dependency metadata or documentation. Dependency entries are not evidence of live-provider certification; see mobile advisory limitation.,True,False,False,False
mobile/package-lock.json,3978,https://registry.npmjs.org/expo-constants/-/expo-constants-55.0.17.tgz,SAFE CONFIGURATION,Reviewed registry/deployment/dependency metadata or documentation. Dependency entries are not evidence of live-provider certification; see mobile advisory limitation.,True,False,False,False
mobile/package-lock.json,3982,expo,SAFE CONFIGURATION,Reviewed registry/deployment/dependency metadata or documentation. Dependency entries are not evidence of live-provider certification; see mobile advisory limitation.,True,False,False,False
mobile/package-lock.json,3985,expo,SAFE CONFIGURATION,Reviewed registry/deployment/dependency metadata or documentation. Dependency entries are not evidence of live-provider certification; see mobile advisory limitation.,True,False,False,False
mobile/package-lock.json,3989,expo,SAFE CONFIGURATION,Reviewed registry/deployment/dependency metadata or documentation. Dependency entries are not evidence of live-provider certification; see mobile advisory limitation.,True,False,False,False
mobile/package-lock.json,3991,https://registry.npmjs.org/@expo/env/-/env-2.1.3.tgz,SAFE CONFIGURATION,Reviewed registry/deployment/dependency metadata or documentation. Dependency entries are not evidence of live-provider certification; see mobile advisory limitation.,True,False,False,False
mobile/package-lock.json,4003,expo,SAFE CONFIGURATION,Reviewed registry/deployment/dependency metadata or documentation. Dependency entries are not evidence of live-provider certification; see mobile advisory limitation.,True,False,False,False
mobile/package-lock.json,4005,https://registry.npmjs.org/expo-crypto/-/expo-crypto-55.0.19.tgz,SAFE CONFIGURATION,Reviewed registry/deployment/dependency metadata or documentation. Dependency entries are not evidence of live-provider certification; see mobile advisory limitation.,True,False,False,False
mobile/package-lock.json,4009,expo,SAFE CONFIGURATION,Reviewed registry/deployment/dependency metadata or documentation. Dependency entries are not evidence of live-provider certification; see mobile advisory limitation.,True,False,False,False
mobile/package-lock.json,4012,expo,SAFE CONFIGURATION,Reviewed registry/deployment/dependency metadata or documentation. Dependency entries are not evidence of live-provider certification; see mobile advisory limitation.,True,False,False,False
mobile/package-lock.json,4014,https://registry.npmjs.org/expo-font/-/expo-font-57.0.4.tgz,SAFE CONFIGURATION,Reviewed registry/deployment/dependency metadata or documentation. Dependency entries are not evidence of live-provider certification; see mobile advisory limitation.,True,False,False,False
mobile/package-lock.json,4022,expo,SAFE CONFIGURATION,Reviewed registry/deployment/dependency metadata or documentation. Dependency entries are not evidence of live-provider certification; see mobile advisory limitation.,True,False,False,False
mobile/package-lock.json,4027,expo,SAFE CONFIGURATION,Reviewed registry/deployment/dependency metadata or documentation. Dependency entries are not evidence of live-provider certification; see mobile advisory limitation.,True,False,False,False
mobile/package-lock.json,4029,https://registry.npmjs.org/expo-glass-effect/-/expo-glass-effect-55.0.11.tgz,SAFE CONFIGURATION,Reviewed registry/deployment/dependency metadata or documentation. Dependency entries are not evidence of live-provider certification; see mobile advisory limitation.,True,False,False,False
mobile/package-lock.json,4033,expo,SAFE CONFIGURATION,Reviewed registry/deployment/dependency metadata or documentation. Dependency entries are not evidence of live-provider certification; see mobile advisory limitation.,True,False,False,False
mobile/package-lock.json,4038,expo,SAFE CONFIGURATION,Reviewed registry/deployment/dependency metadata or documentation. Dependency entries are not evidence of live-provider certification; see mobile advisory limitation.,True,False,False,False
mobile/package-lock.json,4040,https://registry.npmjs.org/expo-image/-/expo-image-55.0.11.tgz,SAFE CONFIGURATION,Reviewed registry/deployment/dependency metadata or documentation. Dependency entries are not evidence of live-provider certification; see mobile advisory limitation.,True,False,False,False
mobile/package-lock.json,4047,expo,SAFE CONFIGURATION,Reviewed registry/deployment/dependency metadata or documentation. Dependency entries are not evidence of live-provider certification; see mobile advisory limitation.,True,False,False,False
mobile/package-lock.json,4058,expo,SAFE CONFIGURATION,Reviewed registry/deployment/dependency metadata or documentation. Dependency entries are not evidence of live-provider certification; see mobile advisory limitation.,True,False,False,False
mobile/package-lock.json,4060,https://registry.npmjs.org/expo-linking/-/expo-linking-55.0.17.tgz,SAFE CONFIGURATION,Reviewed registry/deployment/dependency metadata or documentation. Dependency entries are not evidence of live-provider certification; see mobile advisory limitation.,True,False,False,False
mobile/package-lock.json,4065,expo,SAFE CONFIGURATION,Reviewed registry/deployment/dependency metadata or documentation. Dependency entries are not evidence of live-provider certification; see mobile advisory limitation.,True,False,False,False
mobile/package-lock.json,4073,expo,SAFE CONFIGURATION,Reviewed registry/deployment/dependency metadata or documentation. Dependency entries are not evidence of live-provider certification; see mobile advisory limitation.,True,False,False,False
mobile/package-lock.json,4075,https://registry.npmjs.org/expo-modules-autolinking/-/expo-modules-autolinking-55.0.27.tgz,SAFE CONFIGURATION,Reviewed registry/deployment/dependency metadata or documentation. Dependency entries are not evidence of live-provider certification; see mobile advisory limitation.,True,False,False,False
mobile/package-lock.json,4079,expo,SAFE CONFIGURATION,Reviewed registry/deployment/dependency metadata or documentation. Dependency entries are not evidence of live-provider certification; see mobile advisory limitation.,True,False,False,False
mobile/package-lock.json,4080,expo,SAFE CONFIGURATION,Reviewed registry/deployment/dependency metadata or documentation. Dependency entries are not evidence of live-provider certification; see mobile advisory limitation.,True,False,False,False
mobile/package-lock.json,4085,expo,SAFE CONFIGURATION,Reviewed registry/deployment/dependency metadata or documentation. Dependency entries are not evidence of live-provider certification; see mobile advisory limitation.,True,False,False,False
mobile/package-lock.json,4088,expo,SAFE CONFIGURATION,Reviewed registry/deployment/dependency metadata or documentation. Dependency entries are not evidence of live-provider certification; see mobile advisory limitation.,True,False,False,False
mobile/package-lock.json,4090,https://registry.npmjs.org/expo-modules-core/-/expo-modules-core-55.0.26.tgz,SAFE CONFIGURATION,Reviewed registry/deployment/dependency metadata or documentation. Dependency entries are not evidence of live-provider certification; see mobile advisory limitation.,True,False,False,False
mobile/package-lock.json,4107,expo,SAFE CONFIGURATION,Reviewed registry/deployment/dependency metadata or documentation. Dependency entries are not evidence of live-provider certification; see mobile advisory limitation.,True,False,False,False
mobile/package-lock.json,4109,https://registry.npmjs.org/expo-router/-/expo-router-55.0.18.tgz,SAFE CONFIGURATION,Reviewed registry/deployment/dependency metadata or documentation. Dependency entries are not evidence of live-provider certification; see mobile advisory limitation.,True,False,False,False
mobile/package-lock.json,4113,expo,SAFE CONFIGURATION,Reviewed registry/deployment/dependency metadata or documentation. Dependency entries are not evidence of live-provider certification; see mobile advisory limitation.,True,False,False,False
mobile/package-lock.json,4114,expo,SAFE CONFIGURATION,Reviewed registry/deployment/dependency metadata or documentation. Dependency entries are not evidence of live-provider certification; see mobile advisory limitation.,True,False,False,False
mobile/package-lock.json,4123,expo,SAFE CONFIGURATION,Reviewed registry/deployment/dependency metadata or documentation. Dependency entries are not evidence of live-provider certification; see mobile advisory limitation.,True,False,False,False
mobile/package-lock.json,4124,expo,SAFE CONFIGURATION,Reviewed registry/deployment/dependency metadata or documentation. Dependency entries are not evidence of live-provider certification; see mobile advisory limitation.,True,False,False,False
mobile/package-lock.json,4125,expo,SAFE CONFIGURATION,Reviewed registry/deployment/dependency metadata or documentation. Dependency entries are not evidence of live-provider certification; see mobile advisory limitation.,True,False,False,False
mobile/package-lock.json,4126,expo,SAFE CONFIGURATION,Reviewed registry/deployment/dependency metadata or documentation. Dependency entries are not evidence of live-provider certification; see mobile advisory limitation.,True,False,False,False
mobile/package-lock.json,4141,expo,SAFE CONFIGURATION,Reviewed registry/deployment/dependency metadata or documentation. Dependency entries are not evidence of live-provider certification; see mobile advisory limitation.,True,False,False,False
mobile/package-lock.json,4142,expo,SAFE CONFIGURATION,Reviewed registry/deployment/dependency metadata or documentation. Dependency entries are not evidence of live-provider certification; see mobile advisory limitation.,True,False,False,False
mobile/package-lock.json,4145,expo,SAFE CONFIGURATION,Reviewed registry/deployment/dependency metadata or documentation. Dependency entries are not evidence of live-provider certification; see mobile advisory limitation.,True,False,False,False
mobile/package-lock.json,4146,expo,SAFE CONFIGURATION,Reviewed registry/deployment/dependency metadata or documentation. Dependency entries are not evidence of live-provider certification; see mobile advisory limitation.,True,False,False,False
mobile/package-lock.json,4147,expo,SAFE CONFIGURATION,Reviewed registry/deployment/dependency metadata or documentation. Dependency entries are not evidence of live-provider certification; see mobile advisory limitation.,True,False,False,False
mobile/package-lock.json,4182,expo,SAFE CONFIGURATION,Reviewed registry/deployment/dependency metadata or documentation. Dependency entries are not evidence of live-provider certification; see mobile advisory limitation.,True,False,False,False
mobile/package-lock.json,4184,https://registry.npmjs.org/@radix-ui/react-collection/-/react-collection-1.1.15.tgz,SAFE CONFIGURATION,Reviewed registry/deployment/dependency metadata or documentation. Dependency entries are not evidence of live-provider certification; see mobile advisory limitation.,True,False,False,False
mobile/package-lock.json,4208,expo,SAFE CONFIGURATION,Reviewed registry/deployment/dependency metadata or documentation. Dependency entries are not evidence of live-provider certification; see mobile advisory limitation.,True,False,False,False
mobile/package-lock.json,4210,https://registry.npmjs.org/@radix-ui/react-presence/-/react-presence-1.1.10.tgz,SAFE CONFIGURATION,Reviewed registry/deployment/dependency metadata or documentation. Dependency entries are not evidence of live-provider certification; see mobile advisory limitation.,True,False,False,False
mobile/package-lock.json,4231,expo,SAFE CONFIGURATION,Reviewed registry/deployment/dependency metadata or documentation. Dependency entries are not evidence of live-provider certification; see mobile advisory limitation.,True,False,False,False
mobile/package-lock.json,4233,https://registry.npmjs.org/@radix-ui/react-primitive/-/react-primitive-2.1.10.tgz,SAFE CONFIGURATION,Reviewed registry/deployment/dependency metadata or documentation. Dependency entries are not evidence of live-provider certification; see mobile advisory limitation.,True,False,False,False
mobile/package-lock.json,4254,expo,SAFE CONFIGURATION,Reviewed registry/deployment/dependency metadata or documentation. Dependency entries are not evidence of live-provider certification; see mobile advisory limitation.,True,False,False,False
mobile/package-lock.json,4256,https://registry.npmjs.org/@radix-ui/react-roving-focus/-/react-roving-focus-1.1.19.tgz,SAFE CONFIGURATION,Reviewed registry/deployment/dependency metadata or documentation. Dependency entries are not evidence of live-provider certification; see mobile advisory limitation.,True,False,False,False
mobile/package-lock.json,4287,expo,SAFE CONFIGURATION,Reviewed registry/deployment/dependency metadata or documentation. Dependency entries are not evidence of live-provider certification; see mobile advisory limitation.,True,False,False,False
mobile/package-lock.json,4289,https://registry.npmjs.org/@radix-ui/react-tabs/-/react-tabs-1.1.21.tgz,SAFE CONFIGURATION,Reviewed registry/deployment/dependency metadata or documentation. Dependency entries are not evidence of live-provider certification; see mobile advisory limitation.,True,False,False,False
mobile/package-lock.json,4317,expo,SAFE CONFIGURATION,Reviewed registry/deployment/dependency metadata or documentation. Dependency entries are not evidence of live-provider certification; see mobile advisory limitation.,True,False,False,False
mobile/package-lock.json,4319,https://registry.npmjs.org/semver/-/semver-7.6.3.tgz,SAFE CONFIGURATION,Reviewed registry/deployment/dependency metadata or documentation. Dependency entries are not evidence of live-provider certification; see mobile advisory limitation.,True,False,False,False
mobile/package-lock.json,4329,expo,SAFE CONFIGURATION,Reviewed registry/deployment/dependency metadata or documentation. Dependency entries are not evidence of live-provider certification; see mobile advisory limitation.,True,False,False,False
mobile/package-lock.json,4331,https://registry.npmjs.org/expo-secure-store/-/expo-secure-store-55.0.18.tgz,SAFE CONFIGURATION,Reviewed registry/deployment/dependency metadata or documentation. Dependency entries are not evidence of live-provider certification; see mobile advisory limitation.,True,False,False,False
mobile/package-lock.json,4335,expo,SAFE CONFIGURATION,Reviewed registry/deployment/dependency metadata or documentation. Dependency entries are not evidence of live-provider certification; see mobile advisory limitation.,True,False,False,False
mobile/package-lock.json,4338,expo,SAFE CONFIGURATION,Reviewed registry/deployment/dependency metadata or documentation. Dependency entries are not evidence of live-provider certification; see mobile advisory limitation.,True,False,False,False
mobile/package-lock.json,4340,https://registry.npmjs.org/expo-server/-/expo-server-55.0.12.tgz,SAFE CONFIGURATION,Reviewed registry/deployment/dependency metadata or documentation. Dependency entries are not evidence of live-provider certification; see mobile advisory limitation.,True,False,False,False
mobile/package-lock.json,4347,expo,SAFE CONFIGURATION,Reviewed registry/deployment/dependency metadata or documentation. Dependency entries are not evidence of live-provider certification; see mobile advisory limitation.,True,False,False,False
mobile/package-lock.json,4349,https://registry.npmjs.org/expo-status-bar/-/expo-status-bar-55.0.6.tgz,SAFE CONFIGURATION,Reviewed registry/deployment/dependency metadata or documentation. Dependency entries are not evidence of live-provider certification; see mobile advisory limitation.,True,False,False,False
mobile/package-lock.json,4360,expo,SAFE CONFIGURATION,Reviewed registry/deployment/dependency metadata or documentation. Dependency entries are not evidence of live-provider certification; see mobile advisory limitation.,True,False,False,False
mobile/package-lock.json,4362,https://registry.npmjs.org/expo-symbols/-/expo-symbols-55.0.9.tgz,SAFE CONFIGURATION,Reviewed registry/deployment/dependency metadata or documentation. Dependency entries are not evidence of live-provider certification; see mobile advisory limitation.,True,False,False,False
mobile/package-lock.json,4366,expo,SAFE CONFIGURATION,Reviewed registry/deployment/dependency metadata or documentation. Dependency entries are not evidence of live-provider certification; see mobile advisory limitation.,True,False,False,False
mobile/package-lock.json,4366,google,SAFE CONFIGURATION,Reviewed registry/deployment/dependency metadata or documentation. Dependency entries are not evidence of live-provider certification; see mobile advisory limitation.,True,False,False,False
mobile/package-lock.json,4370,expo,SAFE CONFIGURATION,Reviewed registry/deployment/dependency metadata or documentation. Dependency entries are not evidence of live-provider certification; see mobile advisory limitation.,True,False,False,False
mobile/package-lock.json,4371,expo,SAFE CONFIGURATION,Reviewed registry/deployment/dependency metadata or documentation. Dependency entries are not evidence of live-provider certification; see mobile advisory limitation.,True,False,False,False
mobile/package-lock.json,4376,expo,SAFE CONFIGURATION,Reviewed registry/deployment/dependency metadata or documentation. Dependency entries are not evidence of live-provider certification; see mobile advisory limitation.,True,False,False,False
mobile/package-lock.json,4378,https://registry.npmjs.org/@expo/cli/-/cli-55.0.36.tgz,SAFE CONFIGURATION,Reviewed registry/deployment/dependency metadata or documentation. Dependency entries are not evidence of live-provider certification; see mobile advisory limitation.,True,False,False,False
mobile/package-lock.json,4382,expo,SAFE CONFIGURATION,Reviewed registry/deployment/dependency metadata or documentation. Dependency entries are not evidence of live-provider certification; see mobile advisory limitation.,True,False,False,False
mobile/package-lock.json,4383,expo,SAFE CONFIGURATION,Reviewed registry/deployment/dependency metadata or documentation. Dependency entries are not evidence of live-provider certification; see mobile advisory limitation.,True,False,False,False
mobile/package-lock.json,4384,expo,SAFE CONFIGURATION,Reviewed registry/deployment/dependency metadata or documentation. Dependency entries are not evidence of live-provider certification; see mobile advisory limitation.,True,False,False,False
mobile/package-lock.json,4385,expo,SAFE CONFIGURATION,Reviewed registry/deployment/dependency metadata or documentation. Dependency entries are not evidence of live-provider certification; see mobile advisory limitation.,True,False,False,False
mobile/package-lock.json,4386,expo,SAFE CONFIGURATION,Reviewed registry/deployment/dependency metadata or documentation. Dependency entries are not evidence of live-provider certification; see mobile advisory limitation.,True,False,False,False
mobile/package-lock.json,4387,expo,SAFE CONFIGURATION,Reviewed registry/deployment/dependency metadata or documentation. Dependency entries are not evidence of live-provider certification; see mobile advisory limitation.,True,False,False,False
mobile/package-lock.json,4388,expo,SAFE CONFIGURATION,Reviewed registry/deployment/dependency metadata or documentation. Dependency entries are not evidence of live-provider certification; see mobile advisory limitation.,True,False,False,False
mobile/package-lock.json,4389,expo,SAFE CONFIGURATION,Reviewed registry/deployment/dependency metadata or documentation. Dependency entries are not evidence of live-provider certification; see mobile advisory limitation.,True,False,False,False
mobile/package-lock.json,4390,expo,SAFE CONFIGURATION,Reviewed registry/deployment/dependency metadata or documentation. Dependency entries are not evidence of live-provider certification; see mobile advisory limitation.,True,False,False,False
mobile/package-lock.json,4391,expo,SAFE CONFIGURATION,Reviewed registry/deployment/dependency metadata or documentation. Dependency entries are not evidence of live-provider certification; see mobile advisory limitation.,True,False,False,False
mobile/package-lock.json,4392,expo,SAFE CONFIGURATION,Reviewed registry/deployment/dependency metadata or documentation. Dependency entries are not evidence of live-provider certification; see mobile advisory limitation.,True,False,False,False
mobile/package-lock.json,4393,expo,SAFE CONFIGURATION,Reviewed registry/deployment/dependency metadata or documentation. Dependency entries are not evidence of live-provider certification; see mobile advisory limitation.,True,False,False,False
mobile/package-lock.json,4394,expo,SAFE CONFIGURATION,Reviewed registry/deployment/dependency metadata or documentation. Dependency entries are not evidence of live-provider certification; see mobile advisory limitation.,True,False,False,False
mobile/package-lock.json,4395,expo,SAFE CONFIGURATION,Reviewed registry/deployment/dependency metadata or documentation. Dependency entries are not evidence of live-provider certification; see mobile advisory limitation.,True,False,False,False
mobile/package-lock.json,4396,expo,SAFE CONFIGURATION,Reviewed registry/deployment/dependency metadata or documentation. Dependency entries are not evidence of live-provider certification; see mobile advisory limitation.,True,False,False,False
mobile/package-lock.json,4397,expo,SAFE CONFIGURATION,Reviewed registry/deployment/dependency metadata or documentation. Dependency entries are not evidence of live-provider certification; see mobile advisory limitation.,True,False,False,False
mobile/package-lock.json,4398,expo,SAFE CONFIGURATION,Reviewed registry/deployment/dependency metadata or documentation. Dependency entries are not evidence of live-provider certification; see mobile advisory limitation.,True,False,False,False
mobile/package-lock.json,4399,expo,SAFE CONFIGURATION,Reviewed registry/deployment/dependency metadata or documentation. Dependency entries are not evidence of live-provider certification; see mobile advisory limitation.,True,False,False,False
mobile/package-lock.json,4400,expo,SAFE CONFIGURATION,Reviewed registry/deployment/dependency metadata or documentation. Dependency entries are not evidence of live-provider certification; see mobile advisory limitation.,True,False,False,False
mobile/package-lock.json,4401,expo,SAFE CONFIGURATION,Reviewed registry/deployment/dependency metadata or documentation. Dependency entries are not evidence of live-provider certification; see mobile advisory limitation.,True,False,False,False
mobile/package-lock.json,4415,expo,SAFE CONFIGURATION,Reviewed registry/deployment/dependency metadata or documentation. Dependency entries are not evidence of live-provider certification; see mobile advisory limitation.,True,False,False,False
mobile/package-lock.json,4442,expo,SAFE CONFIGURATION,Reviewed registry/deployment/dependency metadata or documentation. Dependency entries are not evidence of live-provider certification; see mobile advisory limitation.,True,False,False,False
mobile/package-lock.json,4445,expo,SAFE CONFIGURATION,Reviewed registry/deployment/dependency metadata or documentation. Dependency entries are not evidence of live-provider certification; see mobile advisory limitation.,True,False,False,False
mobile/package-lock.json,4446,expo,SAFE CONFIGURATION,Reviewed registry/deployment/dependency metadata or documentation. Dependency entries are not evidence of live-provider certification; see mobile advisory limitation.,True,False,False,False
mobile/package-lock.json,4450,expo,SAFE CONFIGURATION,Reviewed registry/deployment/dependency metadata or documentation. Dependency entries are not evidence of live-provider certification; see mobile advisory limitation.,True,False,False,False
mobile/package-lock.json,4458,expo,SAFE CONFIGURATION,Reviewed registry/deployment/dependency metadata or documentation. Dependency entries are not evidence of live-provider certification; see mobile advisory limitation.,True,False,False,False
mobile/package-lock.json,4460,https://registry.npmjs.org/@expo/prebuild-config/-/prebuild-config-55.0.22.tgz,SAFE CONFIGURATION,Reviewed registry/deployment/dependency metadata or documentation. Dependency entries are not evidence of live-provider certification; see mobile advisory limitation.,True,False,False,False
mobile/package-lock.json,4464,expo,SAFE CONFIGURATION,Reviewed registry/deployment/dependency metadata or documentation. Dependency entries are not evidence of live-provider certification; see mobile advisory limitation.,True,False,False,False
mobile/package-lock.json,4465,expo,SAFE CONFIGURATION,Reviewed registry/deployment/dependency metadata or documentation. Dependency entries are not evidence of live-provider certification; see mobile advisory limitation.,True,False,False,False
mobile/package-lock.json,4466,expo,SAFE CONFIGURATION,Reviewed registry/deployment/dependency metadata or documentation. Dependency entries are not evidence of live-provider certification; see mobile advisory limitation.,True,False,False,False
mobile/package-lock.json,4467,expo,SAFE CONFIGURATION,Reviewed registry/deployment/dependency metadata or documentation. Dependency entries are not evidence of live-provider certification; see mobile advisory limitation.,True,False,False,False
mobile/package-lock.json,4468,expo,SAFE CONFIGURATION,Reviewed registry/deployment/dependency metadata or documentation. Dependency entries are not evidence of live-provider certification; see mobile advisory limitation.,True,False,False,False
mobile/package-lock.json,4476,expo,SAFE CONFIGURATION,Reviewed registry/deployment/dependency metadata or documentation. Dependency entries are not evidence of live-provider certification; see mobile advisory limitation.,True,False,False,False
mobile/package-lock.json,4479,expo,SAFE CONFIGURATION,Reviewed registry/deployment/dependency metadata or documentation. Dependency entries are not evidence of live-provider certification; see mobile advisory limitation.,True,False,False,False
mobile/package-lock.json,4481,https://registry.npmjs.org/@expo/router-server/-/router-server-55.0.19.tgz,SAFE CONFIGURATION,Reviewed registry/deployment/dependency metadata or documentation. Dependency entries are not evidence of live-provider certification; see mobile advisory limitation.,True,False,False,False
mobile/package-lock.json,4488,expo,SAFE CONFIGURATION,Reviewed registry/deployment/dependency metadata or documentation. Dependency entries are not evidence of live-provider certification; see mobile advisory limitation.,True,False,False,False
mobile/package-lock.json,4489,expo,SAFE CONFIGURATION,Reviewed registry/deployment/dependency metadata or documentation. Dependency entries are not evidence of live-provider certification; see mobile advisory limitation.,True,False,False,False
mobile/package-lock.json,4490,expo,SAFE CONFIGURATION,Reviewed registry/deployment/dependency metadata or documentation. Dependency entries are not evidence of live-provider certification; see mobile advisory limitation.,True,False,False,False
mobile/package-lock.json,4491,expo,SAFE CONFIGURATION,Reviewed registry/deployment/dependency metadata or documentation. Dependency entries are not evidence of live-provider certification; see mobile advisory limitation.,True,False,False,False
mobile/package-lock.json,4492,expo,SAFE CONFIGURATION,Reviewed registry/deployment/dependency metadata or documentation. Dependency entries are not evidence of live-provider certification; see mobile advisory limitation.,True,False,False,False
mobile/package-lock.json,4493,expo,SAFE CONFIGURATION,Reviewed registry/deployment/dependency metadata or documentation. Dependency entries are not evidence of live-provider certification; see mobile advisory limitation.,True,False,False,False
mobile/package-lock.json,4499,expo,SAFE CONFIGURATION,Reviewed registry/deployment/dependency metadata or documentation. Dependency entries are not evidence of live-provider certification; see mobile advisory limitation.,True,False,False,False
mobile/package-lock.json,4502,expo,SAFE CONFIGURATION,Reviewed registry/deployment/dependency metadata or documentation. Dependency entries are not evidence of live-provider certification; see mobile advisory limitation.,True,False,False,False
mobile/package-lock.json,4513,expo,SAFE CONFIGURATION,Reviewed registry/deployment/dependency metadata or documentation. Dependency entries are not evidence of live-provider certification; see mobile advisory limitation.,True,False,False,False
mobile/package-lock.json,4515,https://registry.npmjs.org/@expo/env/-/env-2.1.3.tgz,SAFE CONFIGURATION,Reviewed registry/deployment/dependency metadata or documentation. Dependency entries are not evidence of live-provider certification; see mobile advisory limitation.,True,False,False,False
mobile/package-lock.json,4527,expo,SAFE CONFIGURATION,Reviewed registry/deployment/dependency metadata or documentation. Dependency entries are not evidence of live-provider certification; see mobile advisory limitation.,True,False,False,False
mobile/package-lock.json,4529,https://registry.npmjs.org/@expo/json-file/-/json-file-10.0.16.tgz,SAFE CONFIGURATION,Reviewed registry/deployment/dependency metadata or documentation. Dependency entries are not evidence of live-provider certification; see mobile advisory limitation.,True,False,False,False
mobile/package-lock.json,4537,expo,SAFE CONFIGURATION,Reviewed registry/deployment/dependency metadata or documentation. Dependency entries are not evidence of live-provider certification; see mobile advisory limitation.,True,False,False,False
mobile/package-lock.json,4539,https://registry.npmjs.org/@babel/code-frame/-/code-frame-7.10.4.tgz,SAFE CONFIGURATION,Reviewed registry/deployment/dependency metadata or documentation. Dependency entries are not evidence of live-provider certification; see mobile advisory limitation.,True,False,False,False
mobile/package-lock.json,4546,expo,SAFE CONFIGURATION,Reviewed registry/deployment/dependency metadata or documentation. Dependency entries are not evidence of live-provider certification; see mobile advisory limitation.,True,False,False,False
mobile/package-lock.json,4548,https://registry.npmjs.org/@expo/metro-config/-/metro-config-55.0.27.tgz,SAFE CONFIGURATION,Reviewed registry/deployment/dependency metadata or documentation. Dependency entries are not evidence of live-provider certification; see mobile advisory limitation.,True,False,False,False
mobile/package-lock.json,4555,expo,SAFE CONFIGURATION,Reviewed registry/deployment/dependency metadata or documentation. Dependency entries are not evidence of live-provider certification; see mobile advisory limitation.,True,False,False,False
mobile/package-lock.json,4556,expo,SAFE CONFIGURATION,Reviewed registry/deployment/dependency metadata or documentation. Dependency entries are not evidence of live-provider certification; see mobile advisory limitation.,True,False,False,False
mobile/package-lock.json,4557,expo,SAFE CONFIGURATION,Reviewed registry/deployment/dependency metadata or documentation. Dependency entries are not evidence of live-provider certification; see mobile advisory limitation.,True,False,False,False
mobile/package-lock.json,4558,expo,SAFE CONFIGURATION,Reviewed registry/deployment/dependency metadata or documentation. Dependency entries are not evidence of live-provider certification; see mobile advisory limitation.,True,False,False,False
mobile/package-lock.json,4559,expo,SAFE CONFIGURATION,Reviewed registry/deployment/dependency metadata or documentation. Dependency entries are not evidence of live-provider certification; see mobile advisory limitation.,True,False,False,False
mobile/package-lock.json,4573,expo,SAFE CONFIGURATION,Reviewed registry/deployment/dependency metadata or documentation. Dependency entries are not evidence of live-provider certification; see mobile advisory limitation.,True,False,False,False
mobile/package-lock.json,4576,expo,SAFE CONFIGURATION,Reviewed registry/deployment/dependency metadata or documentation. Dependency entries are not evidence of live-provider certification; see mobile advisory limitation.,True,False,False,False
mobile/package-lock.json,4581,expo,SAFE CONFIGURATION,Reviewed registry/deployment/dependency metadata or documentation. Dependency entries are not evidence of live-provider certification; see mobile advisory limitation.,True,False,False,False
mobile/package-lock.json,4583,https://registry.npmjs.org/@expo/vector-icons/-/vector-icons-15.1.1.tgz,SAFE CONFIGURATION,Reviewed registry/deployment/dependency metadata or documentation. Dependency entries are not evidence of live-provider certification; see mobile advisory limitation.,True,False,False,False
mobile/package-lock.json,4587,expo,SAFE CONFIGURATION,Reviewed registry/deployment/dependency metadata or documentation. Dependency entries are not evidence of live-provider certification; see mobile advisory limitation.,True,False,False,False
mobile/package-lock.json,4592,expo,SAFE CONFIGURATION,Reviewed registry/deployment/dependency metadata or documentation. Dependency entries are not evidence of live-provider certification; see mobile advisory limitation.,True,False,False,False
mobile/package-lock.json,4594,https://registry.npmjs.org/accepts/-/accepts-1.3.8.tgz,SAFE CONFIGURATION,Reviewed registry/deployment/dependency metadata or documentation. Dependency entries are not evidence of live-provider certification; see mobile advisory limitation.,True,False,False,False
mobile/package-lock.json,4605,expo,SAFE CONFIGURATION,Reviewed registry/deployment/dependency metadata or documentation. Dependency entries are not evidence of live-provider certification; see mobile advisory limitation.,True,False,False,False
mobile/package-lock.json,4607,https://registry.npmjs.org/babel-preset-expo/-/babel-preset-expo-55.0.25.tgz,SAFE CONFIGURATION,Reviewed registry/deployment/dependency metadata or documentation. Dependency entries are not evidence of live-provider certification; see mobile advisory limitation.,True,False,False,False
mobile/package-lock.json,4637,expo,SAFE CONFIGURATION,Reviewed registry/deployment/dependency metadata or documentation. Dependency entries are not evidence of live-provider certification; see mobile advisory limitation.,True,False,False,False
mobile/package-lock.json,4638,expo,SAFE CONFIGURATION,Reviewed registry/deployment/dependency metadata or documentation. Dependency entries are not evidence of live-provider certification; see mobile advisory limitation.,True,False,False,False
mobile/package-lock.json,4645,expo,SAFE CONFIGURATION,Reviewed registry/deployment/dependency metadata or documentation. Dependency entries are not evidence of live-provider certification; see mobile advisory limitation.,True,False,False,False
mobile/package-lock.json,4648,expo,SAFE CONFIGURATION,Reviewed registry/deployment/dependency metadata or documentation. Dependency entries are not evidence of live-provider certification; see mobile advisory limitation.,True,False,False,False
mobile/package-lock.json,4653,expo,SAFE CONFIGURATION,Reviewed registry/deployment/dependency metadata or documentation. Dependency entries are not evidence of live-provider certification; see mobile advisory limitation.,True,False,False,False
mobile/package-lock.json,4655,https://registry.npmjs.org/ci-info/-/ci-info-3.9.0.tgz,SAFE CONFIGURATION,Reviewed registry/deployment/dependency metadata or documentation. Dependency entries are not evidence of live-provider certification; see mobile advisory limitation.,True,False,False,False
mobile/package-lock.json,4660,https://github.com/sponsors/sibiraj-s,SAFE CONFIGURATION,Reviewed registry/deployment/dependency metadata or documentation. Dependency entries are not evidence of live-provider certification; see mobile advisory limitation.,True,False,False,False
mobile/package-lock.json,4668,expo,SAFE CONFIGURATION,Reviewed registry/deployment/dependency metadata or documentation. Dependency entries are not evidence of live-provider certification; see mobile advisory limitation.,True,False,False,False
mobile/package-lock.json,4670,https://registry.npmjs.org/expo-asset/-/expo-asset-55.0.20.tgz,SAFE CONFIGURATION,Reviewed registry/deployment/dependency metadata or documentation. Dependency entries are not evidence of live-provider certification; see mobile advisory limitation.,True,False,False,False
mobile/package-lock.json,4674,expo,SAFE CONFIGURATION,Reviewed registry/deployment/dependency metadata or documentation. Dependency entries are not evidence of live-provider certification; see mobile advisory limitation.,True,False,False,False
mobile/package-lock.json,4675,expo,SAFE CONFIGURATION,Reviewed registry/deployment/dependency metadata or documentation. Dependency entries are not evidence of live-provider certification; see mobile advisory limitation.,True,False,False,False
mobile/package-lock.json,4678,expo,SAFE CONFIGURATION,Reviewed registry/deployment/dependency metadata or documentation. Dependency entries are not evidence of live-provider certification; see mobile advisory limitation.,True,False,False,False
mobile/package-lock.json,4683,expo,SAFE CONFIGURATION,Reviewed registry/deployment/dependency metadata or documentation. Dependency entries are not evidence of live-provider certification; see mobile advisory limitation.,True,False,False,False
mobile/package-lock.json,4685,https://registry.npmjs.org/expo-file-system/-/expo-file-system-55.0.26.tgz,SAFE CONFIGURATION,Reviewed registry/deployment/dependency metadata or documentation. Dependency entries are not evidence of live-provider certification; see mobile advisory limitation.,True,False,False,False
mobile/package-lock.json,4689,expo,SAFE CONFIGURATION,Reviewed registry/deployment/dependency metadata or documentation. Dependency entries are not evidence of live-provider certification; see mobile advisory limitation.,True,False,False,False
mobile/package-lock.json,4693,expo,SAFE CONFIGURATION,Reviewed registry/deployment/dependency metadata or documentation. Dependency entries are not evidence of live-provider certification; see mobile advisory limitation.,True,False,False,False
mobile/package-lock.json,4695,https://registry.npmjs.org/expo-font/-/expo-font-55.0.8.tgz,SAFE CONFIGURATION,Reviewed registry/deployment/dependency metadata or documentation. Dependency entries are not evidence of live-provider certification; see mobile advisory limitation.,True,False,False,False
mobile/package-lock.json,4702,expo,SAFE CONFIGURATION,Reviewed registry/deployment/dependency metadata or documentation. Dependency entries are not evidence of live-provider certification; see mobile advisory limitation.,True,False,False,False
mobile/package-lock.json,4707,expo,SAFE CONFIGURATION,Reviewed registry/deployment/dependency metadata or documentation. Dependency entries are not evidence of live-provider certification; see mobile advisory limitation.,True,False,False,False
mobile/package-lock.json,4709,https://registry.npmjs.org/expo-keep-awake/-/expo-keep-awake-55.0.8.tgz,SAFE CONFIGURATION,Reviewed registry/deployment/dependency metadata or documentation. Dependency entries are not evidence of live-provider certification; see mobile advisory limitation.,True,False,False,False
mobile/package-lock.json,4713,expo,SAFE CONFIGURATION,Reviewed registry/deployment/dependency metadata or documentation. Dependency entries are not evidence of live-provider certification; see mobile advisory limitation.,True,False,False,False
mobile/package-lock.json,4717,expo,SAFE CONFIGURATION,Reviewed registry/deployment/dependency metadata or documentation. Dependency entries are not evidence of live-provider certification; see mobile advisory limitation.,True,False,False,False
mobile/package-lock.json,4719,https://registry.npmjs.org/hermes-estree/-/hermes-estree-0.32.1.tgz,SAFE CONFIGURATION,Reviewed registry/deployment/dependency metadata or documentation. Dependency entries are not evidence of live-provider certification; see mobile advisory limitation.,True,False,False,False
mobile/package-lock.json,4723,expo,SAFE CONFIGURATION,Reviewed registry/deployment/dependency metadata or documentation. Dependency entries are not evidence of live-provider certification; see mobile advisory limitation.,True,False,False,False
mobile/package-lock.json,4725,https://registry.npmjs.org/hermes-parser/-/hermes-parser-0.32.1.tgz,SAFE CONFIGURATION,Reviewed registry/deployment/dependency metadata or documentation. Dependency entries are not evidence of live-provider certification; see mobile advisory limitation.,True,False,False,False
mobile/package-lock.json,4732,expo,SAFE CONFIGURATION,Reviewed registry/deployment/dependency metadata or documentation. Dependency entries are not evidence of live-provider certification; see mobile advisory limitation.,True,False,False,False
mobile/package-lock.json,4734,https://registry.npmjs.org/mime-db/-/mime-db-1.52.0.tgz,SAFE CONFIGURATION,Reviewed registry/deployment/dependency metadata or documentation. Dependency entries are not evidence of live-provider certification; see mobile advisory limitation.,True,False,False,False
mobile/package-lock.json,4741,expo,SAFE CONFIGURATION,Reviewed registry/deployment/dependency metadata or documentation. Dependency entries are not evidence of live-provider certification; see mobile advisory limitation.,True,False,False,False
mobile/package-lock.json,4743,https://registry.npmjs.org/mime-types/-/mime-types-2.1.35.tgz,SAFE CONFIGURATION,Reviewed registry/deployment/dependency metadata or documentation. Dependency entries are not evidence of live-provider certification; see mobile advisory limitation.,True,False,False,False
mobile/package-lock.json,4753,expo,SAFE CONFIGURATION,Reviewed registry/deployment/dependency metadata or documentation. Dependency entries are not evidence of live-provider certification; see mobile advisory limitation.,True,False,False,False
mobile/package-lock.json,4755,https://registry.npmjs.org/negotiator/-/negotiator-0.6.3.tgz,SAFE CONFIGURATION,Reviewed registry/deployment/dependency metadata or documentation. Dependency entries are not evidence of live-provider certification; see mobile advisory limitation.,True,False,False,False
mobile/package-lock.json,4762,expo,SAFE CONFIGURATION,Reviewed registry/deployment/dependency metadata or documentation. Dependency entries are not evidence of live-provider certification; see mobile advisory limitation.,True,False,False,False
mobile/package-lock.json,4764,https://registry.npmjs.org/picomatch/-/picomatch-4.0.7.tgz,SAFE CONFIGURATION,Reviewed registry/deployment/dependency metadata or documentation. Dependency entries are not evidence of live-provider certification; see mobile advisory limitation.,True,False,False,False
mobile/package-lock.json,4771,https://github.com/sponsors/jonschlinkert,SAFE CONFIGURATION,Reviewed registry/deployment/dependency metadata or documentation. Dependency entries are not evidence of live-provider certification; see mobile advisory limitation.,True,False,False,False
mobile/package-lock.json,4774,expo,SAFE CONFIGURATION,Reviewed registry/deployment/dependency metadata or documentation. Dependency entries are not evidence of live-provider certification; see mobile advisory limitation.,True,False,False,False
mobile/package-lock.json,4776,https://registry.npmjs.org/ws/-/ws-8.22.0.tgz,SAFE CONFIGURATION,Reviewed registry/deployment/dependency metadata or documentation. Dependency entries are not evidence of live-provider certification; see mobile advisory limitation.,True,False,False,False
mobile/package-lock.json,4797,https://registry.npmjs.org/exponential-backoff/-/exponential-backoff-3.1.3.tgz,SAFE CONFIGURATION,Reviewed registry/deployment/dependency metadata or documentation. Dependency entries are not evidence of live-provider certification; see mobile advisory limitation.,True,False,False,False
mobile/package-lock.json,4803,https://registry.npmjs.org/fast-deep-equal/-/fast-deep-equal-3.1.3.tgz,SAFE CONFIGURATION,Reviewed registry/deployment/dependency metadata or documentation. Dependency entries are not evidence of live-provider certification; see mobile advisory limitation.,True,False,False,False
mobile/package-lock.json,4809,https://registry.npmjs.org/fast-json-stable-stringify/-/fast-json-stable-stringify-2.1.0.tgz,SAFE CONFIGURATION,Reviewed registry/deployment/dependency metadata or documentation. Dependency entries are not evidence of live-provider certification; see mobile advisory limitation.,True,False,False,False
mobile/package-lock.json,4815,https://registry.npmjs.org/fb-dotslash/-/fb-dotslash-0.5.8.tgz,SAFE CONFIGURATION,Reviewed registry/deployment/dependency metadata or documentation. Dependency entries are not evidence of live-provider certification; see mobile advisory limitation.,True,False,False,False
mobile/package-lock.json,4827,https://registry.npmjs.org/fb-watchman/-/fb-watchman-2.0.2.tgz,SAFE CONFIGURATION,Reviewed registry/deployment/dependency metadata or documentation. Dependency entries are not evidence of live-provider certification; see mobile advisory limitation.,True,False,False,False
mobile/package-lock.json,4836,https://registry.npmjs.org/fbjs/-/fbjs-3.0.5.tgz,SAFE CONFIGURATION,Reviewed registry/deployment/dependency metadata or documentation. Dependency entries are not evidence of live-provider certification; see mobile advisory limitation.,True,False,False,False
mobile/package-lock.json,4851,https://registry.npmjs.org/fbjs-css-vars/-/fbjs-css-vars-1.0.2.tgz,SAFE CONFIGURATION,Reviewed registry/deployment/dependency metadata or documentation. Dependency entries are not evidence of live-provider certification; see mobile advisory limitation.,True,False,False,False
mobile/package-lock.json,4857,https://registry.npmjs.org/promise/-/promise-7.3.1.tgz,SAFE CONFIGURATION,Reviewed registry/deployment/dependency metadata or documentation. Dependency entries are not evidence of live-provider certification; see mobile advisory limitation.,True,False,False,False
mobile/package-lock.json,4866,https://registry.npmjs.org/fetch-nodeshim/-/fetch-nodeshim-0.4.10.tgz,SAFE CONFIGURATION,Reviewed registry/deployment/dependency metadata or documentation. Dependency entries are not evidence of live-provider certification; see mobile advisory limitation.,True,False,False,False
mobile/package-lock.json,4872,https://registry.npmjs.org/fill-range/-/fill-range-7.1.1.tgz,SAFE CONFIGURATION,Reviewed registry/deployment/dependency metadata or documentation. Dependency entries are not evidence of live-provider certification; see mobile advisory limitation.,True,False,False,False
mobile/package-lock.json,4884,https://registry.npmjs.org/filter-obj/-/filter-obj-1.1.0.tgz,SAFE CONFIGURATION,Reviewed registry/deployment/dependency metadata or documentation. Dependency entries are not evidence of live-provider certification; see mobile advisory limitation.,True,False,False,False
mobile/package-lock.json,4893,https://registry.npmjs.org/finalhandler/-/finalhandler-1.1.2.tgz,SAFE CONFIGURATION,Reviewed registry/deployment/dependency metadata or documentation. Dependency entries are not evidence of live-provider certification; see mobile advisory limitation.,True,False,False,False
mobile/package-lock.json,4911,https://registry.npmjs.org/debug/-/debug-2.6.9.tgz,SAFE CONFIGURATION,Reviewed registry/deployment/dependency metadata or documentation. Dependency entries are not evidence of live-provider certification; see mobile advisory limitation.,True,False,False,False
mobile/package-lock.json,4920,https://registry.npmjs.org/ms/-/ms-2.0.0.tgz,SAFE CONFIGURATION,Reviewed registry/deployment/dependency metadata or documentation. Dependency entries are not evidence of live-provider certification; see mobile advisory limitation.,True,False,False,False
mobile/package-lock.json,4926,https://registry.npmjs.org/find-up/-/find-up-4.1.0.tgz,SAFE CONFIGURATION,Reviewed registry/deployment/dependency metadata or documentation. Dependency entries are not evidence of live-provider certification; see mobile advisory limitation.,True,False,False,False
mobile/package-lock.json,4939,https://registry.npmjs.org/flow-enums-runtime/-/flow-enums-runtime-0.0.6.tgz,SAFE CONFIGURATION,Reviewed registry/deployment/dependency metadata or documentation. Dependency entries are not evidence of live-provider certification; see mobile advisory limitation.,True,False,False,False
mobile/package-lock.json,4945,https://registry.npmjs.org/fontfaceobserver/-/fontfaceobserver-2.3.0.tgz,SAFE CONFIGURATION,Reviewed registry/deployment/dependency metadata or documentation. Dependency entries are not evidence of live-provider certification; see mobile advisory limitation.,True,False,False,False
mobile/package-lock.json,4951,https://registry.npmjs.org/fresh/-/fresh-0.5.2.tgz,SAFE CONFIGURATION,Reviewed registry/deployment/dependency metadata or documentation. Dependency entries are not evidence of live-provider certification; see mobile advisory limitation.,True,False,False,False
mobile/package-lock.json,4960,https://registry.npmjs.org/fs.realpath/-/fs.realpath-1.0.0.tgz,SAFE CONFIGURATION,Reviewed registry/deployment/dependency metadata or documentation. Dependency entries are not evidence of live-provider certification; see mobile advisory limitation.,True,False,False,False
mobile/package-lock.json,4966,https://registry.npmjs.org/fsevents/-/fsevents-2.3.3.tgz,SAFE CONFIGURATION,Reviewed registry/deployment/dependency metadata or documentation. Dependency entries are not evidence of live-provider certification; see mobile advisory limitation.,True,False,False,False
mobile/package-lock.json,4980,https://registry.npmjs.org/function-bind/-/function-bind-1.1.2.tgz,SAFE CONFIGURATION,Reviewed registry/deployment/dependency metadata or documentation. Dependency entries are not evidence of live-provider certification; see mobile advisory limitation.,True,False,False,False
mobile/package-lock.json,4984,https://github.com/sponsors/ljharb,SAFE CONFIGURATION,Reviewed registry/deployment/dependency metadata or documentation. Dependency entries are not evidence of live-provider certification; see mobile advisory limitation.,True,False,False,False
mobile/package-lock.json,4989,https://registry.npmjs.org/gensync/-/gensync-1.0.0-beta.2.tgz,SAFE CONFIGURATION,Reviewed registry/deployment/dependency metadata or documentation. Dependency entries are not evidence of live-provider certification; see mobile advisory limitation.,True,False,False,False
mobile/package-lock.json,4998,https://registry.npmjs.org/get-caller-file/-/get-caller-file-2.0.5.tgz,SAFE CONFIGURATION,Reviewed registry/deployment/dependency metadata or documentation. Dependency entries are not evidence of live-provider certification; see mobile advisory limitation.,True,False,False,False
mobile/package-lock.json,5007,https://registry.npmjs.org/get-nonce/-/get-nonce-1.0.1.tgz,SAFE CONFIGURATION,Reviewed registry/deployment/dependency metadata or documentation. Dependency entries are not evidence of live-provider certification; see mobile advisory limitation.,True,False,False,False
mobile/package-lock.json,5016,https://registry.npmjs.org/get-package-type/-/get-package-type-0.1.0.tgz,SAFE CONFIGURATION,Reviewed registry/deployment/dependency metadata or documentation. Dependency entries are not evidence of live-provider certification; see mobile advisory limitation.,True,False,False,False
mobile/package-lock.json,5025,https://registry.npmjs.org/getenv/-/getenv-2.0.0.tgz,SAFE CONFIGURATION,Reviewed registry/deployment/dependency metadata or documentation. Dependency entries are not evidence of live-provider certification; see mobile advisory limitation.,True,False,False,False
mobile/package-lock.json,5034,https://registry.npmjs.org/glob/-/glob-13.0.6.tgz,SAFE CONFIGURATION,Reviewed registry/deployment/dependency metadata or documentation. Dependency entries are not evidence of live-provider certification; see mobile advisory limitation.,True,False,False,False
mobile/package-lock.json,5046,https://github.com/sponsors/isaacs,SAFE CONFIGURATION,Reviewed registry/deployment/dependency metadata or documentation. Dependency entries are not evidence of live-provider certification; see mobile advisory limitation.,True,False,False,False
mobile/package-lock.json,5051,https://registry.npmjs.org/graceful-fs/-/graceful-fs-4.2.11.tgz,SAFE CONFIGURATION,Reviewed registry/deployment/dependency metadata or documentation. Dependency entries are not evidence of live-provider certification; see mobile advisory limitation.,True,False,False,False
mobile/package-lock.json,5057,https://registry.npmjs.org/has-flag/-/has-flag-4.0.0.tgz,SAFE CONFIGURATION,Reviewed registry/deployment/dependency metadata or documentation. Dependency entries are not evidence of live-provider certification; see mobile advisory limitation.,True,False,False,False
mobile/package-lock.json,5066,https://registry.npmjs.org/hasown/-/hasown-2.0.4.tgz,SAFE CONFIGURATION,Reviewed registry/deployment/dependency metadata or documentation. Dependency entries are not evidence of live-provider certification; see mobile advisory limitation.,True,False,False,False
mobile/package-lock.json,5078,https://registry.npmjs.org/hermes-compiler/-/hermes-compiler-0.14.1.tgz,SAFE CONFIGURATION,Reviewed registry/deployment/dependency metadata or documentation. Dependency entries are not evidence of live-provider certification; see mobile advisory limitation.,True,False,False,False
mobile/package-lock.json,5084,https://registry.npmjs.org/hermes-estree/-/hermes-estree-0.35.0.tgz,SAFE CONFIGURATION,Reviewed registry/deployment/dependency metadata or documentation. Dependency entries are not evidence of live-provider certification; see mobile advisory limitation.,True,False,False,False
mobile/package-lock.json,5090,https://registry.npmjs.org/hermes-parser/-/hermes-parser-0.35.0.tgz,SAFE CONFIGURATION,Reviewed registry/deployment/dependency metadata or documentation. Dependency entries are not evidence of live-provider certification; see mobile advisory limitation.,True,False,False,False
mobile/package-lock.json,5099,https://registry.npmjs.org/hosted-git-info/-/hosted-git-info-7.0.2.tgz,SAFE CONFIGURATION,Reviewed registry/deployment/dependency metadata or documentation. Dependency entries are not evidence of live-provider certification; see mobile advisory limitation.,True,False,False,False
mobile/package-lock.json,5111,https://registry.npmjs.org/lru-cache/-/lru-cache-10.4.3.tgz,SAFE CONFIGURATION,Reviewed registry/deployment/dependency metadata or documentation. Dependency entries are not evidence of live-provider certification; see mobile advisory limitation.,True,False,False,False
mobile/package-lock.json,5117,https://registry.npmjs.org/http-errors/-/http-errors-2.0.1.tgz,SAFE CONFIGURATION,Reviewed registry/deployment/dependency metadata or documentation. Dependency entries are not evidence of live-provider certification; see mobile advisory limitation.,True,False,False,False
mobile/package-lock.json,5132,https://opencollective.com/express,SAFE CONFIGURATION,Reviewed registry/deployment/dependency metadata or documentation. Dependency entries are not evidence of live-provider certification; see mobile advisory limitation.,True,False,False,False
mobile/package-lock.json,5137,https://registry.npmjs.org/statuses/-/statuses-2.0.2.tgz,SAFE CONFIGURATION,Reviewed registry/deployment/dependency metadata or documentation. Dependency entries are not evidence of live-provider certification; see mobile advisory limitation.,True,False,False,False
mobile/package-lock.json,5146,https://registry.npmjs.org/https-proxy-agent/-/https-proxy-agent-7.0.6.tgz,SAFE CONFIGURATION,Reviewed registry/deployment/dependency metadata or documentation. Dependency entries are not evidence of live-provider certification; see mobile advisory limitation.,True,False,False,False
mobile/package-lock.json,5159,https://registry.npmjs.org/hyphenate-style-name/-/hyphenate-style-name-1.1.0.tgz,SAFE CONFIGURATION,Reviewed registry/deployment/dependency metadata or documentation. Dependency entries are not evidence of live-provider certification; see mobile advisory limitation.,True,False,False,False
mobile/package-lock.json,5165,https://registry.npmjs.org/ignore/-/ignore-5.3.2.tgz,SAFE CONFIGURATION,Reviewed registry/deployment/dependency metadata or documentation. Dependency entries are not evidence of live-provider certification; see mobile advisory limitation.,True,False,False,False
mobile/package-lock.json,5174,https://registry.npmjs.org/imurmurhash/-/imurmurhash-0.1.4.tgz,SAFE CONFIGURATION,Reviewed registry/deployment/dependency metadata or documentation. Dependency entries are not evidence of live-provider certification; see mobile advisory limitation.,True,False,False,False
mobile/package-lock.json,5183,https://registry.npmjs.org/inflight/-/inflight-1.0.6.tgz,SAFE CONFIGURATION,Reviewed registry/deployment/dependency metadata or documentation. Dependency entries are not evidence of live-provider certification; see mobile advisory limitation.,True,False,False,False
mobile/package-lock.json,5194,https://registry.npmjs.org/inherits/-/inherits-2.0.4.tgz,SAFE CONFIGURATION,Reviewed registry/deployment/dependency metadata or documentation. Dependency entries are not evidence of live-provider certification; see mobile advisory limitation.,True,False,False,False
mobile/package-lock.json,5200,https://registry.npmjs.org/inline-style-prefixer/-/inline-style-prefixer-7.0.1.tgz,SAFE CONFIGURATION,Reviewed registry/deployment/dependency metadata or documentation. Dependency entries are not evidence of live-provider certification; see mobile advisory limitation.,True,False,False,False
mobile/package-lock.json,5209,https://registry.npmjs.org/invariant/-/invariant-2.2.4.tgz,SAFE CONFIGURATION,Reviewed registry/deployment/dependency metadata or documentation. Dependency entries are not evidence of live-provider certification; see mobile advisory limitation.,True,False,False,False
mobile/package-lock.json,5218,https://registry.npmjs.org/is-arrayish/-/is-arrayish-0.3.4.tgz,SAFE CONFIGURATION,Reviewed registry/deployment/dependency metadata or documentation. Dependency entries are not evidence of live-provider certification; see mobile advisory limitation.,True,False,False,False
mobile/package-lock.json,5224,https://registry.npmjs.org/is-core-module/-/is-core-module-2.17.0.tgz,SAFE CONFIGURATION,Reviewed registry/deployment/dependency metadata or documentation. Dependency entries are not evidence of live-provider certification; see mobile advisory limitation.,True,False,False,False
mobile/package-lock.json,5234,https://github.com/sponsors/ljharb,SAFE CONFIGURATION,Reviewed registry/deployment/dependency metadata or documentation. Dependency entries are not evidence of live-provider certification; see mobile advisory limitation.,True,False,False,False
mobile/package-lock.json,5239,https://registry.npmjs.org/is-docker/-/is-docker-2.2.1.tgz,SAFE CONFIGURATION,Reviewed registry/deployment/dependency metadata or documentation. Dependency entries are not evidence of live-provider certification; see mobile advisory limitation.,True,False,False,False
mobile/package-lock.json,5249,https://github.com/sponsors/sindresorhus,SAFE CONFIGURATION,Reviewed registry/deployment/dependency metadata or documentation. Dependency entries are not evidence of live-provider certification; see mobile advisory limitation.,True,False,False,False
mobile/package-lock.json,5254,https://registry.npmjs.org/is-fullwidth-code-point/-/is-fullwidth-code-point-3.0.0.tgz,SAFE CONFIGURATION,Reviewed registry/deployment/dependency metadata or documentation. Dependency entries are not evidence of live-provider certification; see mobile advisory limitation.,True,False,False,False
mobile/package-lock.json,5263,https://registry.npmjs.org/is-number/-/is-number-7.0.0.tgz,SAFE CONFIGURATION,Reviewed registry/deployment/dependency metadata or documentation. Dependency entries are not evidence of live-provider certification; see mobile advisory limitation.,True,False,False,False
mobile/package-lock.json,5272,https://registry.npmjs.org/is-wsl/-/is-wsl-2.2.0.tgz,SAFE CONFIGURATION,Reviewed registry/deployment/dependency metadata or documentation. Dependency entries are not evidence of live-provider certification; see mobile advisory limitation.,True,False,False,False
mobile/package-lock.json,5284,https://registry.npmjs.org/isexe/-/isexe-2.0.0.tgz,SAFE CONFIGURATION,Reviewed registry/deployment/dependency metadata or documentation. Dependency entries are not evidence of live-provider certification; see mobile advisory limitation.,True,False,False,False
mobile/package-lock.json,5290,https://registry.npmjs.org/istanbul-lib-coverage/-/istanbul-lib-coverage-3.2.2.tgz,SAFE CONFIGURATION,Reviewed registry/deployment/dependency metadata or documentation. Dependency entries are not evidence of live-provider certification; see mobile advisory limitation.,True,False,False,False
mobile/package-lock.json,5299,https://registry.npmjs.org/istanbul-lib-instrument/-/istanbul-lib-instrument-5.2.1.tgz,SAFE CONFIGURATION,Reviewed registry/deployment/dependency metadata or documentation. Dependency entries are not evidence of live-provider certification; see mobile advisory limitation.,True,False,False,False
mobile/package-lock.json,5315,https://registry.npmjs.org/semver/-/semver-6.3.1.tgz,SAFE CONFIGURATION,Reviewed registry/deployment/dependency metadata or documentation. Dependency entries are not evidence of live-provider certification; see mobile advisory limitation.,True,False,False,False
mobile/package-lock.json,5324,https://registry.npmjs.org/jest-environment-node/-/jest-environment-node-29.7.0.tgz,SAFE CONFIGURATION,Reviewed registry/deployment/dependency metadata or documentation. Dependency entries are not evidence of live-provider certification; see mobile advisory limitation.,True,False,False,False
mobile/package-lock.json,5341,https://registry.npmjs.org/jest-get-type/-/jest-get-type-29.6.3.tgz,SAFE CONFIGURATION,Reviewed registry/deployment/dependency metadata or documentation. Dependency entries are not evidence of live-provider certification; see mobile advisory limitation.,True,False,False,False
mobile/package-lock.json,5350,https://registry.npmjs.org/jest-haste-map/-/jest-haste-map-29.7.0.tgz,SAFE CONFIGURATION,Reviewed registry/deployment/dependency metadata or documentation. Dependency entries are not evidence of live-provider certification; see mobile advisory limitation.,True,False,False,False
mobile/package-lock.json,5375,https://registry.npmjs.org/jest-message-util/-/jest-message-util-29.7.0.tgz,SAFE CONFIGURATION,Reviewed registry/deployment/dependency metadata or documentation. Dependency entries are not evidence of live-provider certification; see mobile advisory limitation.,True,False,False,False
mobile/package-lock.json,5395,https://registry.npmjs.org/jest-mock/-/jest-mock-29.7.0.tgz,SAFE CONFIGURATION,Reviewed registry/deployment/dependency metadata or documentation. Dependency entries are not evidence of live-provider certification; see mobile advisory limitation.,True,False,False,False
mobile/package-lock.json,5409,https://registry.npmjs.org/jest-regex-util/-/jest-regex-util-29.6.3.tgz,SAFE CONFIGURATION,Reviewed registry/deployment/dependency metadata or documentation. Dependency entries are not evidence of live-provider certification; see mobile advisory limitation.,True,False,False,False
mobile/package-lock.json,5418,https://registry.npmjs.org/jest-util/-/jest-util-29.7.0.tgz,SAFE CONFIGURATION,Reviewed registry/deployment/dependency metadata or documentation. Dependency entries are not evidence of live-provider certification; see mobile advisory limitation.,True,False,False,False
mobile/package-lock.json,5435,https://registry.npmjs.org/ci-info/-/ci-info-3.9.0.tgz,SAFE CONFIGURATION,Reviewed registry/deployment/dependency metadata or documentation. Dependency entries are not evidence of live-provider certification; see mobile advisory limitation.,True,False,False,False
mobile/package-lock.json,5440,https://github.com/sponsors/sibiraj-s,SAFE CONFIGURATION,Reviewed registry/deployment/dependency metadata or documentation. Dependency entries are not evidence of live-provider certification; see mobile advisory limitation.,True,False,False,False
mobile/package-lock.json,5450,https://registry.npmjs.org/jest-validate/-/jest-validate-29.7.0.tgz,SAFE CONFIGURATION,Reviewed registry/deployment/dependency metadata or documentation. Dependency entries are not evidence of live-provider certification; see mobile advisory limitation.,True,False,False,False
mobile/package-lock.json,5467,https://registry.npmjs.org/jest-worker/-/jest-worker-29.7.0.tgz,SAFE CONFIGURATION,Reviewed registry/deployment/dependency metadata or documentation. Dependency entries are not evidence of live-provider certification; see mobile advisory limitation.,True,False,False,False
mobile/package-lock.json,5482,https://registry.npmjs.org/supports-color/-/supports-color-8.1.1.tgz,SAFE CONFIGURATION,Reviewed registry/deployment/dependency metadata or documentation. Dependency entries are not evidence of live-provider certification; see mobile advisory limitation.,True,False,False,False
mobile/package-lock.json,5492,https://github.com/chalk/supports-color?sponsor=1,SAFE CONFIGURATION,Reviewed registry/deployment/dependency metadata or documentation. Dependency entries are not evidence of live-provider certification; see mobile advisory limitation.,True,False,False,False
mobile/package-lock.json,5497,https://registry.npmjs.org/jimp-compact/-/jimp-compact-0.16.1.tgz,SAFE CONFIGURATION,Reviewed registry/deployment/dependency metadata or documentation. Dependency entries are not evidence of live-provider certification; see mobile advisory limitation.,True,False,False,False
mobile/package-lock.json,5503,https://registry.npmjs.org/js-tokens/-/js-tokens-4.0.0.tgz,SAFE CONFIGURATION,Reviewed registry/deployment/dependency metadata or documentation. Dependency entries are not evidence of live-provider certification; see mobile advisory limitation.,True,False,False,False
mobile/package-lock.json,5509,https://registry.npmjs.org/js-yaml/-/js-yaml-3.15.2.tgz,SAFE CONFIGURATION,Reviewed registry/deployment/dependency metadata or documentation. Dependency entries are not evidence of live-provider certification; see mobile advisory limitation.,True,False,False,False
mobile/package-lock.json,5522,https://registry.npmjs.org/jsc-safe-url/-/jsc-safe-url-0.2.4.tgz,SAFE CONFIGURATION,Reviewed registry/deployment/dependency metadata or documentation. Dependency entries are not evidence of live-provider certification; see mobile advisory limitation.,True,False,False,False
mobile/package-lock.json,5528,https://registry.npmjs.org/jsesc/-/jsesc-3.1.0.tgz,SAFE CONFIGURATION,Reviewed registry/deployment/dependency metadata or documentation. Dependency entries are not evidence of live-provider certification; see mobile advisory limitation.,True,False,False,False
mobile/package-lock.json,5540,https://registry.npmjs.org/json5/-/json5-2.2.3.tgz,SAFE CONFIGURATION,Reviewed registry/deployment/dependency metadata or documentation. Dependency entries are not evidence of live-provider certification; see mobile advisory limitation.,True,False,False,False
mobile/package-lock.json,5552,https://registry.npmjs.org/kleur/-/kleur-3.0.3.tgz,SAFE CONFIGURATION,Reviewed registry/deployment/dependency metadata or documentation. Dependency entries are not evidence of live-provider certification; see mobile advisory limitation.,True,False,False,False
mobile/package-lock.json,5561,https://registry.npmjs.org/lan-network/-/lan-network-0.2.1.tgz,SAFE CONFIGURATION,Reviewed registry/deployment/dependency metadata or documentation. Dependency entries are not evidence of live-provider certification; see mobile advisory limitation.,True,False,False,False
mobile/package-lock.json,5570,https://registry.npmjs.org/leven/-/leven-3.1.0.tgz,SAFE CONFIGURATION,Reviewed registry/deployment/dependency metadata or documentation. Dependency entries are not evidence of live-provider certification; see mobile advisory limitation.,True,False,False,False
mobile/package-lock.json,5579,https://registry.npmjs.org/lighthouse-logger/-/lighthouse-logger-1.4.2.tgz,SAFE CONFIGURATION,Reviewed registry/deployment/dependency metadata or documentation. Dependency entries are not evidence of live-provider certification; see mobile advisory limitation.,True,False,False,False
mobile/package-lock.json,5589,https://registry.npmjs.org/debug/-/debug-2.6.9.tgz,SAFE CONFIGURATION,Reviewed registry/deployment/dependency metadata or documentation. Dependency entries are not evidence of live-provider certification; see mobile advisory limitation.,True,False,False,False
mobile/package-lock.json,5598,https://registry.npmjs.org/ms/-/ms-2.0.0.tgz,SAFE CONFIGURATION,Reviewed registry/deployment/dependency metadata or documentation. Dependency entries are not evidence of live-provider certification; see mobile advisory limitation.,True,False,False,False
mobile/package-lock.json,5604,https://registry.npmjs.org/lightningcss/-/lightningcss-1.33.0.tgz,SAFE CONFIGURATION,Reviewed registry/deployment/dependency metadata or documentation. Dependency entries are not evidence of live-provider certification; see mobile advisory limitation.,True,False,False,False
mobile/package-lock.json,5615,https://opencollective.com/parcel,SAFE CONFIGURATION,Reviewed registry/deployment/dependency metadata or documentation. Dependency entries are not evidence of live-provider certification; see mobile advisory limitation.,True,False,False,False
mobile/package-lock.json,5633,https://registry.npmjs.org/lightningcss-android-arm64/-/lightningcss-android-arm64-1.33.0.tgz,SAFE CONFIGURATION,Reviewed registry/deployment/dependency metadata or documentation. Dependency entries are not evidence of live-provider certification; see mobile advisory limitation.,True,False,False,False
mobile/package-lock.json,5648,https://opencollective.com/parcel,SAFE CONFIGURATION,Reviewed registry/deployment/dependency metadata or documentation. Dependency entries are not evidence of live-provider certification; see mobile advisory limitation.,True,False,False,False
mobile/package-lock.json,5653,https://registry.npmjs.org/lightningcss-darwin-arm64/-/lightningcss-darwin-arm64-1.33.0.tgz,SAFE CONFIGURATION,Reviewed registry/deployment/dependency metadata or documentation. Dependency entries are not evidence of live-provider certification; see mobile advisory limitation.,True,False,False,False
mobile/package-lock.json,5668,https://opencollective.com/parcel,SAFE CONFIGURATION,Reviewed registry/deployment/dependency metadata or documentation. Dependency entries are not evidence of live-provider certification; see mobile advisory limitation.,True,False,False,False
mobile/package-lock.json,5673,https://registry.npmjs.org/lightningcss-darwin-x64/-/lightningcss-darwin-x64-1.33.0.tgz,SAFE CONFIGURATION,Reviewed registry/deployment/dependency metadata or documentation. Dependency entries are not evidence of live-provider certification; see mobile advisory limitation.,True,False,False,False
mobile/package-lock.json,5688,https://opencollective.com/parcel,SAFE CONFIGURATION,Reviewed registry/deployment/dependency metadata or documentation. Dependency entries are not evidence of live-provider certification; see mobile advisory limitation.,True,False,False,False
mobile/package-lock.json,5693,https://registry.npmjs.org/lightningcss-freebsd-x64/-/lightningcss-freebsd-x64-1.33.0.tgz,SAFE CONFIGURATION,Reviewed registry/deployment/dependency metadata or documentation. Dependency entries are not evidence of live-provider certification; see mobile advisory limitation.,True,False,False,False
mobile/package-lock.json,5708,https://opencollective.com/parcel,SAFE CONFIGURATION,Reviewed registry/deployment/dependency metadata or documentation. Dependency entries are not evidence of live-provider certification; see mobile advisory limitation.,True,False,False,False
mobile/package-lock.json,5713,https://registry.npmjs.org/lightningcss-linux-arm-gnueabihf/-/lightningcss-linux-arm-gnueabihf-1.33.0.tgz,SAFE CONFIGURATION,Reviewed registry/deployment/dependency metadata or documentation. Dependency entries are not evidence of live-provider certification; see mobile advisory limitation.,True,False,False,False
mobile/package-lock.json,5728,https://opencollective.com/parcel,SAFE CONFIGURATION,Reviewed registry/deployment/dependency metadata or documentation. Dependency entries are not evidence of live-provider certification; see mobile advisory limitation.,True,False,False,False
mobile/package-lock.json,5733,https://registry.npmjs.org/lightningcss-linux-arm64-gnu/-/lightningcss-linux-arm64-gnu-1.33.0.tgz,SAFE CONFIGURATION,Reviewed registry/deployment/dependency metadata or documentation. Dependency entries are not evidence of live-provider certification; see mobile advisory limitation.,True,False,False,False
mobile/package-lock.json,5748,https://opencollective.com/parcel,SAFE CONFIGURATION,Reviewed registry/deployment/dependency metadata or documentation. Dependency entries are not evidence of live-provider certification; see mobile advisory limitation.,True,False,False,False
mobile/package-lock.json,5753,https://registry.npmjs.org/lightningcss-linux-arm64-musl/-/lightningcss-linux-arm64-musl-1.33.0.tgz,SAFE CONFIGURATION,Reviewed registry/deployment/dependency metadata or documentation. Dependency entries are not evidence of live-provider certification; see mobile advisory limitation.,True,False,False,False
mobile/package-lock.json,5768,https://opencollective.com/parcel,SAFE CONFIGURATION,Reviewed registry/deployment/dependency metadata or documentation. Dependency entries are not evidence of live-provider certification; see mobile advisory limitation.,True,False,False,False
mobile/package-lock.json,5773,https://registry.npmjs.org/lightningcss-linux-x64-gnu/-/lightningcss-linux-x64-gnu-1.33.0.tgz,SAFE CONFIGURATION,Reviewed registry/deployment/dependency metadata or documentation. Dependency entries are not evidence of live-provider certification; see mobile advisory limitation.,True,False,False,False
mobile/package-lock.json,5788,https://opencollective.com/parcel,SAFE CONFIGURATION,Reviewed registry/deployment/dependency metadata or documentation. Dependency entries are not evidence of live-provider certification; see mobile advisory limitation.,True,False,False,False
mobile/package-lock.json,5793,https://registry.npmjs.org/lightningcss-linux-x64-musl/-/lightningcss-linux-x64-musl-1.33.0.tgz,SAFE CONFIGURATION,Reviewed registry/deployment/dependency metadata or documentation. Dependency entries are not evidence of live-provider certification; see mobile advisory limitation.,True,False,False,False
mobile/package-lock.json,5808,https://opencollective.com/parcel,SAFE CONFIGURATION,Reviewed registry/deployment/dependency metadata or documentation. Dependency entries are not evidence of live-provider certification; see mobile advisory limitation.,True,False,False,False
mobile/package-lock.json,5813,https://registry.npmjs.org/lightningcss-win32-arm64-msvc/-/lightningcss-win32-arm64-msvc-1.33.0.tgz,SAFE CONFIGURATION,Reviewed registry/deployment/dependency metadata or documentation. Dependency entries are not evidence of live-provider certification; see mobile advisory limitation.,True,False,False,False
mobile/package-lock.json,5828,https://opencollective.com/parcel,SAFE CONFIGURATION,Reviewed registry/deployment/dependency metadata or documentation. Dependency entries are not evidence of live-provider certification; see mobile advisory limitation.,True,False,False,False
mobile/package-lock.json,5833,https://registry.npmjs.org/lightningcss-win32-x64-msvc/-/lightningcss-win32-x64-msvc-1.33.0.tgz,SAFE CONFIGURATION,Reviewed registry/deployment/dependency metadata or documentation. Dependency entries are not evidence of live-provider certification; see mobile advisory limitation.,True,False,False,False
mobile/package-lock.json,5848,https://opencollective.com/parcel,SAFE CONFIGURATION,Reviewed registry/deployment/dependency metadata or documentation. Dependency entries are not evidence of live-provider certification; see mobile advisory limitation.,True,False,False,False
mobile/package-lock.json,5853,https://registry.npmjs.org/locate-path/-/locate-path-5.0.0.tgz,SAFE CONFIGURATION,Reviewed registry/deployment/dependency metadata or documentation. Dependency entries are not evidence of live-provider certification; see mobile advisory limitation.,True,False,False,False
mobile/package-lock.json,5865,https://registry.npmjs.org/lodash.debounce/-/lodash.debounce-4.0.8.tgz,SAFE CONFIGURATION,Reviewed registry/deployment/dependency metadata or documentation. Dependency entries are not evidence of live-provider certification; see mobile advisory limitation.,True,False,False,False
mobile/package-lock.json,5871,https://registry.npmjs.org/lodash.throttle/-/lodash.throttle-4.1.1.tgz,SAFE CONFIGURATION,Reviewed registry/deployment/dependency metadata or documentation. Dependency entries are not evidence of live-provider certification; see mobile advisory limitation.,True,False,False,False
mobile/package-lock.json,5877,https://registry.npmjs.org/log-symbols/-/log-symbols-2.2.0.tgz,SAFE CONFIGURATION,Reviewed registry/deployment/dependency metadata or documentation. Dependency entries are not evidence of live-provider certification; see mobile advisory limitation.,True,False,False,False
mobile/package-lock.json,5889,https://registry.npmjs.org/ansi-styles/-/ansi-styles-3.2.1.tgz,SAFE CONFIGURATION,Reviewed registry/deployment/dependency metadata or documentation. Dependency entries are not evidence of live-provider certification; see mobile advisory limitation.,True,False,False,False
mobile/package-lock.json,5901,https://registry.npmjs.org/chalk/-/chalk-2.4.2.tgz,SAFE CONFIGURATION,Reviewed registry/deployment/dependency metadata or documentation. Dependency entries are not evidence of live-provider certification; see mobile advisory limitation.,True,False,False,False
mobile/package-lock.json,5915,https://registry.npmjs.org/color-convert/-/color-convert-1.9.3.tgz,SAFE CONFIGURATION,Reviewed registry/deployment/dependency metadata or documentation. Dependency entries are not evidence of live-provider certification; see mobile advisory limitation.,True,False,False,False
mobile/package-lock.json,5924,https://registry.npmjs.org/color-name/-/color-name-1.1.3.tgz,SAFE CONFIGURATION,Reviewed registry/deployment/dependency metadata or documentation. Dependency entries are not evidence of live-provider certification; see mobile advisory limitation.,True,False,False,False
mobile/package-lock.json,5930,https://registry.npmjs.org/escape-string-regexp/-/escape-string-regexp-1.0.5.tgz,SAFE CONFIGURATION,Reviewed registry/deployment/dependency metadata or documentation. Dependency entries are not evidence of live-provider certification; see mobile advisory limitation.,True,False,False,False
mobile/package-lock.json,5939,https://registry.npmjs.org/has-flag/-/has-flag-3.0.0.tgz,SAFE CONFIGURATION,Reviewed registry/deployment/dependency metadata or documentation. Dependency entries are not evidence of live-provider certification; see mobile advisory limitation.,True,False,False,False
mobile/package-lock.json,5948,https://registry.npmjs.org/supports-color/-/supports-color-5.5.0.tgz,SAFE CONFIGURATION,Reviewed registry/deployment/dependency metadata or documentation. Dependency entries are not evidence of live-provider certification; see mobile advisory limitation.,True,False,False,False
mobile/package-lock.json,5960,https://registry.npmjs.org/loose-envify/-/loose-envify-1.4.0.tgz,SAFE CONFIGURATION,Reviewed registry/deployment/dependency metadata or documentation. Dependency entries are not evidence of live-provider certification; see mobile advisory limitation.,True,False,False,False
mobile/package-lock.json,5972,https://registry.npmjs.org/lru-cache/-/lru-cache-5.1.1.tgz,SAFE CONFIGURATION,Reviewed registry/deployment/dependency metadata or documentation. Dependency entries are not evidence of live-provider certification; see mobile advisory limitation.,True,False,False,False
mobile/package-lock.json,5981,https://registry.npmjs.org/makeerror/-/makeerror-1.0.12.tgz,SAFE CONFIGURATION,Reviewed registry/deployment/dependency metadata or documentation. Dependency entries are not evidence of live-provider certification; see mobile advisory limitation.,True,False,False,False
mobile/package-lock.json,5990,https://registry.npmjs.org/marky/-/marky-1.3.0.tgz,SAFE CONFIGURATION,Reviewed registry/deployment/dependency metadata or documentation. Dependency entries are not evidence of live-provider certification; see mobile advisory limitation.,True,False,False,False
mobile/package-lock.json,5996,https://registry.npmjs.org/memoize-one/-/memoize-one-5.2.1.tgz,SAFE CONFIGURATION,Reviewed registry/deployment/dependency metadata or documentation. Dependency entries are not evidence of live-provider certification; see mobile advisory limitation.,True,False,False,False
mobile/package-lock.json,6002,https://registry.npmjs.org/merge-stream/-/merge-stream-2.0.0.tgz,SAFE CONFIGURATION,Reviewed registry/deployment/dependency metadata or documentation. Dependency entries are not evidence of live-provider certification; see mobile advisory limitation.,True,False,False,False
mobile/package-lock.json,6008,https://registry.npmjs.org/metro/-/metro-0.83.8.tgz,SAFE CONFIGURATION,Reviewed registry/deployment/dependency metadata or documentation. Dependency entries are not evidence of live-provider certification; see mobile advisory limitation.,True,False,False,False
mobile/package-lock.json,6060,https://registry.npmjs.org/metro-babel-transformer/-/metro-babel-transformer-0.83.8.tgz,SAFE CONFIGURATION,Reviewed registry/deployment/dependency metadata or documentation. Dependency entries are not evidence of live-provider certification; see mobile advisory limitation.,True,False,False,False
mobile/package-lock.json,6076,https://registry.npmjs.org/metro-cache/-/metro-cache-0.83.8.tgz,SAFE CONFIGURATION,Reviewed registry/deployment/dependency metadata or documentation. Dependency entries are not evidence of live-provider certification; see mobile advisory limitation.,True,False,False,False
mobile/package-lock.json,6091,https://registry.npmjs.org/metro-cache-key/-/metro-cache-key-0.83.8.tgz,SAFE CONFIGURATION,Reviewed registry/deployment/dependency metadata or documentation. Dependency entries are not evidence of live-provider certification; see mobile advisory limitation.,True,False,False,False
mobile/package-lock.json,6103,https://registry.npmjs.org/metro-config/-/metro-config-0.83.8.tgz,SAFE CONFIGURATION,Reviewed registry/deployment/dependency metadata or documentation. Dependency entries are not evidence of live-provider certification; see mobile advisory limitation.,True,False,False,False
mobile/package-lock.json,6122,https://registry.npmjs.org/metro-core/-/metro-core-0.83.8.tgz,SAFE CONFIGURATION,Reviewed registry/deployment/dependency metadata or documentation. Dependency entries are not evidence of live-provider certification; see mobile advisory limitation.,True,False,False,False
mobile/package-lock.json,6136,https://registry.npmjs.org/metro-file-map/-/metro-file-map-0.83.8.tgz,SAFE CONFIGURATION,Reviewed registry/deployment/dependency metadata or documentation. Dependency entries are not evidence of live-provider certification; see mobile advisory limitation.,True,False,False,False
mobile/package-lock.json,6156,https://registry.npmjs.org/metro-minify-terser/-/metro-minify-terser-0.83.8.tgz,SAFE CONFIGURATION,Reviewed registry/deployment/dependency metadata or documentation. Dependency entries are not evidence of live-provider certification; see mobile advisory limitation.,True,False,False,False
mobile/package-lock.json,6169,https://registry.npmjs.org/metro-resolver/-/metro-resolver-0.83.8.tgz,SAFE CONFIGURATION,Reviewed registry/deployment/dependency metadata or documentation. Dependency entries are not evidence of live-provider certification; see mobile advisory limitation.,True,False,False,False
mobile/package-lock.json,6181,https://registry.npmjs.org/metro-runtime/-/metro-runtime-0.83.8.tgz,SAFE CONFIGURATION,Reviewed registry/deployment/dependency metadata or documentation. Dependency entries are not evidence of live-provider certification; see mobile advisory limitation.,True,False,False,False
mobile/package-lock.json,6194,https://registry.npmjs.org/metro-source-map/-/metro-source-map-0.83.8.tgz,SAFE CONFIGURATION,Reviewed registry/deployment/dependency metadata or documentation. Dependency entries are not evidence of live-provider certification; see mobile advisory limitation.,True,False,False,False
mobile/package-lock.json,6214,https://registry.npmjs.org/metro-symbolicate/-/metro-symbolicate-0.83.8.tgz,SAFE CONFIGURATION,Reviewed registry/deployment/dependency metadata or documentation. Dependency entries are not evidence of live-provider certification; see mobile advisory limitation.,True,False,False,False
mobile/package-lock.json,6234,https://registry.npmjs.org/metro-transform-plugins/-/metro-transform-plugins-0.83.8.tgz,SAFE CONFIGURATION,Reviewed registry/deployment/dependency metadata or documentation. Dependency entries are not evidence of live-provider certification; see mobile advisory limitation.,True,False,False,False
mobile/package-lock.json,6251,https://registry.npmjs.org/metro-transform-worker/-/metro-transform-worker-0.83.8.tgz,SAFE CONFIGURATION,Reviewed registry/deployment/dependency metadata or documentation. Dependency entries are not evidence of live-provider certification; see mobile advisory limitation.,True,False,False,False
mobile/package-lock.json,6275,https://registry.npmjs.org/micromatch/-/micromatch-4.0.8.tgz,SAFE CONFIGURATION,Reviewed registry/deployment/dependency metadata or documentation. Dependency entries are not evidence of live-provider certification; see mobile advisory limitation.,True,False,False,False
mobile/package-lock.json,6288,https://registry.npmjs.org/mime/-/mime-1.6.0.tgz,SAFE CONFIGURATION,Reviewed registry/deployment/dependency metadata or documentation. Dependency entries are not evidence of live-provider certification; see mobile advisory limitation.,True,False,False,False
mobile/package-lock.json,6300,https://registry.npmjs.org/mime-db/-/mime-db-1.54.0.tgz,SAFE CONFIGURATION,Reviewed registry/deployment/dependency metadata or documentation. Dependency entries are not evidence of live-provider certification; see mobile advisory limitation.,True,False,False,False
mobile/package-lock.json,6309,https://registry.npmjs.org/mime-types/-/mime-types-3.0.2.tgz,SAFE CONFIGURATION,Reviewed registry/deployment/dependency metadata or documentation. Dependency entries are not evidence of live-provider certification; see mobile advisory limitation.,True,False,False,False
mobile/package-lock.json,6320,https://opencollective.com/express,SAFE CONFIGURATION,Reviewed registry/deployment/dependency metadata or documentation. Dependency entries are not evidence of live-provider certification; see mobile advisory limitation.,True,False,False,False
mobile/package-lock.json,6325,https://registry.npmjs.org/mimic-fn/-/mimic-fn-1.2.0.tgz,SAFE CONFIGURATION,Reviewed registry/deployment/dependency metadata or documentation. Dependency entries are not evidence of live-provider certification; see mobile advisory limitation.,True,False,False,False
mobile/package-lock.json,6334,https://registry.npmjs.org/minimatch/-/minimatch-10.2.6.tgz,SAFE CONFIGURATION,Reviewed registry/deployment/dependency metadata or documentation. Dependency entries are not evidence of live-provider certification; see mobile advisory limitation.,True,False,False,False
mobile/package-lock.json,6344,https://github.com/sponsors/isaacs,SAFE CONFIGURATION,Reviewed registry/deployment/dependency metadata or documentation. Dependency entries are not evidence of live-provider certification; see mobile advisory limitation.,True,False,False,False
mobile/package-lock.json,6349,https://registry.npmjs.org/minipass/-/minipass-7.1.3.tgz,SAFE CONFIGURATION,Reviewed registry/deployment/dependency metadata or documentation. Dependency entries are not evidence of live-provider certification; see mobile advisory limitation.,True,False,False,False
mobile/package-lock.json,6358,https://registry.npmjs.org/mkdirp/-/mkdirp-1.0.4.tgz,SAFE CONFIGURATION,Reviewed registry/deployment/dependency metadata or documentation. Dependency entries are not evidence of live-provider certification; see mobile advisory limitation.,True,False,False,False
mobile/package-lock.json,6370,https://registry.npmjs.org/ms/-/ms-2.1.3.tgz,SAFE CONFIGURATION,Reviewed registry/deployment/dependency metadata or documentation. Dependency entries are not evidence of live-provider certification; see mobile advisory limitation.,True,False,False,False
mobile/package-lock.json,6376,https://registry.npmjs.org/multitars/-/multitars-1.0.2.tgz,SAFE CONFIGURATION,Reviewed registry/deployment/dependency metadata or documentation. Dependency entries are not evidence of live-provider certification; see mobile advisory limitation.,True,False,False,False
mobile/package-lock.json,6382,https://registry.npmjs.org/nanoid/-/nanoid-3.3.19.tgz,SAFE CONFIGURATION,Reviewed registry/deployment/dependency metadata or documentation. Dependency entries are not evidence of live-provider certification; see mobile advisory limitation.,True,False,False,False
mobile/package-lock.json,6387,https://github.com/sponsors/ai,SAFE CONFIGURATION,Reviewed registry/deployment/dependency metadata or documentation. Dependency entries are not evidence of live-provider certification; see mobile advisory limitation.,True,False,False,False
mobile/package-lock.json,6400,https://registry.npmjs.org/negotiator/-/negotiator-1.1.0.tgz,SAFE CONFIGURATION,Reviewed registry/deployment/dependency metadata or documentation. Dependency entries are not evidence of live-provider certification; see mobile advisory limitation.,True,False,False,False
mobile/package-lock.json,6411,https://opencollective.com/express,SAFE CONFIGURATION,Reviewed registry/deployment/dependency metadata or documentation. Dependency entries are not evidence of live-provider certification; see mobile advisory limitation.,True,False,False,False
mobile/package-lock.json,6416,https://registry.npmjs.org/node-fetch/-/node-fetch-2.7.0.tgz,SAFE CONFIGURATION,Reviewed registry/deployment/dependency metadata or documentation. Dependency entries are not evidence of live-provider certification; see mobile advisory limitation.,True,False,False,False
mobile/package-lock.json,6436,https://registry.npmjs.org/node-forge/-/node-forge-1.4.0.tgz,SAFE CONFIGURATION,Reviewed registry/deployment/dependency metadata or documentation. Dependency entries are not evidence of live-provider certification; see mobile advisory limitation.,True,False,False,False
mobile/package-lock.json,6445,https://registry.npmjs.org/node-int64/-/node-int64-0.4.0.tgz,SAFE CONFIGURATION,Reviewed registry/deployment/dependency metadata or documentation. Dependency entries are not evidence of live-provider certification; see mobile advisory limitation.,True,False,False,False
mobile/package-lock.json,6451,https://registry.npmjs.org/node-releases/-/node-releases-2.0.57.tgz,SAFE CONFIGURATION,Reviewed registry/deployment/dependency metadata or documentation. Dependency entries are not evidence of live-provider certification; see mobile advisory limitation.,True,False,False,False
mobile/package-lock.json,6460,https://registry.npmjs.org/normalize-path/-/normalize-path-3.0.0.tgz,SAFE CONFIGURATION,Reviewed registry/deployment/dependency metadata or documentation. Dependency entries are not evidence of live-provider certification; see mobile advisory limitation.,True,False,False,False
mobile/package-lock.json,6469,https://registry.npmjs.org/npm-package-arg/-/npm-package-arg-11.0.3.tgz,SAFE CONFIGURATION,Reviewed registry/deployment/dependency metadata or documentation. Dependency entries are not evidence of live-provider certification; see mobile advisory limitation.,True,False,False,False
mobile/package-lock.json,6484,https://registry.npmjs.org/nullthrows/-/nullthrows-1.1.1.tgz,SAFE CONFIGURATION,Reviewed registry/deployment/dependency metadata or documentation. Dependency entries are not evidence of live-provider certification; see mobile advisory limitation.,True,False,False,False
mobile/package-lock.json,6490,https://registry.npmjs.org/ob1/-/ob1-0.83.8.tgz,SAFE CONFIGURATION,Reviewed registry/deployment/dependency metadata or documentation. Dependency entries are not evidence of live-provider certification; see mobile advisory limitation.,True,False,False,False
mobile/package-lock.json,6502,https://registry.npmjs.org/object-assign/-/object-assign-4.1.1.tgz,SAFE CONFIGURATION,Reviewed registry/deployment/dependency metadata or documentation. Dependency entries are not evidence of live-provider certification; see mobile advisory limitation.,True,False,False,False
mobile/package-lock.json,6511,https://registry.npmjs.org/on-finished/-/on-finished-2.3.0.tgz,SAFE CONFIGURATION,Reviewed registry/deployment/dependency metadata or documentation. Dependency entries are not evidence of live-provider certification; see mobile advisory limitation.,True,False,False,False
mobile/package-lock.json,6523,https://registry.npmjs.org/on-headers/-/on-headers-1.1.0.tgz,SAFE CONFIGURATION,Reviewed registry/deployment/dependency metadata or documentation. Dependency entries are not evidence of live-provider certification; see mobile advisory limitation.,True,False,False,False
mobile/package-lock.json,6532,https://registry.npmjs.org/once/-/once-1.4.0.tgz,SAFE CONFIGURATION,Reviewed registry/deployment/dependency metadata or documentation. Dependency entries are not evidence of live-provider certification; see mobile advisory limitation.,True,False,False,False
mobile/package-lock.json,6541,https://registry.npmjs.org/onetime/-/onetime-2.0.1.tgz,SAFE CONFIGURATION,Reviewed registry/deployment/dependency metadata or documentation. Dependency entries are not evidence of live-provider certification; see mobile advisory limitation.,True,False,False,False
mobile/package-lock.json,6553,https://registry.npmjs.org/open/-/open-7.4.2.tgz,SAFE CONFIGURATION,Reviewed registry/deployment/dependency metadata or documentation. Dependency entries are not evidence of live-provider certification; see mobile advisory limitation.,True,False,False,False
mobile/package-lock.json,6564,https://github.com/sponsors/sindresorhus,SAFE CONFIGURATION,Reviewed registry/deployment/dependency metadata or documentation. Dependency entries are not evidence of live-provider certification; see mobile advisory limitation.,True,False,False,False
mobile/package-lock.json,6569,https://registry.npmjs.org/ora/-/ora-3.4.0.tgz,SAFE CONFIGURATION,Reviewed registry/deployment/dependency metadata or documentation. Dependency entries are not evidence of live-provider certification; see mobile advisory limitation.,True,False,False,False
mobile/package-lock.json,6586,https://registry.npmjs.org/ansi-regex/-/ansi-regex-4.1.1.tgz,SAFE CONFIGURATION,Reviewed registry/deployment/dependency metadata or documentation. Dependency entries are not evidence of live-provider certification; see mobile advisory limitation.,True,False,False,False
mobile/package-lock.json,6595,https://registry.npmjs.org/ansi-styles/-/ansi-styles-3.2.1.tgz,SAFE CONFIGURATION,Reviewed registry/deployment/dependency metadata or documentation. Dependency entries are not evidence of live-provider certification; see mobile advisory limitation.,True,False,False,False
mobile/package-lock.json,6607,https://registry.npmjs.org/chalk/-/chalk-2.4.2.tgz,SAFE CONFIGURATION,Reviewed registry/deployment/dependency metadata or documentation. Dependency entries are not evidence of live-provider certification; see mobile advisory limitation.,True,False,False,False
mobile/package-lock.json,6621,https://registry.npmjs.org/color-convert/-/color-convert-1.9.3.tgz,SAFE CONFIGURATION,Reviewed registry/deployment/dependency metadata or documentation. Dependency entries are not evidence of live-provider certification; see mobile advisory limitation.,True,False,False,False
mobile/package-lock.json,6630,https://registry.npmjs.org/color-name/-/color-name-1.1.3.tgz,SAFE CONFIGURATION,Reviewed registry/deployment/dependency metadata or documentation. Dependency entries are not evidence of live-provider certification; see mobile advisory limitation.,True,False,False,False
mobile/package-lock.json,6636,https://registry.npmjs.org/escape-string-regexp/-/escape-string-regexp-1.0.5.tgz,SAFE CONFIGURATION,Reviewed registry/deployment/dependency metadata or documentation. Dependency entries are not evidence of live-provider certification; see mobile advisory limitation.,True,False,False,False
mobile/package-lock.json,6645,https://registry.npmjs.org/has-flag/-/has-flag-3.0.0.tgz,SAFE CONFIGURATION,Reviewed registry/deployment/dependency metadata or documentation. Dependency entries are not evidence of live-provider certification; see mobile advisory limitation.,True,False,False,False
mobile/package-lock.json,6654,https://registry.npmjs.org/strip-ansi/-/strip-ansi-5.2.0.tgz,SAFE CONFIGURATION,Reviewed registry/deployment/dependency metadata or documentation. Dependency entries are not evidence of live-provider certification; see mobile advisory limitation.,True,False,False,False
mobile/package-lock.json,6666,https://registry.npmjs.org/supports-color/-/supports-color-5.5.0.tgz,SAFE CONFIGURATION,Reviewed registry/deployment/dependency metadata or documentation. Dependency entries are not evidence of live-provider certification; see mobile advisory limitation.,True,False,False,False
mobile/package-lock.json,6678,https://registry.npmjs.org/p-limit/-/p-limit-2.3.0.tgz,SAFE CONFIGURATION,Reviewed registry/deployment/dependency metadata or documentation. Dependency entries are not evidence of live-provider certification; see mobile advisory limitation.,True,False,False,False
mobile/package-lock.json,6688,https://github.com/sponsors/sindresorhus,SAFE CONFIGURATION,Reviewed registry/deployment/dependency metadata or documentation. Dependency entries are not evidence of live-provider certification; see mobile advisory limitation.,True,False,False,False
mobile/package-lock.json,6693,https://registry.npmjs.org/p-locate/-/p-locate-4.1.0.tgz,SAFE CONFIGURATION,Reviewed registry/deployment/dependency metadata or documentation. Dependency entries are not evidence of live-provider certification; see mobile advisory limitation.,True,False,False,False
mobile/package-lock.json,6705,https://registry.npmjs.org/p-try/-/p-try-2.2.0.tgz,SAFE CONFIGURATION,Reviewed registry/deployment/dependency metadata or documentation. Dependency entries are not evidence of live-provider certification; see mobile advisory limitation.,True,False,False,False
mobile/package-lock.json,6714,https://registry.npmjs.org/parse-png/-/parse-png-2.1.0.tgz,SAFE CONFIGURATION,Reviewed registry/deployment/dependency metadata or documentation. Dependency entries are not evidence of live-provider certification; see mobile advisory limitation.,True,False,False,False
mobile/package-lock.json,6726,https://registry.npmjs.org/parseurl/-/parseurl-1.3.3.tgz,SAFE CONFIGURATION,Reviewed registry/deployment/dependency metadata or documentation. Dependency entries are not evidence of live-provider certification; see mobile advisory limitation.,True,False,False,False
mobile/package-lock.json,6735,https://registry.npmjs.org/path-exists/-/path-exists-4.0.0.tgz,SAFE CONFIGURATION,Reviewed registry/deployment/dependency metadata or documentation. Dependency entries are not evidence of live-provider certification; see mobile advisory limitation.,True,False,False,False
mobile/package-lock.json,6744,https://registry.npmjs.org/path-is-absolute/-/path-is-absolute-1.0.1.tgz,SAFE CONFIGURATION,Reviewed registry/deployment/dependency metadata or documentation. Dependency entries are not evidence of live-provider certification; see mobile advisory limitation.,True,False,False,False
mobile/package-lock.json,6753,https://registry.npmjs.org/path-key/-/path-key-3.1.1.tgz,SAFE CONFIGURATION,Reviewed registry/deployment/dependency metadata or documentation. Dependency entries are not evidence of live-provider certification; see mobile advisory limitation.,True,False,False,False
mobile/package-lock.json,6762,https://registry.npmjs.org/path-parse/-/path-parse-1.0.7.tgz,SAFE CONFIGURATION,Reviewed registry/deployment/dependency metadata or documentation. Dependency entries are not evidence of live-provider certification; see mobile advisory limitation.,True,False,False,False
mobile/package-lock.json,6768,https://registry.npmjs.org/path-scurry/-/path-scurry-2.0.2.tgz,SAFE CONFIGURATION,Reviewed registry/deployment/dependency metadata or documentation. Dependency entries are not evidence of live-provider certification; see mobile advisory limitation.,True,False,False,False
mobile/package-lock.json,6779,https://github.com/sponsors/isaacs,SAFE CONFIGURATION,Reviewed registry/deployment/dependency metadata or documentation. Dependency entries are not evidence of live-provider certification; see mobile advisory limitation.,True,False,False,False
mobile/package-lock.json,6784,https://registry.npmjs.org/lru-cache/-/lru-cache-11.5.3.tgz,SAFE CONFIGURATION,Reviewed registry/deployment/dependency metadata or documentation. Dependency entries are not evidence of live-provider certification; see mobile advisory limitation.,True,False,False,False
mobile/package-lock.json,6793,https://registry.npmjs.org/picocolors/-/picocolors-1.1.1.tgz,SAFE CONFIGURATION,Reviewed registry/deployment/dependency metadata or documentation. Dependency entries are not evidence of live-provider certification; see mobile advisory limitation.,True,False,False,False
mobile/package-lock.json,6799,https://registry.npmjs.org/picomatch/-/picomatch-2.3.2.tgz,SAFE CONFIGURATION,Reviewed registry/deployment/dependency metadata or documentation. Dependency entries are not evidence of live-provider certification; see mobile advisory limitation.,True,False,False,False
mobile/package-lock.json,6806,https://github.com/sponsors/jonschlinkert,SAFE CONFIGURATION,Reviewed registry/deployment/dependency metadata or documentation. Dependency entries are not evidence of live-provider certification; see mobile advisory limitation.,True,False,False,False
mobile/package-lock.json,6811,https://registry.npmjs.org/pirates/-/pirates-4.0.7.tgz,SAFE CONFIGURATION,Reviewed registry/deployment/dependency metadata or documentation. Dependency entries are not evidence of live-provider certification; see mobile advisory limitation.,True,False,False,False
mobile/package-lock.json,6820,https://registry.npmjs.org/plist/-/plist-3.1.1.tgz,SAFE CONFIGURATION,Reviewed registry/deployment/dependency metadata or documentation. Dependency entries are not evidence of live-provider certification; see mobile advisory limitation.,True,False,False,False
mobile/package-lock.json,6834,https://registry.npmjs.org/@xmldom/xmldom/-/xmldom-0.9.12.tgz,SAFE CONFIGURATION,Reviewed registry/deployment/dependency metadata or documentation. Dependency entries are not evidence of live-provider certification; see mobile advisory limitation.,True,False,False,False
mobile/package-lock.json,6843,https://registry.npmjs.org/pngjs/-/pngjs-3.4.0.tgz,SAFE CONFIGURATION,Reviewed registry/deployment/dependency metadata or documentation. Dependency entries are not evidence of live-provider certification; see mobile advisory limitation.,True,False,False,False
mobile/package-lock.json,6852,https://registry.npmjs.org/postcss/-/postcss-8.5.28.tgz,SAFE CONFIGURATION,Reviewed registry/deployment/dependency metadata or documentation. Dependency entries are not evidence of live-provider certification; see mobile advisory limitation.,True,False,False,False
mobile/package-lock.json,6857,https://opencollective.com/postcss/,SAFE CONFIGURATION,Reviewed registry/deployment/dependency metadata or documentation. Dependency entries are not evidence of live-provider certification; see mobile advisory limitation.,True,False,False,False
mobile/package-lock.json,6861,https://tidelift.com/funding/github/npm/postcss,SAFE CONFIGURATION,Reviewed registry/deployment/dependency metadata or documentation. Dependency entries are not evidence of live-provider certification; see mobile advisory limitation.,True,False,False,False
mobile/package-lock.json,6865,https://github.com/sponsors/ai,SAFE CONFIGURATION,Reviewed registry/deployment/dependency metadata or documentation. Dependency entries are not evidence of live-provider certification; see mobile advisory limitation.,True,False,False,False
mobile/package-lock.json,6880,https://registry.npmjs.org/postcss-value-parser/-/postcss-value-parser-4.2.0.tgz,SAFE CONFIGURATION,Reviewed registry/deployment/dependency metadata or documentation. Dependency entries are not evidence of live-provider certification; see mobile advisory limitation.,True,False,False,False
mobile/package-lock.json,6886,https://registry.npmjs.org/pretty-format/-/pretty-format-29.7.0.tgz,SAFE CONFIGURATION,Reviewed registry/deployment/dependency metadata or documentation. Dependency entries are not evidence of live-provider certification; see mobile advisory limitation.,True,False,False,False
mobile/package-lock.json,6900,https://registry.npmjs.org/ansi-styles/-/ansi-styles-5.2.0.tgz,SAFE CONFIGURATION,Reviewed registry/deployment/dependency metadata or documentation. Dependency entries are not evidence of live-provider certification; see mobile advisory limitation.,True,False,False,False
mobile/package-lock.json,6907,https://github.com/chalk/ansi-styles?sponsor=1,SAFE CONFIGURATION,Reviewed registry/deployment/dependency metadata or documentation. Dependency entries are not evidence of live-provider certification; see mobile advisory limitation.,True,False,False,False
mobile/package-lock.json,6912,https://registry.npmjs.org/react-is/-/react-is-18.3.1.tgz,SAFE CONFIGURATION,Reviewed registry/deployment/dependency metadata or documentation. Dependency entries are not evidence of live-provider certification; see mobile advisory limitation.,True,False,False,False
mobile/package-lock.json,6918,https://registry.npmjs.org/proc-log/-/proc-log-4.2.0.tgz,SAFE CONFIGURATION,Reviewed registry/deployment/dependency metadata or documentation. Dependency entries are not evidence of live-provider certification; see mobile advisory limitation.,True,False,False,False
mobile/package-lock.json,6927,https://registry.npmjs.org/progress/-/progress-2.0.3.tgz,SAFE CONFIGURATION,Reviewed registry/deployment/dependency metadata or documentation. Dependency entries are not evidence of live-provider certification; see mobile advisory limitation.,True,False,False,False
mobile/package-lock.json,6936,https://registry.npmjs.org/promise/-/promise-8.3.0.tgz,SAFE CONFIGURATION,Reviewed registry/deployment/dependency metadata or documentation. Dependency entries are not evidence of live-provider certification; see mobile advisory limitation.,True,False,False,False
mobile/package-lock.json,6945,https://registry.npmjs.org/prompts/-/prompts-2.4.2.tgz,SAFE CONFIGURATION,Reviewed registry/deployment/dependency metadata or documentation. Dependency entries are not evidence of live-provider certification; see mobile advisory limitation.,True,False,False,False
mobile/package-lock.json,6958,https://registry.npmjs.org/query-string/-/query-string-7.1.3.tgz,SAFE CONFIGURATION,Reviewed registry/deployment/dependency metadata or documentation. Dependency entries are not evidence of live-provider certification; see mobile advisory limitation.,True,False,False,False
mobile/package-lock.json,6971,https://github.com/sponsors/sindresorhus,SAFE CONFIGURATION,Reviewed registry/deployment/dependency metadata or documentation. Dependency entries are not evidence of live-provider certification; see mobile advisory limitation.,True,False,False,False
mobile/package-lock.json,6976,https://registry.npmjs.org/range-parser/-/range-parser-1.2.1.tgz,SAFE CONFIGURATION,Reviewed registry/deployment/dependency metadata or documentation. Dependency entries are not evidence of live-provider certification; see mobile advisory limitation.,True,False,False,False
mobile/package-lock.json,6985,https://registry.npmjs.org/react/-/react-19.2.0.tgz,SAFE CONFIGURATION,Reviewed registry/deployment/dependency metadata or documentation. Dependency entries are not evidence of live-provider certification; see mobile advisory limitation.,True,False,False,False
mobile/package-lock.json,6994,https://registry.npmjs.org/react-devtools-core/-/react-devtools-core-6.1.5.tgz,SAFE CONFIGURATION,Reviewed registry/deployment/dependency metadata or documentation. Dependency entries are not evidence of live-provider certification; see mobile advisory limitation.,True,False,False,False
mobile/package-lock.json,7004,https://registry.npmjs.org/react-dom/-/react-dom-19.2.0.tgz,SAFE CONFIGURATION,Reviewed registry/deployment/dependency metadata or documentation. Dependency entries are not evidence of live-provider certification; see mobile advisory limitation.,True,False,False,False
mobile/package-lock.json,7016,https://registry.npmjs.org/react-fast-compare/-/react-fast-compare-3.2.2.tgz,SAFE CONFIGURATION,Reviewed registry/deployment/dependency metadata or documentation. Dependency entries are not evidence of live-provider certification; see mobile advisory limitation.,True,False,False,False
mobile/package-lock.json,7022,https://registry.npmjs.org/react-freeze/-/react-freeze-1.0.4.tgz,SAFE CONFIGURATION,Reviewed registry/deployment/dependency metadata or documentation. Dependency entries are not evidence of live-provider certification; see mobile advisory limitation.,True,False,False,False
mobile/package-lock.json,7034,https://registry.npmjs.org/react-is/-/react-is-19.3.0.tgz,SAFE CONFIGURATION,Reviewed registry/deployment/dependency metadata or documentation. Dependency entries are not evidence of live-provider certification; see mobile advisory limitation.,True,False,False,False
mobile/package-lock.json,7040,https://registry.npmjs.org/react-native/-/react-native-0.83.10.tgz,SAFE CONFIGURATION,Reviewed registry/deployment/dependency metadata or documentation. Dependency entries are not evidence of live-provider certification; see mobile advisory limitation.,True,False,False,False
mobile/package-lock.json,7098,https://registry.npmjs.org/react-native-is-edge-to-edge/-/react-native-is-edge-to-edge-1.3.1.tgz,SAFE CONFIGURATION,Reviewed registry/deployment/dependency metadata or documentation. Dependency entries are not evidence of live-provider certification; see mobile advisory limitation.,True,False,False,False
mobile/package-lock.json,7108,https://registry.npmjs.org/react-native-safe-area-context/-/react-native-safe-area-context-5.6.2.tgz,SAFE CONFIGURATION,Reviewed registry/deployment/dependency metadata or documentation. Dependency entries are not evidence of live-provider certification; see mobile advisory limitation.,True,False,False,False
mobile/package-lock.json,7118,https://registry.npmjs.org/react-native-screens/-/react-native-screens-4.23.0.tgz,SAFE CONFIGURATION,Reviewed registry/deployment/dependency metadata or documentation. Dependency entries are not evidence of live-provider certification; see mobile advisory limitation.,True,False,False,False
mobile/package-lock.json,7132,https://registry.npmjs.org/react-native-web/-/react-native-web-0.21.3.tgz,SAFE CONFIGURATION,Reviewed registry/deployment/dependency metadata or documentation. Dependency entries are not evidence of live-provider certification; see mobile advisory limitation.,True,False,False,False
mobile/package-lock.json,7152,https://registry.npmjs.org/@react-native/normalize-colors/-/normalize-colors-0.74.89.tgz,SAFE CONFIGURATION,Reviewed registry/deployment/dependency metadata or documentation. Dependency entries are not evidence of live-provider certification; see mobile advisory limitation.,True,False,False,False
mobile/package-lock.json,7158,https://registry.npmjs.org/memoize-one/-/memoize-one-6.0.0.tgz,SAFE CONFIGURATION,Reviewed registry/deployment/dependency metadata or documentation. Dependency entries are not evidence of live-provider certification; see mobile advisory limitation.,True,False,False,False
mobile/package-lock.json,7164,https://registry.npmjs.org/react-native-webview/-/react-native-webview-13.16.0.tgz,SAFE CONFIGURATION,Reviewed registry/deployment/dependency metadata or documentation. Dependency entries are not evidence of live-provider certification; see mobile advisory limitation.,True,False,False,False
mobile/package-lock.json,7178,https://registry.npmjs.org/@react-native/virtualized-lists/-/virtualized-lists-0.83.10.tgz,SAFE CONFIGURATION,Reviewed registry/deployment/dependency metadata or documentation. Dependency entries are not evidence of live-provider certification; see mobile advisory limitation.,True,False,False,False
mobile/package-lock.json,7201,https://registry.npmjs.org/balanced-match/-/balanced-match-1.0.2.tgz,SAFE CONFIGURATION,Reviewed registry/deployment/dependency metadata or documentation. Dependency entries are not evidence of live-provider certification; see mobile advisory limitation.,True,False,False,False
mobile/package-lock.json,7207,https://registry.npmjs.org/brace-expansion/-/brace-expansion-1.1.21.tgz,SAFE CONFIGURATION,Reviewed registry/deployment/dependency metadata or documentation. Dependency entries are not evidence of live-provider certification; see mobile advisory limitation.,True,False,False,False
mobile/package-lock.json,7217,https://registry.npmjs.org/commander/-/commander-12.1.0.tgz,SAFE CONFIGURATION,Reviewed registry/deployment/dependency metadata or documentation. Dependency entries are not evidence of live-provider certification; see mobile advisory limitation.,True,False,False,False
mobile/package-lock.json,7226,https://registry.npmjs.org/glob/-/glob-7.2.3.tgz,SAFE CONFIGURATION,Reviewed registry/deployment/dependency metadata or documentation. Dependency entries are not evidence of live-provider certification; see mobile advisory limitation.,True,False,False,False
mobile/package-lock.json,7242,https://github.com/sponsors/isaacs,SAFE CONFIGURATION,Reviewed registry/deployment/dependency metadata or documentation. Dependency entries are not evidence of live-provider certification; see mobile advisory limitation.,True,False,False,False
mobile/package-lock.json,7247,https://registry.npmjs.org/minimatch/-/minimatch-3.1.5.tgz,SAFE CONFIGURATION,Reviewed registry/deployment/dependency metadata or documentation. Dependency entries are not evidence of live-provider certification; see mobile advisory limitation.,True,False,False,False
mobile/package-lock.json,7259,https://registry.npmjs.org/react-refresh/-/react-refresh-0.14.2.tgz,SAFE CONFIGURATION,Reviewed registry/deployment/dependency metadata or documentation. Dependency entries are not evidence of live-provider certification; see mobile advisory limitation.,True,False,False,False
mobile/package-lock.json,7268,https://registry.npmjs.org/react-remove-scroll/-/react-remove-scroll-2.7.2.tgz,SAFE CONFIGURATION,Reviewed registry/deployment/dependency metadata or documentation. Dependency entries are not evidence of live-provider certification; see mobile advisory limitation.,True,False,False,False
mobile/package-lock.json,7293,https://registry.npmjs.org/react-remove-scroll-bar/-/react-remove-scroll-bar-2.3.8.tgz,SAFE CONFIGURATION,Reviewed registry/deployment/dependency metadata or documentation. Dependency entries are not evidence of live-provider certification; see mobile advisory limitation.,True,False,False,False
mobile/package-lock.json,7315,https://registry.npmjs.org/react-style-singleton/-/react-style-singleton-2.2.3.tgz,SAFE CONFIGURATION,Reviewed registry/deployment/dependency metadata or documentation. Dependency entries are not evidence of live-provider certification; see mobile advisory limitation.,True,False,False,False
mobile/package-lock.json,7337,https://registry.npmjs.org/regenerate/-/regenerate-1.4.2.tgz,SAFE CONFIGURATION,Reviewed registry/deployment/dependency metadata or documentation. Dependency entries are not evidence of live-provider certification; see mobile advisory limitation.,True,False,False,False
mobile/package-lock.json,7343,https://registry.npmjs.org/regenerate-unicode-properties/-/regenerate-unicode-properties-10.2.2.tgz,SAFE CONFIGURATION,Reviewed registry/deployment/dependency metadata or documentation. Dependency entries are not evidence of live-provider certification; see mobile advisory limitation.,True,False,False,False
mobile/package-lock.json,7355,https://registry.npmjs.org/regenerator-runtime/-/regenerator-runtime-0.13.11.tgz,SAFE CONFIGURATION,Reviewed registry/deployment/dependency metadata or documentation. Dependency entries are not evidence of live-provider certification; see mobile advisory limitation.,True,False,False,False
mobile/package-lock.json,7361,https://registry.npmjs.org/regexpu-core/-/regexpu-core-6.4.0.tgz,SAFE CONFIGURATION,Reviewed registry/deployment/dependency metadata or documentation. Dependency entries are not evidence of live-provider certification; see mobile advisory limitation.,True,False,False,False
mobile/package-lock.json,7378,https://registry.npmjs.org/regjsgen/-/regjsgen-0.8.0.tgz,SAFE CONFIGURATION,Reviewed registry/deployment/dependency metadata or documentation. Dependency entries are not evidence of live-provider certification; see mobile advisory limitation.,True,False,False,False
mobile/package-lock.json,7384,https://registry.npmjs.org/regjsparser/-/regjsparser-0.13.3.tgz,SAFE CONFIGURATION,Reviewed registry/deployment/dependency metadata or documentation. Dependency entries are not evidence of live-provider certification; see mobile advisory limitation.,True,False,False,False
mobile/package-lock.json,7396,https://registry.npmjs.org/require-directory/-/require-directory-2.1.1.tgz,SAFE CONFIGURATION,Reviewed registry/deployment/dependency metadata or documentation. Dependency entries are not evidence of live-provider certification; see mobile advisory limitation.,True,False,False,False
mobile/package-lock.json,7405,https://registry.npmjs.org/resolve/-/resolve-1.22.12.tgz,SAFE CONFIGURATION,Reviewed registry/deployment/dependency metadata or documentation. Dependency entries are not evidence of live-provider certification; see mobile advisory limitation.,True,False,False,False
mobile/package-lock.json,7421,https://github.com/sponsors/ljharb,SAFE CONFIGURATION,Reviewed registry/deployment/dependency metadata or documentation. Dependency entries are not evidence of live-provider certification; see mobile advisory limitation.,True,False,False,False
mobile/package-lock.json,7426,https://registry.npmjs.org/resolve-from/-/resolve-from-5.0.0.tgz,SAFE CONFIGURATION,Reviewed registry/deployment/dependency metadata or documentation. Dependency entries are not evidence of live-provider certification; see mobile advisory limitation.,True,False,False,False
mobile/package-lock.json,7435,https://registry.npmjs.org/resolve-workspace-root/-/resolve-workspace-root-2.0.1.tgz,SAFE CONFIGURATION,Reviewed registry/deployment/dependency metadata or documentation. Dependency entries are not evidence of live-provider certification; see mobile advisory limitation.,True,False,False,False
mobile/package-lock.json,7441,https://registry.npmjs.org/restore-cursor/-/restore-cursor-2.0.0.tgz,SAFE CONFIGURATION,Reviewed registry/deployment/dependency metadata or documentation. Dependency entries are not evidence of live-provider certification; see mobile advisory limitation.,True,False,False,False
mobile/package-lock.json,7454,https://registry.npmjs.org/rimraf/-/rimraf-3.0.2.tgz,SAFE CONFIGURATION,Reviewed registry/deployment/dependency metadata or documentation. Dependency entries are not evidence of live-provider certification; see mobile advisory limitation.,True,False,False,False
mobile/package-lock.json,7465,https://github.com/sponsors/isaacs,SAFE CONFIGURATION,Reviewed registry/deployment/dependency metadata or documentation. Dependency entries are not evidence of live-provider certification; see mobile advisory limitation.,True,False,False,False
mobile/package-lock.json,7470,https://registry.npmjs.org/balanced-match/-/balanced-match-1.0.2.tgz,SAFE CONFIGURATION,Reviewed registry/deployment/dependency metadata or documentation. Dependency entries are not evidence of live-provider certification; see mobile advisory limitation.,True,False,False,False
mobile/package-lock.json,7476,https://registry.npmjs.org/brace-expansion/-/brace-expansion-1.1.21.tgz,SAFE CONFIGURATION,Reviewed registry/deployment/dependency metadata or documentation. Dependency entries are not evidence of live-provider certification; see mobile advisory limitation.,True,False,False,False
mobile/package-lock.json,7486,https://registry.npmjs.org/glob/-/glob-7.2.3.tgz,SAFE CONFIGURATION,Reviewed registry/deployment/dependency metadata or documentation. Dependency entries are not evidence of live-provider certification; see mobile advisory limitation.,True,False,False,False
mobile/package-lock.json,7502,https://github.com/sponsors/isaacs,SAFE CONFIGURATION,Reviewed registry/deployment/dependency metadata or documentation. Dependency entries are not evidence of live-provider certification; see mobile advisory limitation.,True,False,False,False
mobile/package-lock.json,7507,https://registry.npmjs.org/minimatch/-/minimatch-3.1.5.tgz,SAFE CONFIGURATION,Reviewed registry/deployment/dependency metadata or documentation. Dependency entries are not evidence of live-provider certification; see mobile advisory limitation.,True,False,False,False
mobile/package-lock.json,7519,https://registry.npmjs.org/safe-buffer/-/safe-buffer-5.2.1.tgz,SAFE CONFIGURATION,Reviewed registry/deployment/dependency metadata or documentation. Dependency entries are not evidence of live-provider certification; see mobile advisory limitation.,True,False,False,False
mobile/package-lock.json,7524,https://github.com/sponsors/feross,SAFE CONFIGURATION,Reviewed registry/deployment/dependency metadata or documentation. Dependency entries are not evidence of live-provider certification; see mobile advisory limitation.,True,False,False,False
mobile/package-lock.json,7528,https://www.patreon.com/feross,SAFE CONFIGURATION,Reviewed registry/deployment/dependency metadata or documentation. Dependency entries are not evidence of live-provider certification; see mobile advisory limitation.,True,False,False,False
mobile/package-lock.json,7532,https://feross.org/support,SAFE CONFIGURATION,Reviewed registry/deployment/dependency metadata or documentation. Dependency entries are not evidence of live-provider certification; see mobile advisory limitation.,True,False,False,False
mobile/package-lock.json,7539,https://registry.npmjs.org/sax/-/sax-1.6.1.tgz,SAFE CONFIGURATION,Reviewed registry/deployment/dependency metadata or documentation. Dependency entries are not evidence of live-provider certification; see mobile advisory limitation.,True,False,False,False
mobile/package-lock.json,7548,https://registry.npmjs.org/scheduler/-/scheduler-0.27.0.tgz,SAFE CONFIGURATION,Reviewed registry/deployment/dependency metadata or documentation. Dependency entries are not evidence of live-provider certification; see mobile advisory limitation.,True,False,False,False
mobile/package-lock.json,7554,https://registry.npmjs.org/semver/-/semver-7.8.5.tgz,SAFE CONFIGURATION,Reviewed registry/deployment/dependency metadata or documentation. Dependency entries are not evidence of live-provider certification; see mobile advisory limitation.,True,False,False,False
mobile/package-lock.json,7566,https://registry.npmjs.org/send/-/send-0.19.2.tgz,SAFE CONFIGURATION,Reviewed registry/deployment/dependency metadata or documentation. Dependency entries are not evidence of live-provider certification; see mobile advisory limitation.,True,False,False,False
mobile/package-lock.json,7590,https://registry.npmjs.org/debug/-/debug-2.6.9.tgz,SAFE CONFIGURATION,Reviewed registry/deployment/dependency metadata or documentation. Dependency entries are not evidence of live-provider certification; see mobile advisory limitation.,True,False,False,False
mobile/package-lock.json,7599,https://registry.npmjs.org/ms/-/ms-2.0.0.tgz,SAFE CONFIGURATION,Reviewed registry/deployment/dependency metadata or documentation. Dependency entries are not evidence of live-provider certification; see mobile advisory limitation.,True,False,False,False
mobile/package-lock.json,7605,https://registry.npmjs.org/encodeurl/-/encodeurl-2.0.0.tgz,SAFE CONFIGURATION,Reviewed registry/deployment/dependency metadata or documentation. Dependency entries are not evidence of live-provider certification; see mobile advisory limitation.,True,False,False,False
mobile/package-lock.json,7614,https://registry.npmjs.org/on-finished/-/on-finished-2.4.1.tgz,SAFE CONFIGURATION,Reviewed registry/deployment/dependency metadata or documentation. Dependency entries are not evidence of live-provider certification; see mobile advisory limitation.,True,False,False,False
mobile/package-lock.json,7626,https://registry.npmjs.org/statuses/-/statuses-2.0.2.tgz,SAFE CONFIGURATION,Reviewed registry/deployment/dependency metadata or documentation. Dependency entries are not evidence of live-provider certification; see mobile advisory limitation.,True,False,False,False
mobile/package-lock.json,7635,https://registry.npmjs.org/serialize-error/-/serialize-error-2.1.0.tgz,SAFE CONFIGURATION,Reviewed registry/deployment/dependency metadata or documentation. Dependency entries are not evidence of live-provider certification; see mobile advisory limitation.,True,False,False,False
mobile/package-lock.json,7644,https://registry.npmjs.org/serve-static/-/serve-static-1.16.3.tgz,SAFE CONFIGURATION,Reviewed registry/deployment/dependency metadata or documentation. Dependency entries are not evidence of live-provider certification; see mobile advisory limitation.,True,False,False,False
mobile/package-lock.json,7659,https://registry.npmjs.org/encodeurl/-/encodeurl-2.0.0.tgz,SAFE CONFIGURATION,Reviewed registry/deployment/dependency metadata or documentation. Dependency entries are not evidence of live-provider certification; see mobile advisory limitation.,True,False,False,False
mobile/package-lock.json,7668,https://registry.npmjs.org/server-only/-/server-only-0.0.1.tgz,SAFE CONFIGURATION,Reviewed registry/deployment/dependency metadata or documentation. Dependency entries are not evidence of live-provider certification; see mobile advisory limitation.,True,False,False,False
mobile/package-lock.json,7674,https://registry.npmjs.org/setimmediate/-/setimmediate-1.0.5.tgz,SAFE CONFIGURATION,Reviewed registry/deployment/dependency metadata or documentation. Dependency entries are not evidence of live-provider certification; see mobile advisory limitation.,True,False,False,False
mobile/package-lock.json,7680,https://registry.npmjs.org/setprototypeof/-/setprototypeof-1.2.0.tgz,SAFE CONFIGURATION,Reviewed registry/deployment/dependency metadata or documentation. Dependency entries are not evidence of live-provider certification; see mobile advisory limitation.,True,False,False,False
mobile/package-lock.json,7686,https://registry.npmjs.org/sf-symbols-typescript/-/sf-symbols-typescript-2.2.0.tgz,SAFE CONFIGURATION,Reviewed registry/deployment/dependency metadata or documentation. Dependency entries are not evidence of live-provider certification; see mobile advisory limitation.,True,False,False,False
mobile/package-lock.json,7695,https://registry.npmjs.org/shallowequal/-/shallowequal-1.1.0.tgz,SAFE CONFIGURATION,Reviewed registry/deployment/dependency metadata or documentation. Dependency entries are not evidence of live-provider certification; see mobile advisory limitation.,True,False,False,False
mobile/package-lock.json,7701,https://registry.npmjs.org/shebang-command/-/shebang-command-2.0.0.tgz,SAFE CONFIGURATION,Reviewed registry/deployment/dependency metadata or documentation. Dependency entries are not evidence of live-provider certification; see mobile advisory limitation.,True,False,False,False
mobile/package-lock.json,7713,https://registry.npmjs.org/shebang-regex/-/shebang-regex-3.0.0.tgz,SAFE CONFIGURATION,Reviewed registry/deployment/dependency metadata or documentation. Dependency entries are not evidence of live-provider certification; see mobile advisory limitation.,True,False,False,False
mobile/package-lock.json,7722,https://registry.npmjs.org/shell-quote/-/shell-quote-1.10.0.tgz,SAFE CONFIGURATION,Reviewed registry/deployment/dependency metadata or documentation. Dependency entries are not evidence of live-provider certification; see mobile advisory limitation.,True,False,False,False
mobile/package-lock.json,7729,https://github.com/sponsors/ljharb,SAFE CONFIGURATION,Reviewed registry/deployment/dependency metadata or documentation. Dependency entries are not evidence of live-provider certification; see mobile advisory limitation.,True,False,False,False
mobile/package-lock.json,7734,https://registry.npmjs.org/signal-exit/-/signal-exit-3.0.7.tgz,SAFE CONFIGURATION,Reviewed registry/deployment/dependency metadata or documentation. Dependency entries are not evidence of live-provider certification; see mobile advisory limitation.,True,False,False,False
mobile/package-lock.json,7740,https://registry.npmjs.org/simple-plist/-/simple-plist-1.3.1.tgz,SAFE CONFIGURATION,Reviewed registry/deployment/dependency metadata or documentation. Dependency entries are not evidence of live-provider certification; see mobile advisory limitation.,True,False,False,False
mobile/package-lock.json,7751,https://registry.npmjs.org/simple-swizzle/-/simple-swizzle-0.2.4.tgz,SAFE CONFIGURATION,Reviewed registry/deployment/dependency metadata or documentation. Dependency entries are not evidence of live-provider certification; see mobile advisory limitation.,True,False,False,False
mobile/package-lock.json,7760,https://registry.npmjs.org/sisteransi/-/sisteransi-1.0.5.tgz,SAFE CONFIGURATION,Reviewed registry/deployment/dependency metadata or documentation. Dependency entries are not evidence of live-provider certification; see mobile advisory limitation.,True,False,False,False
mobile/package-lock.json,7766,https://registry.npmjs.org/slash/-/slash-3.0.0.tgz,SAFE CONFIGURATION,Reviewed registry/deployment/dependency metadata or documentation. Dependency entries are not evidence of live-provider certification; see mobile advisory limitation.,True,False,False,False
mobile/package-lock.json,7775,https://registry.npmjs.org/slugify/-/slugify-1.6.9.tgz,SAFE CONFIGURATION,Reviewed registry/deployment/dependency metadata or documentation. Dependency entries are not evidence of live-provider certification; see mobile advisory limitation.,True,False,False,False
mobile/package-lock.json,7784,https://registry.npmjs.org/source-map/-/source-map-0.5.7.tgz,SAFE CONFIGURATION,Reviewed registry/deployment/dependency metadata or documentation. Dependency entries are not evidence of live-provider certification; see mobile advisory limitation.,True,False,False,False
mobile/package-lock.json,7793,https://registry.npmjs.org/source-map-js/-/source-map-js-1.2.1.tgz,SAFE CONFIGURATION,Reviewed registry/deployment/dependency metadata or documentation. Dependency entries are not evidence of live-provider certification; see mobile advisory limitation.,True,False,False,False
mobile/package-lock.json,7802,https://registry.npmjs.org/source-map-support/-/source-map-support-0.5.21.tgz,SAFE CONFIGURATION,Reviewed registry/deployment/dependency metadata or documentation. Dependency entries are not evidence of live-provider certification; see mobile advisory limitation.,True,False,False,False
mobile/package-lock.json,7812,https://registry.npmjs.org/source-map/-/source-map-0.6.1.tgz,SAFE CONFIGURATION,Reviewed registry/deployment/dependency metadata or documentation. Dependency entries are not evidence of live-provider certification; see mobile advisory limitation.,True,False,False,False
mobile/package-lock.json,7821,https://registry.npmjs.org/split-on-first/-/split-on-first-1.1.0.tgz,SAFE CONFIGURATION,Reviewed registry/deployment/dependency metadata or documentation. Dependency entries are not evidence of live-provider certification; see mobile advisory limitation.,True,False,False,False
mobile/package-lock.json,7830,https://registry.npmjs.org/sprintf-js/-/sprintf-js-1.0.3.tgz,SAFE CONFIGURATION,Reviewed registry/deployment/dependency metadata or documentation. Dependency entries are not evidence of live-provider certification; see mobile advisory limitation.,True,False,False,False
mobile/package-lock.json,7836,https://registry.npmjs.org/stack-utils/-/stack-utils-2.0.6.tgz,SAFE CONFIGURATION,Reviewed registry/deployment/dependency metadata or documentation. Dependency entries are not evidence of live-provider certification; see mobile advisory limitation.,True,False,False,False
mobile/package-lock.json,7848,https://registry.npmjs.org/escape-string-regexp/-/escape-string-regexp-2.0.0.tgz,SAFE CONFIGURATION,Reviewed registry/deployment/dependency metadata or documentation. Dependency entries are not evidence of live-provider certification; see mobile advisory limitation.,True,False,False,False
mobile/package-lock.json,7857,https://registry.npmjs.org/stackframe/-/stackframe-1.3.4.tgz,SAFE CONFIGURATION,Reviewed registry/deployment/dependency metadata or documentation. Dependency entries are not evidence of live-provider certification; see mobile advisory limitation.,True,False,False,False
mobile/package-lock.json,7863,https://registry.npmjs.org/stacktrace-parser/-/stacktrace-parser-0.1.11.tgz,SAFE CONFIGURATION,Reviewed registry/deployment/dependency metadata or documentation. Dependency entries are not evidence of live-provider certification; see mobile advisory limitation.,True,False,False,False
mobile/package-lock.json,7875,https://registry.npmjs.org/standard-navigation/-/standard-navigation-0.0.8.tgz,SAFE CONFIGURATION,Reviewed registry/deployment/dependency metadata or documentation. Dependency entries are not evidence of live-provider certification; see mobile advisory limitation.,True,False,False,False
mobile/package-lock.json,7884,https://registry.npmjs.org/statuses/-/statuses-1.5.0.tgz,SAFE CONFIGURATION,Reviewed registry/deployment/dependency metadata or documentation. Dependency entries are not evidence of live-provider certification; see mobile advisory limitation.,True,False,False,False
mobile/package-lock.json,7893,https://registry.npmjs.org/stream-buffers/-/stream-buffers-2.2.0.tgz,SAFE CONFIGURATION,Reviewed registry/deployment/dependency metadata or documentation. Dependency entries are not evidence of live-provider certification; see mobile advisory limitation.,True,False,False,False
mobile/package-lock.json,7902,https://registry.npmjs.org/strict-uri-encode/-/strict-uri-encode-2.0.0.tgz,SAFE CONFIGURATION,Reviewed registry/deployment/dependency metadata or documentation. Dependency entries are not evidence of live-provider certification; see mobile advisory limitation.,True,False,False,False
mobile/package-lock.json,7911,https://registry.npmjs.org/string-width/-/string-width-4.2.3.tgz,SAFE CONFIGURATION,Reviewed registry/deployment/dependency metadata or documentation. Dependency entries are not evidence of live-provider certification; see mobile advisory limitation.,True,False,False,False
mobile/package-lock.json,7925,https://registry.npmjs.org/strip-ansi/-/strip-ansi-6.0.1.tgz,SAFE CONFIGURATION,Reviewed registry/deployment/dependency metadata or documentation. Dependency entries are not evidence of live-provider certification; see mobile advisory limitation.,True,False,False,False
mobile/package-lock.json,7937,https://registry.npmjs.org/structured-headers/-/structured-headers-0.4.1.tgz,SAFE CONFIGURATION,Reviewed registry/deployment/dependency metadata or documentation. Dependency entries are not evidence of live-provider certification; see mobile advisory limitation.,True,False,False,False
mobile/package-lock.json,7943,https://registry.npmjs.org/styleq/-/styleq-0.1.3.tgz,SAFE CONFIGURATION,Reviewed registry/deployment/dependency metadata or documentation. Dependency entries are not evidence of live-provider certification; see mobile advisory limitation.,True,False,False,False
mobile/package-lock.json,7949,https://registry.npmjs.org/supports-color/-/supports-color-7.2.0.tgz,SAFE CONFIGURATION,Reviewed registry/deployment/dependency metadata or documentation. Dependency entries are not evidence of live-provider certification; see mobile advisory limitation.,True,False,False,False
mobile/package-lock.json,7961,https://registry.npmjs.org/supports-hyperlinks/-/supports-hyperlinks-2.3.0.tgz,SAFE CONFIGURATION,Reviewed registry/deployment/dependency metadata or documentation. Dependency entries are not evidence of live-provider certification; see mobile advisory limitation.,True,False,False,False
mobile/package-lock.json,7974,https://registry.npmjs.org/supports-preserve-symlinks-flag/-/supports-preserve-symlinks-flag-1.0.0.tgz,SAFE CONFIGURATION,Reviewed registry/deployment/dependency metadata or documentation. Dependency entries are not evidence of live-provider certification; see mobile advisory limitation.,True,False,False,False
mobile/package-lock.json,7981,https://github.com/sponsors/ljharb,SAFE CONFIGURATION,Reviewed registry/deployment/dependency metadata or documentation. Dependency entries are not evidence of live-provider certification; see mobile advisory limitation.,True,False,False,False
mobile/package-lock.json,7986,https://registry.npmjs.org/terminal-link/-/terminal-link-2.1.1.tgz,SAFE CONFIGURATION,Reviewed registry/deployment/dependency metadata or documentation. Dependency entries are not evidence of live-provider certification; see mobile advisory limitation.,True,False,False,False
mobile/package-lock.json,7997,https://github.com/sponsors/sindresorhus,SAFE CONFIGURATION,Reviewed registry/deployment/dependency metadata or documentation. Dependency entries are not evidence of live-provider certification; see mobile advisory limitation.,True,False,False,False
mobile/package-lock.json,8002,https://registry.npmjs.org/terser/-/terser-5.51.2.tgz,SAFE CONFIGURATION,Reviewed registry/deployment/dependency metadata or documentation. Dependency entries are not evidence of live-provider certification; see mobile advisory limitation.,True,False,False,False
mobile/package-lock.json,8020,https://registry.npmjs.org/commander/-/commander-2.20.3.tgz,SAFE CONFIGURATION,Reviewed registry/deployment/dependency metadata or documentation. Dependency entries are not evidence of live-provider certification; see mobile advisory limitation.,True,False,False,False
mobile/package-lock.json,8026,https://registry.npmjs.org/test-exclude/-/test-exclude-6.0.0.tgz,SAFE CONFIGURATION,Reviewed registry/deployment/dependency metadata or documentation. Dependency entries are not evidence of live-provider certification; see mobile advisory limitation.,True,False,False,False
mobile/package-lock.json,8040,https://registry.npmjs.org/balanced-match/-/balanced-match-1.0.2.tgz,SAFE CONFIGURATION,Reviewed registry/deployment/dependency metadata or documentation. Dependency entries are not evidence of live-provider certification; see mobile advisory limitation.,True,False,False,False
mobile/package-lock.json,8046,https://registry.npmjs.org/brace-expansion/-/brace-expansion-1.1.21.tgz,SAFE CONFIGURATION,Reviewed registry/deployment/dependency metadata or documentation. Dependency entries are not evidence of live-provider certification; see mobile advisory limitation.,True,False,False,False
mobile/package-lock.json,8056,https://registry.npmjs.org/glob/-/glob-7.2.3.tgz,SAFE CONFIGURATION,Reviewed registry/deployment/dependency metadata or documentation. Dependency entries are not evidence of live-provider certification; see mobile advisory limitation.,True,False,False,False
mobile/package-lock.json,8072,https://github.com/sponsors/isaacs,SAFE CONFIGURATION,Reviewed registry/deployment/dependency metadata or documentation. Dependency entries are not evidence of live-provider certification; see mobile advisory limitation.,True,False,False,False
mobile/package-lock.json,8077,https://registry.npmjs.org/minimatch/-/minimatch-3.1.5.tgz,SAFE CONFIGURATION,Reviewed registry/deployment/dependency metadata or documentation. Dependency entries are not evidence of live-provider certification; see mobile advisory limitation.,True,False,False,False
mobile/package-lock.json,8089,https://registry.npmjs.org/throat/-/throat-5.0.0.tgz,SAFE CONFIGURATION,Reviewed registry/deployment/dependency metadata or documentation. Dependency entries are not evidence of live-provider certification; see mobile advisory limitation.,True,False,False,False
mobile/package-lock.json,8095,https://registry.npmjs.org/tmpl/-/tmpl-1.0.5.tgz,SAFE CONFIGURATION,Reviewed registry/deployment/dependency metadata or documentation. Dependency entries are not evidence of live-provider certification; see mobile advisory limitation.,True,False,False,False
mobile/package-lock.json,8101,https://registry.npmjs.org/to-regex-range/-/to-regex-range-5.0.1.tgz,SAFE CONFIGURATION,Reviewed registry/deployment/dependency metadata or documentation. Dependency entries are not evidence of live-provider certification; see mobile advisory limitation.,True,False,False,False
mobile/package-lock.json,8113,https://registry.npmjs.org/toidentifier/-/toidentifier-1.0.1.tgz,SAFE CONFIGURATION,Reviewed registry/deployment/dependency metadata or documentation. Dependency entries are not evidence of live-provider certification; see mobile advisory limitation.,True,False,False,False
mobile/package-lock.json,8122,https://registry.npmjs.org/toqr/-/toqr-0.1.1.tgz,SAFE CONFIGURATION,Reviewed registry/deployment/dependency metadata or documentation. Dependency entries are not evidence of live-provider certification; see mobile advisory limitation.,True,False,False,False
mobile/package-lock.json,8128,https://registry.npmjs.org/tr46/-/tr46-0.0.3.tgz,SAFE CONFIGURATION,Reviewed registry/deployment/dependency metadata or documentation. Dependency entries are not evidence of live-provider certification; see mobile advisory limitation.,True,False,False,False
mobile/package-lock.json,8134,https://registry.npmjs.org/tslib/-/tslib-2.8.1.tgz,SAFE CONFIGURATION,Reviewed registry/deployment/dependency metadata or documentation. Dependency entries are not evidence of live-provider certification; see mobile advisory limitation.,True,False,False,False
mobile/package-lock.json,8140,https://registry.npmjs.org/type-detect/-/type-detect-4.0.8.tgz,SAFE CONFIGURATION,Reviewed registry/deployment/dependency metadata or documentation. Dependency entries are not evidence of live-provider certification; see mobile advisory limitation.,True,False,False,False
mobile/package-lock.json,8149,https://registry.npmjs.org/type-fest/-/type-fest-0.7.1.tgz,SAFE CONFIGURATION,Reviewed registry/deployment/dependency metadata or documentation. Dependency entries are not evidence of live-provider certification; see mobile advisory limitation.,True,False,False,False
mobile/package-lock.json,8158,https://registry.npmjs.org/typescript/-/typescript-5.9.3.tgz,SAFE CONFIGURATION,Reviewed registry/deployment/dependency metadata or documentation. Dependency entries are not evidence of live-provider certification; see mobile advisory limitation.,True,False,False,False
mobile/package-lock.json,8172,https://registry.npmjs.org/ua-parser-js/-/ua-parser-js-1.0.41.tgz,SAFE CONFIGURATION,Reviewed registry/deployment/dependency metadata or documentation. Dependency entries are not evidence of live-provider certification; see mobile advisory limitation.,True,False,False,False
mobile/package-lock.json,8177,https://opencollective.com/ua-parser-js,SAFE CONFIGURATION,Reviewed registry/deployment/dependency metadata or documentation. Dependency entries are not evidence of live-provider certification; see mobile advisory limitation.,True,False,False,False
mobile/package-lock.json,8181,https://paypal.me/faisalman,SAFE CONFIGURATION,Reviewed registry/deployment/dependency metadata or documentation. Dependency entries are not evidence of live-provider certification; see mobile advisory limitation.,True,False,False,False
mobile/package-lock.json,8185,https://github.com/sponsors/faisalman,SAFE CONFIGURATION,Reviewed registry/deployment/dependency metadata or documentation. Dependency entries are not evidence of live-provider certification; see mobile advisory limitation.,True,False,False,False
mobile/package-lock.json,8198,https://registry.npmjs.org/undici-types/-/undici-types-8.9.0.tgz,SAFE CONFIGURATION,Reviewed registry/deployment/dependency metadata or documentation. Dependency entries are not evidence of live-provider certification; see mobile advisory limitation.,True,False,False,False
mobile/package-lock.json,8204,https://registry.npmjs.org/unicode-canonical-property-names-ecmascript/-/unicode-canonical-property-names-ecmascript-2.0.1.tgz,SAFE CONFIGURATION,Reviewed registry/deployment/dependency metadata or documentation. Dependency entries are not evidence of live-provider certification; see mobile advisory limitation.,True,False,False,False
mobile/package-lock.json,8213,https://registry.npmjs.org/unicode-match-property-ecmascript/-/unicode-match-property-ecmascript-2.0.0.tgz,SAFE CONFIGURATION,Reviewed registry/deployment/dependency metadata or documentation. Dependency entries are not evidence of live-provider certification; see mobile advisory limitation.,True,False,False,False
mobile/package-lock.json,8226,https://registry.npmjs.org/unicode-match-property-value-ecmascript/-/unicode-match-property-value-ecmascript-2.2.1.tgz,SAFE CONFIGURATION,Reviewed registry/deployment/dependency metadata or documentation. Dependency entries are not evidence of live-provider certification; see mobile advisory limitation.,True,False,False,False
mobile/package-lock.json,8235,https://registry.npmjs.org/unicode-property-aliases-ecmascript/-/unicode-property-aliases-ecmascript-2.2.0.tgz,SAFE CONFIGURATION,Reviewed registry/deployment/dependency metadata or documentation. Dependency entries are not evidence of live-provider certification; see mobile advisory limitation.,True,False,False,False
mobile/package-lock.json,8244,https://registry.npmjs.org/unpipe/-/unpipe-1.0.0.tgz,SAFE CONFIGURATION,Reviewed registry/deployment/dependency metadata or documentation. Dependency entries are not evidence of live-provider certification; see mobile advisory limitation.,True,False,False,False
mobile/package-lock.json,8253,https://registry.npmjs.org/update-browserslist-db/-/update-browserslist-db-1.3.3.tgz,SAFE CONFIGURATION,Reviewed registry/deployment/dependency metadata or documentation. Dependency entries are not evidence of live-provider certification; see mobile advisory limitation.,True,False,False,False
mobile/package-lock.json,8258,https://opencollective.com/browserslist,SAFE CONFIGURATION,Reviewed registry/deployment/dependency metadata or documentation. Dependency entries are not evidence of live-provider certification; see mobile advisory limitation.,True,False,False,False
mobile/package-lock.json,8262,https://tidelift.com/funding/github/npm/browserslist,SAFE CONFIGURATION,Reviewed registry/deployment/dependency metadata or documentation. Dependency entries are not evidence of live-provider certification; see mobile advisory limitation.,True,False,False,False
mobile/package-lock.json,8266,https://github.com/sponsors/ai,SAFE CONFIGURATION,Reviewed registry/deployment/dependency metadata or documentation. Dependency entries are not evidence of live-provider certification; see mobile advisory limitation.,True,False,False,False
mobile/package-lock.json,8283,https://registry.npmjs.org/use-callback-ref/-/use-callback-ref-1.3.3.tgz,SAFE CONFIGURATION,Reviewed registry/deployment/dependency metadata or documentation. Dependency entries are not evidence of live-provider certification; see mobile advisory limitation.,True,False,False,False
mobile/package-lock.json,8304,https://registry.npmjs.org/use-latest-callback/-/use-latest-callback-0.2.6.tgz,SAFE CONFIGURATION,Reviewed registry/deployment/dependency metadata or documentation. Dependency entries are not evidence of live-provider certification; see mobile advisory limitation.,True,False,False,False
mobile/package-lock.json,8313,https://registry.npmjs.org/use-sidecar/-/use-sidecar-1.1.3.tgz,SAFE CONFIGURATION,Reviewed registry/deployment/dependency metadata or documentation. Dependency entries are not evidence of live-provider certification; see mobile advisory limitation.,True,False,False,False
mobile/package-lock.json,8335,https://registry.npmjs.org/use-sync-external-store/-/use-sync-external-store-1.7.0.tgz,SAFE CONFIGURATION,Reviewed registry/deployment/dependency metadata or documentation. Dependency entries are not evidence of live-provider certification; see mobile advisory limitation.,True,False,False,False
mobile/package-lock.json,8344,https://registry.npmjs.org/utils-merge/-/utils-merge-1.0.1.tgz,SAFE CONFIGURATION,Reviewed registry/deployment/dependency metadata or documentation. Dependency entries are not evidence of live-provider certification; see mobile advisory limitation.,True,False,False,False
mobile/package-lock.json,8353,https://registry.npmjs.org/uuid/-/uuid-11.1.1.tgz,SAFE CONFIGURATION,Reviewed registry/deployment/dependency metadata or documentation. Dependency entries are not evidence of live-provider certification; see mobile advisory limitation.,True,False,False,False
mobile/package-lock.json,8356,https://github.com/sponsors/broofa,SAFE CONFIGURATION,Reviewed registry/deployment/dependency metadata or documentation. Dependency entries are not evidence of live-provider certification; see mobile advisory limitation.,True,False,False,False
mobile/package-lock.json,8357,https://github.com/sponsors/ctavan,SAFE CONFIGURATION,Reviewed registry/deployment/dependency metadata or documentation. Dependency entries are not evidence of live-provider certification; see mobile advisory limitation.,True,False,False,False
mobile/package-lock.json,8366,https://registry.npmjs.org/validate-npm-package-name/-/validate-npm-package-name-5.0.1.tgz,SAFE CONFIGURATION,Reviewed registry/deployment/dependency metadata or documentation. Dependency entries are not evidence of live-provider certification; see mobile advisory limitation.,True,False,False,False
mobile/package-lock.json,8375,https://registry.npmjs.org/vary/-/vary-1.1.2.tgz,SAFE CONFIGURATION,Reviewed registry/deployment/dependency metadata or documentation. Dependency entries are not evidence of live-provider certification; see mobile advisory limitation.,True,False,False,False
mobile/package-lock.json,8384,https://registry.npmjs.org/vaul/-/vaul-1.1.2.tgz,SAFE CONFIGURATION,Reviewed registry/deployment/dependency metadata or documentation. Dependency entries are not evidence of live-provider certification; see mobile advisory limitation.,True,False,False,False
mobile/package-lock.json,8397,https://registry.npmjs.org/@radix-ui/react-dialog/-/react-dialog-1.1.23.tgz,SAFE CONFIGURATION,Reviewed registry/deployment/dependency metadata or documentation. Dependency entries are not evidence of live-provider certification; see mobile advisory limitation.,True,False,False,False
mobile/package-lock.json,8434,https://registry.npmjs.org/@radix-ui/react-dismissable-layer/-/react-dismissable-layer-1.1.19.tgz,SAFE CONFIGURATION,Reviewed registry/deployment/dependency metadata or documentation. Dependency entries are not evidence of live-provider certification; see mobile advisory limitation.,True,False,False,False
mobile/package-lock.json,8461,https://registry.npmjs.org/@radix-ui/react-focus-scope/-/react-focus-scope-1.1.16.tgz,SAFE CONFIGURATION,Reviewed registry/deployment/dependency metadata or documentation. Dependency entries are not evidence of live-provider certification; see mobile advisory limitation.,True,False,False,False
mobile/package-lock.json,8486,https://registry.npmjs.org/@radix-ui/react-portal/-/react-portal-1.1.17.tgz,SAFE CONFIGURATION,Reviewed registry/deployment/dependency metadata or documentation. Dependency entries are not evidence of live-provider certification; see mobile advisory limitation.,True,False,False,False
mobile/package-lock.json,8510,https://registry.npmjs.org/@radix-ui/react-presence/-/react-presence-1.1.10.tgz,SAFE CONFIGURATION,Reviewed registry/deployment/dependency metadata or documentation. Dependency entries are not evidence of live-provider certification; see mobile advisory limitation.,True,False,False,False
mobile/package-lock.json,8533,https://registry.npmjs.org/@radix-ui/react-primitive/-/react-primitive-2.1.10.tgz,SAFE CONFIGURATION,Reviewed registry/deployment/dependency metadata or documentation. Dependency entries are not evidence of live-provider certification; see mobile advisory limitation.,True,False,False,False
mobile/package-lock.json,8556,https://registry.npmjs.org/vlq/-/vlq-1.0.1.tgz,SAFE CONFIGURATION,Reviewed registry/deployment/dependency metadata or documentation. Dependency entries are not evidence of live-provider certification; see mobile advisory limitation.,True,False,False,False
mobile/package-lock.json,8562,https://registry.npmjs.org/walker/-/walker-1.0.8.tgz,SAFE CONFIGURATION,Reviewed registry/deployment/dependency metadata or documentation. Dependency entries are not evidence of live-provider certification; see mobile advisory limitation.,True,False,False,False
mobile/package-lock.json,8571,https://registry.npmjs.org/warn-once/-/warn-once-0.1.1.tgz,SAFE CONFIGURATION,Reviewed registry/deployment/dependency metadata or documentation. Dependency entries are not evidence of live-provider certification; see mobile advisory limitation.,True,False,False,False
mobile/package-lock.json,8577,https://registry.npmjs.org/wcwidth/-/wcwidth-1.0.1.tgz,SAFE CONFIGURATION,Reviewed registry/deployment/dependency metadata or documentation. Dependency entries are not evidence of live-provider certification; see mobile advisory limitation.,True,False,False,False
mobile/package-lock.json,8586,https://registry.npmjs.org/webidl-conversions/-/webidl-conversions-3.0.1.tgz,SAFE CONFIGURATION,Reviewed registry/deployment/dependency metadata or documentation. Dependency entries are not evidence of live-provider certification; see mobile advisory limitation.,True,False,False,False
mobile/package-lock.json,8592,https://registry.npmjs.org/whatwg-fetch/-/whatwg-fetch-3.6.20.tgz,SAFE CONFIGURATION,Reviewed registry/deployment/dependency metadata or documentation. Dependency entries are not evidence of live-provider certification; see mobile advisory limitation.,True,False,False,False
mobile/package-lock.json,8598,https://registry.npmjs.org/whatwg-url/-/whatwg-url-5.0.0.tgz,SAFE CONFIGURATION,Reviewed registry/deployment/dependency metadata or documentation. Dependency entries are not evidence of live-provider certification; see mobile advisory limitation.,True,False,False,False
mobile/package-lock.json,8608,https://registry.npmjs.org/whatwg-url-minimum/-/whatwg-url-minimum-0.1.2.tgz,SAFE CONFIGURATION,Reviewed registry/deployment/dependency metadata or documentation. Dependency entries are not evidence of live-provider certification; see mobile advisory limitation.,True,False,False,False
mobile/package-lock.json,8614,https://registry.npmjs.org/which/-/which-2.0.2.tgz,SAFE CONFIGURATION,Reviewed registry/deployment/dependency metadata or documentation. Dependency entries are not evidence of live-provider certification; see mobile advisory limitation.,True,False,False,False
mobile/package-lock.json,8629,https://registry.npmjs.org/wrap-ansi/-/wrap-ansi-7.0.0.tgz,SAFE CONFIGURATION,Reviewed registry/deployment/dependency metadata or documentation. Dependency entries are not evidence of live-provider certification; see mobile advisory limitation.,True,False,False,False
mobile/package-lock.json,8641,https://github.com/chalk/wrap-ansi?sponsor=1,SAFE CONFIGURATION,Reviewed registry/deployment/dependency metadata or documentation. Dependency entries are not evidence of live-provider certification; see mobile advisory limitation.,True,False,False,False
mobile/package-lock.json,8646,https://registry.npmjs.org/wrappy/-/wrappy-1.0.2.tgz,SAFE CONFIGURATION,Reviewed registry/deployment/dependency metadata or documentation. Dependency entries are not evidence of live-provider certification; see mobile advisory limitation.,True,False,False,False
mobile/package-lock.json,8652,https://registry.npmjs.org/write-file-atomic/-/write-file-atomic-4.0.2.tgz,SAFE CONFIGURATION,Reviewed registry/deployment/dependency metadata or documentation. Dependency entries are not evidence of live-provider certification; see mobile advisory limitation.,True,False,False,False
mobile/package-lock.json,8665,https://registry.npmjs.org/ws/-/ws-7.5.13.tgz,SAFE CONFIGURATION,Reviewed registry/deployment/dependency metadata or documentation. Dependency entries are not evidence of live-provider certification; see mobile advisory limitation.,True,False,False,False
mobile/package-lock.json,8686,https://registry.npmjs.org/xcode/-/xcode-3.0.1.tgz,SAFE CONFIGURATION,Reviewed registry/deployment/dependency metadata or documentation. Dependency entries are not evidence of live-provider certification; see mobile advisory limitation.,True,False,False,False
mobile/package-lock.json,8699,https://registry.npmjs.org/xml2js/-/xml2js-0.6.0.tgz,SAFE CONFIGURATION,Reviewed registry/deployment/dependency metadata or documentation. Dependency entries are not evidence of live-provider certification; see mobile advisory limitation.,True,False,False,False
mobile/package-lock.json,8712,https://registry.npmjs.org/xmlbuilder/-/xmlbuilder-11.0.1.tgz,SAFE CONFIGURATION,Reviewed registry/deployment/dependency metadata or documentation. Dependency entries are not evidence of live-provider certification; see mobile advisory limitation.,True,False,False,False
mobile/package-lock.json,8721,https://registry.npmjs.org/xmlbuilder/-/xmlbuilder-15.1.1.tgz,SAFE CONFIGURATION,Reviewed registry/deployment/dependency metadata or documentation. Dependency entries are not evidence of live-provider certification; see mobile advisory limitation.,True,False,False,False
mobile/package-lock.json,8730,https://registry.npmjs.org/y18n/-/y18n-5.0.8.tgz,SAFE CONFIGURATION,Reviewed registry/deployment/dependency metadata or documentation. Dependency entries are not evidence of live-provider certification; see mobile advisory limitation.,True,False,False,False
mobile/package-lock.json,8739,https://registry.npmjs.org/yallist/-/yallist-3.1.1.tgz,SAFE CONFIGURATION,Reviewed registry/deployment/dependency metadata or documentation. Dependency entries are not evidence of live-provider certification; see mobile advisory limitation.,True,False,False,False
mobile/package-lock.json,8745,https://registry.npmjs.org/yaml/-/yaml-2.9.1.tgz,SAFE CONFIGURATION,Reviewed registry/deployment/dependency metadata or documentation. Dependency entries are not evidence of live-provider certification; see mobile advisory limitation.,True,False,False,False
mobile/package-lock.json,8755,https://github.com/sponsors/eemeli,SAFE CONFIGURATION,Reviewed registry/deployment/dependency metadata or documentation. Dependency entries are not evidence of live-provider certification; see mobile advisory limitation.,True,False,False,False
mobile/package-lock.json,8760,https://registry.npmjs.org/yargs/-/yargs-17.7.3.tgz,SAFE CONFIGURATION,Reviewed registry/deployment/dependency metadata or documentation. Dependency entries are not evidence of live-provider certification; see mobile advisory limitation.,True,False,False,False
mobile/package-lock.json,8778,https://registry.npmjs.org/yargs-parser/-/yargs-parser-21.1.1.tgz,SAFE CONFIGURATION,Reviewed registry/deployment/dependency metadata or documentation. Dependency entries are not evidence of live-provider certification; see mobile advisory limitation.,True,False,False,False
mobile/package-lock.json,8787,https://registry.npmjs.org/zod/-/zod-3.25.76.tgz,SAFE CONFIGURATION,Reviewed registry/deployment/dependency metadata or documentation. Dependency entries are not evidence of live-provider certification; see mobile advisory limitation.,True,False,False,False
mobile/package-lock.json,8791,https://github.com/sponsors/colinhacks,SAFE CONFIGURATION,Reviewed registry/deployment/dependency metadata or documentation. Dependency entries are not evidence of live-provider certification; see mobile advisory limitation.,True,False,False,False
mobile/package.json,5,expo,SAFE CONFIGURATION,Reviewed registry/deployment/dependency metadata or documentation. Dependency entries are not evidence of live-provider certification; see mobile advisory limitation.,True,False,False,False
mobile/package.json,7,expo,SAFE CONFIGURATION,Reviewed registry/deployment/dependency metadata or documentation. Dependency entries are not evidence of live-provider certification; see mobile advisory limitation.,True,False,False,False
mobile/package.json,8,expo,SAFE CONFIGURATION,Reviewed registry/deployment/dependency metadata or documentation. Dependency entries are not evidence of live-provider certification; see mobile advisory limitation.,True,False,False,False
mobile/package.json,9,expo,SAFE CONFIGURATION,Reviewed registry/deployment/dependency metadata or documentation. Dependency entries are not evidence of live-provider certification; see mobile advisory limitation.,True,False,False,False
mobile/package.json,10,expo,SAFE CONFIGURATION,Reviewed registry/deployment/dependency metadata or documentation. Dependency entries are not evidence of live-provider certification; see mobile advisory limitation.,True,False,False,False
mobile/package.json,14,expo,SAFE CONFIGURATION,Reviewed registry/deployment/dependency metadata or documentation. Dependency entries are not evidence of live-provider certification; see mobile advisory limitation.,True,False,False,False
mobile/package.json,15,expo,SAFE CONFIGURATION,Reviewed registry/deployment/dependency metadata or documentation. Dependency entries are not evidence of live-provider certification; see mobile advisory limitation.,True,False,False,False
mobile/package.json,16,expo,SAFE CONFIGURATION,Reviewed registry/deployment/dependency metadata or documentation. Dependency entries are not evidence of live-provider certification; see mobile advisory limitation.,True,False,False,False
mobile/package.json,17,expo,SAFE CONFIGURATION,Reviewed registry/deployment/dependency metadata or documentation. Dependency entries are not evidence of live-provider certification; see mobile advisory limitation.,True,False,False,False
mobile/package.json,22,expo,SAFE CONFIGURATION,Reviewed registry/deployment/dependency metadata or documentation. Dependency entries are not evidence of live-provider certification; see mobile advisory limitation.,True,False,False,False
mobile/src/auth.ts,1,expo,SAFE CONFIGURATION,"Configured API origin, platform SDK import, protocol/interface documentation, placeholder URL, or standard namespace. No hard-coded server financial behavior.",True,False,False,False
mobile/src/cart.ts,1,expo,SAFE CONFIGURATION,"Configured API origin, platform SDK import, protocol/interface documentation, placeholder URL, or standard namespace. No hard-coded server financial behavior.",True,False,False,False
mobile/src/payment-queue.ts,1,expo,SAFE CONFIGURATION,"Configured API origin, platform SDK import, protocol/interface documentation, placeholder URL, or standard namespace. No hard-coded server financial behavior.",True,False,False,False
mobile/tsconfig.json,2,expo,SAFE CONFIGURATION,Reviewed registry/deployment/dependency metadata or documentation. Dependency entries are not evidence of live-provider certification; see mobile advisory limitation.,True,False,False,False
package-lock.json,57,https://registry.npmjs.org/@babel/code-frame/-/code-frame-7.29.7.tgz,SAFE CONFIGURATION,Reviewed registry/deployment/dependency metadata or documentation. Dependency entries are not evidence of live-provider certification; see mobile advisory limitation.,True,False,False,False
package-lock.json,71,https://registry.npmjs.org/@babel/compat-data/-/compat-data-7.29.7.tgz,SAFE CONFIGURATION,Reviewed registry/deployment/dependency metadata or documentation. Dependency entries are not evidence of live-provider certification; see mobile advisory limitation.,True,False,False,False
package-lock.json,80,https://registry.npmjs.org/@babel/core/-/core-7.29.7.tgz,SAFE CONFIGURATION,Reviewed registry/deployment/dependency metadata or documentation. Dependency entries are not evidence of live-provider certification; see mobile advisory limitation.,True,False,False,False
package-lock.json,105,https://opencollective.com/babel,SAFE CONFIGURATION,Reviewed registry/deployment/dependency metadata or documentation. Dependency entries are not evidence of live-provider certification; see mobile advisory limitation.,True,False,False,False
package-lock.json,110,https://registry.npmjs.org/@babel/generator/-/generator-7.29.8.tgz,SAFE CONFIGURATION,Reviewed registry/deployment/dependency metadata or documentation. Dependency entries are not evidence of live-provider certification; see mobile advisory limitation.,True,False,False,False
package-lock.json,126,https://registry.npmjs.org/@babel/helper-compilation-targets/-/helper-compilation-targets-7.29.7.tgz,SAFE CONFIGURATION,Reviewed registry/deployment/dependency metadata or documentation. Dependency entries are not evidence of live-provider certification; see mobile advisory limitation.,True,False,False,False
package-lock.json,142,https://registry.npmjs.org/@babel/helper-globals/-/helper-globals-7.29.7.tgz,SAFE CONFIGURATION,Reviewed registry/deployment/dependency metadata or documentation. Dependency entries are not evidence of live-provider certification; see mobile advisory limitation.,True,False,False,False
package-lock.json,151,https://registry.npmjs.org/@babel/helper-module-imports/-/helper-module-imports-7.29.7.tgz,SAFE CONFIGURATION,Reviewed registry/deployment/dependency metadata or documentation. Dependency entries are not evidence of live-provider certification; see mobile advisory limitation.,True,False,False,False
package-lock.json,164,https://registry.npmjs.org/@babel/helper-module-transforms/-/helper-module-transforms-7.29.7.tgz,SAFE CONFIGURATION,Reviewed registry/deployment/dependency metadata or documentation. Dependency entries are not evidence of live-provider certification; see mobile advisory limitation.,True,False,False,False
package-lock.json,181,https://registry.npmjs.org/@babel/helper-plugin-utils/-/helper-plugin-utils-7.29.7.tgz,SAFE CONFIGURATION,Reviewed registry/deployment/dependency metadata or documentation. Dependency entries are not evidence of live-provider certification; see mobile advisory limitation.,True,False,False,False
package-lock.json,191,https://registry.npmjs.org/@babel/helper-string-parser/-/helper-string-parser-7.29.7.tgz,SAFE CONFIGURATION,Reviewed registry/deployment/dependency metadata or documentation. Dependency entries are not evidence of live-provider certification; see mobile advisory limitation.,True,False,False,False
package-lock.json,200,https://registry.npmjs.org/@babel/helper-validator-identifier/-/helper-validator-identifier-7.29.7.tgz,SAFE CONFIGURATION,Reviewed registry/deployment/dependency metadata or documentation. Dependency entries are not evidence of live-provider certification; see mobile advisory limitation.,True,False,False,False
package-lock.json,209,https://registry.npmjs.org/@babel/helper-validator-option/-/helper-validator-option-7.29.7.tgz,SAFE CONFIGURATION,Reviewed registry/deployment/dependency metadata or documentation. Dependency entries are not evidence of live-provider certification; see mobile advisory limitation.,True,False,False,False
package-lock.json,218,https://registry.npmjs.org/@babel/helpers/-/helpers-7.29.7.tgz,SAFE CONFIGURATION,Reviewed registry/deployment/dependency metadata or documentation. Dependency entries are not evidence of live-provider certification; see mobile advisory limitation.,True,False,False,False
package-lock.json,231,https://registry.npmjs.org/@babel/parser/-/parser-7.29.8.tgz,SAFE CONFIGURATION,Reviewed registry/deployment/dependency metadata or documentation. Dependency entries are not evidence of live-provider certification; see mobile advisory limitation.,True,False,False,False
package-lock.json,246,https://registry.npmjs.org/@babel/plugin-transform-react-jsx-self/-/plugin-transform-react-jsx-self-7.29.7.tgz,SAFE CONFIGURATION,Reviewed registry/deployment/dependency metadata or documentation. Dependency entries are not evidence of live-provider certification; see mobile advisory limitation.,True,False,False,False
package-lock.json,262,https://registry.npmjs.org/@babel/plugin-transform-react-jsx-source/-/plugin-transform-react-jsx-source-7.29.7.tgz,SAFE CONFIGURATION,Reviewed registry/deployment/dependency metadata or documentation. Dependency entries are not evidence of live-provider certification; see mobile advisory limitation.,True,False,False,False
package-lock.json,278,https://registry.npmjs.org/@babel/template/-/template-7.29.7.tgz,SAFE CONFIGURATION,Reviewed registry/deployment/dependency metadata or documentation. Dependency entries are not evidence of live-provider certification; see mobile advisory limitation.,True,False,False,False
package-lock.json,292,https://registry.npmjs.org/@babel/traverse/-/traverse-7.29.8.tgz,SAFE CONFIGURATION,Reviewed registry/deployment/dependency metadata or documentation. Dependency entries are not evidence of live-provider certification; see mobile advisory limitation.,True,False,False,False
package-lock.json,310,https://registry.npmjs.org/@babel/types/-/types-7.29.8.tgz,SAFE CONFIGURATION,Reviewed registry/deployment/dependency metadata or documentation. Dependency entries are not evidence of live-provider certification; see mobile advisory limitation.,True,False,False,False
package-lock.json,323,https://registry.npmjs.org/@better-auth/core/-/core-1.7.6.tgz,SAFE CONFIGURATION,Reviewed registry/deployment/dependency metadata or documentation. Dependency entries are not evidence of live-provider certification; see mobile advisory limitation.,True,False,False,False
package-lock.json,333,cloudflare,SAFE CONFIGURATION,Reviewed registry/deployment/dependency metadata or documentation. Dependency entries are not evidence of live-provider certification; see mobile advisory limitation.,True,False,False,False
package-lock.json,341,cloudflare,SAFE CONFIGURATION,Reviewed registry/deployment/dependency metadata or documentation. Dependency entries are not evidence of live-provider certification; see mobile advisory limitation.,True,False,False,False
package-lock.json,351,https://registry.npmjs.org/@better-auth/drizzle-adapter/-/drizzle-adapter-1.7.6.tgz,SAFE CONFIGURATION,Reviewed registry/deployment/dependency metadata or documentation. Dependency entries are not evidence of live-provider certification; see mobile advisory limitation.,True,False,False,False
package-lock.json,366,https://registry.npmjs.org/@better-auth/kysely-adapter/-/kysely-adapter-1.7.6.tgz,SAFE CONFIGURATION,Reviewed registry/deployment/dependency metadata or documentation. Dependency entries are not evidence of live-provider certification; see mobile advisory limitation.,True,False,False,False
package-lock.json,381,https://registry.npmjs.org/@better-auth/memory-adapter/-/memory-adapter-1.7.6.tgz,SAFE CONFIGURATION,Reviewed registry/deployment/dependency metadata or documentation. Dependency entries are not evidence of live-provider certification; see mobile advisory limitation.,True,False,False,False
package-lock.json,390,https://registry.npmjs.org/@better-auth/mongo-adapter/-/mongo-adapter-1.7.6.tgz,SAFE CONFIGURATION,Reviewed registry/deployment/dependency metadata or documentation. Dependency entries are not evidence of live-provider certification; see mobile advisory limitation.,True,False,False,False
package-lock.json,405,https://registry.npmjs.org/@better-auth/prisma-adapter/-/prisma-adapter-1.7.6.tgz,SAFE CONFIGURATION,Reviewed registry/deployment/dependency metadata or documentation. Dependency entries are not evidence of live-provider certification; see mobile advisory limitation.,True,False,False,False
package-lock.json,424,https://registry.npmjs.org/@better-auth/telemetry/-/telemetry-1.7.6.tgz,SAFE CONFIGURATION,Reviewed registry/deployment/dependency metadata or documentation. Dependency entries are not evidence of live-provider certification; see mobile advisory limitation.,True,False,False,False
package-lock.json,434,https://registry.npmjs.org/@better-auth/utils/-/utils-0.4.2.tgz,SAFE CONFIGURATION,Reviewed registry/deployment/dependency metadata or documentation. Dependency entries are not evidence of live-provider certification; see mobile advisory limitation.,True,False,False,False
package-lock.json,443,https://registry.npmjs.org/@better-fetch/fetch/-/fetch-1.3.2.tgz,SAFE CONFIGURATION,Reviewed registry/deployment/dependency metadata or documentation. Dependency entries are not evidence of live-provider certification; see mobile advisory limitation.,True,False,False,False
package-lock.json,448,https://registry.npmjs.org/@electric-sql/pglite/-/pglite-0.5.8.tgz,SAFE CONFIGURATION,Reviewed registry/deployment/dependency metadata or documentation. Dependency entries are not evidence of live-provider certification; see mobile advisory limitation.,True,False,False,False
package-lock.json,454,https://registry.npmjs.org/@eslint-community/eslint-utils/-/eslint-utils-4.10.1.tgz,SAFE CONFIGURATION,Reviewed registry/deployment/dependency metadata or documentation. Dependency entries are not evidence of live-provider certification; see mobile advisory limitation.,True,False,False,False
package-lock.json,465,https://opencollective.com/eslint,SAFE CONFIGURATION,Reviewed registry/deployment/dependency metadata or documentation. Dependency entries are not evidence of live-provider certification; see mobile advisory limitation.,True,False,False,False
package-lock.json,473,https://registry.npmjs.org/eslint-visitor-keys/-/eslint-visitor-keys-3.4.3.tgz,SAFE CONFIGURATION,Reviewed registry/deployment/dependency metadata or documentation. Dependency entries are not evidence of live-provider certification; see mobile advisory limitation.,True,False,False,False
package-lock.json,481,https://opencollective.com/eslint,SAFE CONFIGURATION,Reviewed registry/deployment/dependency metadata or documentation. Dependency entries are not evidence of live-provider certification; see mobile advisory limitation.,True,False,False,False
package-lock.json,486,https://registry.npmjs.org/@eslint-community/regexpp/-/regexpp-4.12.2.tgz,SAFE CONFIGURATION,Reviewed registry/deployment/dependency metadata or documentation. Dependency entries are not evidence of live-provider certification; see mobile advisory limitation.,True,False,False,False
package-lock.json,496,https://registry.npmjs.org/@eslint/config-array/-/config-array-0.21.2.tgz,SAFE CONFIGURATION,Reviewed registry/deployment/dependency metadata or documentation. Dependency entries are not evidence of live-provider certification; see mobile advisory limitation.,True,False,False,False
package-lock.json,511,https://registry.npmjs.org/@eslint/config-helpers/-/config-helpers-0.4.2.tgz,SAFE CONFIGURATION,Reviewed registry/deployment/dependency metadata or documentation. Dependency entries are not evidence of live-provider certification; see mobile advisory limitation.,True,False,False,False
package-lock.json,524,https://registry.npmjs.org/@eslint/core/-/core-0.17.0.tgz,SAFE CONFIGURATION,Reviewed registry/deployment/dependency metadata or documentation. Dependency entries are not evidence of live-provider certification; see mobile advisory limitation.,True,False,False,False
package-lock.json,537,https://registry.npmjs.org/@eslint/eslintrc/-/eslintrc-3.3.7.tgz,SAFE CONFIGURATION,Reviewed registry/deployment/dependency metadata or documentation. Dependency entries are not evidence of live-provider certification; see mobile advisory limitation.,True,False,False,False
package-lock.json,556,https://opencollective.com/eslint,SAFE CONFIGURATION,Reviewed registry/deployment/dependency metadata or documentation. Dependency entries are not evidence of live-provider certification; see mobile advisory limitation.,True,False,False,False
package-lock.json,561,https://registry.npmjs.org/ajv/-/ajv-6.15.0.tgz,SAFE CONFIGURATION,Reviewed registry/deployment/dependency metadata or documentation. Dependency entries are not evidence of live-provider certification; see mobile advisory limitation.,True,False,False,False
package-lock.json,573,https://github.com/sponsors/epoberezkin,SAFE CONFIGURATION,Reviewed registry/deployment/dependency metadata or documentation. Dependency entries are not evidence of live-provider certification; see mobile advisory limitation.,True,False,False,False
package-lock.json,578,https://registry.npmjs.org/json-schema-traverse/-/json-schema-traverse-0.4.1.tgz,SAFE CONFIGURATION,Reviewed registry/deployment/dependency metadata or documentation. Dependency entries are not evidence of live-provider certification; see mobile advisory limitation.,True,False,False,False
package-lock.json,585,https://registry.npmjs.org/globals/-/globals-14.0.0.tgz,SAFE CONFIGURATION,Reviewed registry/deployment/dependency metadata or documentation. Dependency entries are not evidence of live-provider certification; see mobile advisory limitation.,True,False,False,False
package-lock.json,593,https://github.com/sponsors/sindresorhus,SAFE CONFIGURATION,Reviewed registry/deployment/dependency metadata or documentation. Dependency entries are not evidence of live-provider certification; see mobile advisory limitation.,True,False,False,False
package-lock.json,598,https://registry.npmjs.org/@eslint/js/-/js-9.39.5.tgz,SAFE CONFIGURATION,Reviewed registry/deployment/dependency metadata or documentation. Dependency entries are not evidence of live-provider certification; see mobile advisory limitation.,True,False,False,False
package-lock.json,606,https://eslint.org/donate,SAFE CONFIGURATION,Reviewed registry/deployment/dependency metadata or documentation. Dependency entries are not evidence of live-provider certification; see mobile advisory limitation.,True,False,False,False
package-lock.json,611,https://registry.npmjs.org/@eslint/object-schema/-/object-schema-2.1.7.tgz,SAFE CONFIGURATION,Reviewed registry/deployment/dependency metadata or documentation. Dependency entries are not evidence of live-provider certification; see mobile advisory limitation.,True,False,False,False
package-lock.json,621,https://registry.npmjs.org/@eslint/plugin-kit/-/plugin-kit-0.4.1.tgz,SAFE CONFIGURATION,Reviewed registry/deployment/dependency metadata or documentation. Dependency entries are not evidence of live-provider certification; see mobile advisory limitation.,True,False,False,False
package-lock.json,635,https://registry.npmjs.org/@humanfs/core/-/core-0.19.2.tgz,SAFE CONFIGURATION,Reviewed registry/deployment/dependency metadata or documentation. Dependency entries are not evidence of live-provider certification; see mobile advisory limitation.,True,False,False,False
package-lock.json,648,https://registry.npmjs.org/@humanfs/node/-/node-0.16.8.tgz,SAFE CONFIGURATION,Reviewed registry/deployment/dependency metadata or documentation. Dependency entries are not evidence of live-provider certification; see mobile advisory limitation.,True,False,False,False
package-lock.json,663,https://registry.npmjs.org/@humanfs/types/-/types-0.15.0.tgz,SAFE CONFIGURATION,Reviewed registry/deployment/dependency metadata or documentation. Dependency entries are not evidence of live-provider certification; see mobile advisory limitation.,True,False,False,False
package-lock.json,673,https://registry.npmjs.org/@humanwhocodes/module-importer/-/module-importer-1.0.1.tgz,SAFE CONFIGURATION,Reviewed registry/deployment/dependency metadata or documentation. Dependency entries are not evidence of live-provider certification; see mobile advisory limitation.,True,False,False,False
package-lock.json,682,https://github.com/sponsors/nzakas,SAFE CONFIGURATION,Reviewed registry/deployment/dependency metadata or documentation. Dependency entries are not evidence of live-provider certification; see mobile advisory limitation.,True,False,False,False
package-lock.json,687,https://registry.npmjs.org/@humanwhocodes/retry/-/retry-0.4.3.tgz,SAFE CONFIGURATION,Reviewed registry/deployment/dependency metadata or documentation. Dependency entries are not evidence of live-provider certification; see mobile advisory limitation.,True,False,False,False
package-lock.json,696,https://github.com/sponsors/nzakas,SAFE CONFIGURATION,Reviewed registry/deployment/dependency metadata or documentation. Dependency entries are not evidence of live-provider certification; see mobile advisory limitation.,True,False,False,False
package-lock.json,701,https://registry.npmjs.org/@jridgewell/gen-mapping/-/gen-mapping-0.3.13.tgz,SAFE CONFIGURATION,Reviewed registry/deployment/dependency metadata or documentation. Dependency entries are not evidence of live-provider certification; see mobile advisory limitation.,True,False,False,False
package-lock.json,711,https://registry.npmjs.org/@jridgewell/remapping/-/remapping-2.3.5.tgz,SAFE CONFIGURATION,Reviewed registry/deployment/dependency metadata or documentation. Dependency entries are not evidence of live-provider certification; see mobile advisory limitation.,True,False,False,False
package-lock.json,721,https://registry.npmjs.org/@jridgewell/resolve-uri/-/resolve-uri-3.1.2.tgz,SAFE CONFIGURATION,Reviewed registry/deployment/dependency metadata or documentation. Dependency entries are not evidence of live-provider certification; see mobile advisory limitation.,True,False,False,False
package-lock.json,730,https://registry.npmjs.org/@jridgewell/sourcemap-codec/-/sourcemap-codec-1.6.0.tgz,SAFE CONFIGURATION,Reviewed registry/deployment/dependency metadata or documentation. Dependency entries are not evidence of live-provider certification; see mobile advisory limitation.,True,False,False,False
package-lock.json,736,https://registry.npmjs.org/@jridgewell/trace-mapping/-/trace-mapping-0.3.31.tgz,SAFE CONFIGURATION,Reviewed registry/deployment/dependency metadata or documentation. Dependency entries are not evidence of live-provider certification; see mobile advisory limitation.,True,False,False,False
package-lock.json,746,https://registry.npmjs.org/@noble/ciphers/-/ciphers-2.4.0.tgz,SAFE CONFIGURATION,Reviewed registry/deployment/dependency metadata or documentation. Dependency entries are not evidence of live-provider certification; see mobile advisory limitation.,True,False,False,False
package-lock.json,753,https://paulmillr.com/funding/,SAFE CONFIGURATION,Reviewed registry/deployment/dependency metadata or documentation. Dependency entries are not evidence of live-provider certification; see mobile advisory limitation.,True,False,False,False
package-lock.json,758,https://registry.npmjs.org/@noble/hashes/-/hashes-2.4.0.tgz,SAFE CONFIGURATION,Reviewed registry/deployment/dependency metadata or documentation. Dependency entries are not evidence of live-provider certification; see mobile advisory limitation.,True,False,False,False
package-lock.json,765,https://paulmillr.com/funding/,SAFE CONFIGURATION,Reviewed registry/deployment/dependency metadata or documentation. Dependency entries are not evidence of live-provider certification; see mobile advisory limitation.,True,False,False,False
package-lock.json,770,https://registry.npmjs.org/@oozcitak/dom/-/dom-2.0.2.tgz,SAFE CONFIGURATION,Reviewed registry/deployment/dependency metadata or documentation. Dependency entries are not evidence of live-provider certification; see mobile advisory limitation.,True,False,False,False
package-lock.json,784,https://registry.npmjs.org/@oozcitak/infra/-/infra-2.0.2.tgz,SAFE CONFIGURATION,Reviewed registry/deployment/dependency metadata or documentation. Dependency entries are not evidence of live-provider certification; see mobile advisory limitation.,True,False,False,False
package-lock.json,796,https://registry.npmjs.org/@oozcitak/url/-/url-3.0.0.tgz,SAFE CONFIGURATION,Reviewed registry/deployment/dependency metadata or documentation. Dependency entries are not evidence of live-provider certification; see mobile advisory limitation.,True,False,False,False
package-lock.json,809,https://registry.npmjs.org/@oozcitak/util/-/util-10.0.0.tgz,SAFE CONFIGURATION,Reviewed registry/deployment/dependency metadata or documentation. Dependency entries are not evidence of live-provider certification; see mobile advisory limitation.,True,False,False,False
package-lock.json,818,https://registry.npmjs.org/@opentelemetry/semantic-conventions/-/semantic-conventions-1.43.0.tgz,SAFE CONFIGURATION,Reviewed registry/deployment/dependency metadata or documentation. Dependency entries are not evidence of live-provider certification; see mobile advisory limitation.,True,False,False,False
package-lock.json,827,https://registry.npmjs.org/@oxc-project/types/-/types-0.148.0.tgz,SAFE CONFIGURATION,Reviewed registry/deployment/dependency metadata or documentation. Dependency entries are not evidence of live-provider certification; see mobile advisory limitation.,True,False,False,False
package-lock.json,831,https://github.com/sponsors/oxc-project,SAFE CONFIGURATION,Reviewed registry/deployment/dependency metadata or documentation. Dependency entries are not evidence of live-provider certification; see mobile advisory limitation.,True,False,False,False
package-lock.json,836,https://registry.npmjs.org/@pkgr/core/-/core-0.3.6.tgz,SAFE CONFIGURATION,Reviewed registry/deployment/dependency metadata or documentation. Dependency entries are not evidence of live-provider certification; see mobile advisory limitation.,True,False,False,False
package-lock.json,844,https://opencollective.com/pkgr,SAFE CONFIGURATION,Reviewed registry/deployment/dependency metadata or documentation. Dependency entries are not evidence of live-provider certification; see mobile advisory limitation.,True,False,False,False
package-lock.json,849,https://registry.npmjs.org/@rolldown/binding-android-arm-eabi/-/binding-android-arm-eabi-1.2.7.tgz,SAFE CONFIGURATION,Reviewed registry/deployment/dependency metadata or documentation. Dependency entries are not evidence of live-provider certification; see mobile advisory limitation.,True,False,False,False
package-lock.json,865,https://registry.npmjs.org/@rolldown/binding-android-arm64/-/binding-android-arm64-1.2.7.tgz,SAFE CONFIGURATION,Reviewed registry/deployment/dependency metadata or documentation. Dependency entries are not evidence of live-provider certification; see mobile advisory limitation.,True,False,False,False
package-lock.json,881,https://registry.npmjs.org/@rolldown/binding-darwin-arm64/-/binding-darwin-arm64-1.2.7.tgz,SAFE CONFIGURATION,Reviewed registry/deployment/dependency metadata or documentation. Dependency entries are not evidence of live-provider certification; see mobile advisory limitation.,True,False,False,False
package-lock.json,897,https://registry.npmjs.org/@rolldown/binding-darwin-x64/-/binding-darwin-x64-1.2.7.tgz,SAFE CONFIGURATION,Reviewed registry/deployment/dependency metadata or documentation. Dependency entries are not evidence of live-provider certification; see mobile advisory limitation.,True,False,False,False
package-lock.json,913,https://registry.npmjs.org/@rolldown/binding-freebsd-x64/-/binding-freebsd-x64-1.2.7.tgz,SAFE CONFIGURATION,Reviewed registry/deployment/dependency metadata or documentation. Dependency entries are not evidence of live-provider certification; see mobile advisory limitation.,True,False,False,False
package-lock.json,929,https://registry.npmjs.org/@rolldown/binding-linux-arm-gnueabihf/-/binding-linux-arm-gnueabihf-1.2.7.tgz,SAFE CONFIGURATION,Reviewed registry/deployment/dependency metadata or documentation. Dependency entries are not evidence of live-provider certification; see mobile advisory limitation.,True,False,False,False
package-lock.json,945,https://registry.npmjs.org/@rolldown/binding-linux-arm64-gnu/-/binding-linux-arm64-gnu-1.2.7.tgz,SAFE CONFIGURATION,Reviewed registry/deployment/dependency metadata or documentation. Dependency entries are not evidence of live-provider certification; see mobile advisory limitation.,True,False,False,False
package-lock.json,961,https://registry.npmjs.org/@rolldown/binding-linux-arm64-musl/-/binding-linux-arm64-musl-1.2.7.tgz,SAFE CONFIGURATION,Reviewed registry/deployment/dependency metadata or documentation. Dependency entries are not evidence of live-provider certification; see mobile advisory limitation.,True,False,False,False
package-lock.json,977,https://registry.npmjs.org/@rolldown/binding-linux-ppc64-gnu/-/binding-linux-ppc64-gnu-1.2.7.tgz,SAFE CONFIGURATION,Reviewed registry/deployment/dependency metadata or documentation. Dependency entries are not evidence of live-provider certification; see mobile advisory limitation.,True,False,False,False
package-lock.json,993,https://registry.npmjs.org/@rolldown/binding-linux-s390x-gnu/-/binding-linux-s390x-gnu-1.2.7.tgz,SAFE CONFIGURATION,Reviewed registry/deployment/dependency metadata or documentation. Dependency entries are not evidence of live-provider certification; see mobile advisory limitation.,True,False,False,False
package-lock.json,1009,https://registry.npmjs.org/@rolldown/binding-linux-x64-gnu/-/binding-linux-x64-gnu-1.2.7.tgz,SAFE CONFIGURATION,Reviewed registry/deployment/dependency metadata or documentation. Dependency entries are not evidence of live-provider certification; see mobile advisory limitation.,True,False,False,False
package-lock.json,1025,https://registry.npmjs.org/@rolldown/binding-linux-x64-musl/-/binding-linux-x64-musl-1.2.7.tgz,SAFE CONFIGURATION,Reviewed registry/deployment/dependency metadata or documentation. Dependency entries are not evidence of live-provider certification; see mobile advisory limitation.,True,False,False,False
package-lock.json,1041,https://registry.npmjs.org/@rolldown/binding-openharmony-arm64/-/binding-openharmony-arm64-1.2.7.tgz,SAFE CONFIGURATION,Reviewed registry/deployment/dependency metadata or documentation. Dependency entries are not evidence of live-provider certification; see mobile advisory limitation.,True,False,False,False
package-lock.json,1057,https://registry.npmjs.org/@rolldown/binding-win32-arm64-msvc/-/binding-win32-arm64-msvc-1.2.7.tgz,SAFE CONFIGURATION,Reviewed registry/deployment/dependency metadata or documentation. Dependency entries are not evidence of live-provider certification; see mobile advisory limitation.,True,False,False,False
package-lock.json,1073,https://registry.npmjs.org/@rolldown/binding-win32-x64-msvc/-/binding-win32-x64-msvc-1.2.7.tgz,SAFE CONFIGURATION,Reviewed registry/deployment/dependency metadata or documentation. Dependency entries are not evidence of live-provider certification; see mobile advisory limitation.,True,False,False,False
package-lock.json,1089,https://registry.npmjs.org/@rolldown/pluginutils/-/pluginutils-1.0.0-rc.3.tgz,SAFE CONFIGURATION,Reviewed registry/deployment/dependency metadata or documentation. Dependency entries are not evidence of live-provider certification; see mobile advisory limitation.,True,False,False,False
package-lock.json,1096,https://registry.npmjs.org/@standard-schema/spec/-/spec-1.1.0.tgz,SAFE CONFIGURATION,Reviewed registry/deployment/dependency metadata or documentation. Dependency entries are not evidence of live-provider certification; see mobile advisory limitation.,True,False,False,False
package-lock.json,1102,https://registry.npmjs.org/@tailwindcss/node/-/node-4.3.3.tgz,SAFE CONFIGURATION,Reviewed registry/deployment/dependency metadata or documentation. Dependency entries are not evidence of live-provider certification; see mobile advisory limitation.,True,False,False,False
package-lock.json,1118,https://registry.npmjs.org/lightningcss/-/lightningcss-1.32.0.tgz,SAFE CONFIGURATION,Reviewed registry/deployment/dependency metadata or documentation. Dependency entries are not evidence of live-provider certification; see mobile advisory limitation.,True,False,False,False
package-lock.json,1130,https://opencollective.com/parcel,SAFE CONFIGURATION,Reviewed registry/deployment/dependency metadata or documentation. Dependency entries are not evidence of live-provider certification; see mobile advisory limitation.,True,False,False,False
package-lock.json,1148,https://registry.npmjs.org/lightningcss-android-arm64/-/lightningcss-android-arm64-1.32.0.tgz,SAFE CONFIGURATION,Reviewed registry/deployment/dependency metadata or documentation. Dependency entries are not evidence of live-provider certification; see mobile advisory limitation.,True,False,False,False
package-lock.json,1164,https://opencollective.com/parcel,SAFE CONFIGURATION,Reviewed registry/deployment/dependency metadata or documentation. Dependency entries are not evidence of live-provider certification; see mobile advisory limitation.,True,False,False,False
package-lock.json,1169,https://registry.npmjs.org/lightningcss-darwin-arm64/-/lightningcss-darwin-arm64-1.32.0.tgz,SAFE CONFIGURATION,Reviewed registry/deployment/dependency metadata or documentation. Dependency entries are not evidence of live-provider certification; see mobile advisory limitation.,True,False,False,False
package-lock.json,1185,https://opencollective.com/parcel,SAFE CONFIGURATION,Reviewed registry/deployment/dependency metadata or documentation. Dependency entries are not evidence of live-provider certification; see mobile advisory limitation.,True,False,False,False
package-lock.json,1190,https://registry.npmjs.org/lightningcss-darwin-x64/-/lightningcss-darwin-x64-1.32.0.tgz,SAFE CONFIGURATION,Reviewed registry/deployment/dependency metadata or documentation. Dependency entries are not evidence of live-provider certification; see mobile advisory limitation.,True,False,False,False
package-lock.json,1206,https://opencollective.com/parcel,SAFE CONFIGURATION,Reviewed registry/deployment/dependency metadata or documentation. Dependency entries are not evidence of live-provider certification; see mobile advisory limitation.,True,False,False,False
package-lock.json,1211,https://registry.npmjs.org/lightningcss-freebsd-x64/-/lightningcss-freebsd-x64-1.32.0.tgz,SAFE CONFIGURATION,Reviewed registry/deployment/dependency metadata or documentation. Dependency entries are not evidence of live-provider certification; see mobile advisory limitation.,True,False,False,False
package-lock.json,1227,https://opencollective.com/parcel,SAFE CONFIGURATION,Reviewed registry/deployment/dependency metadata or documentation. Dependency entries are not evidence of live-provider certification; see mobile advisory limitation.,True,False,False,False
package-lock.json,1232,https://registry.npmjs.org/lightningcss-linux-arm-gnueabihf/-/lightningcss-linux-arm-gnueabihf-1.32.0.tgz,SAFE CONFIGURATION,Reviewed registry/deployment/dependency metadata or documentation. Dependency entries are not evidence of live-provider certification; see mobile advisory limitation.,True,False,False,False
package-lock.json,1248,https://opencollective.com/parcel,SAFE CONFIGURATION,Reviewed registry/deployment/dependency metadata or documentation. Dependency entries are not evidence of live-provider certification; see mobile advisory limitation.,True,False,False,False
package-lock.json,1253,https://registry.npmjs.org/lightningcss-linux-arm64-gnu/-/lightningcss-linux-arm64-gnu-1.32.0.tgz,SAFE CONFIGURATION,Reviewed registry/deployment/dependency metadata or documentation. Dependency entries are not evidence of live-provider certification; see mobile advisory limitation.,True,False,False,False
package-lock.json,1269,https://opencollective.com/parcel,SAFE CONFIGURATION,Reviewed registry/deployment/dependency metadata or documentation. Dependency entries are not evidence of live-provider certification; see mobile advisory limitation.,True,False,False,False
package-lock.json,1274,https://registry.npmjs.org/lightningcss-linux-arm64-musl/-/lightningcss-linux-arm64-musl-1.32.0.tgz,SAFE CONFIGURATION,Reviewed registry/deployment/dependency metadata or documentation. Dependency entries are not evidence of live-provider certification; see mobile advisory limitation.,True,False,False,False
package-lock.json,1290,https://opencollective.com/parcel,SAFE CONFIGURATION,Reviewed registry/deployment/dependency metadata or documentation. Dependency entries are not evidence of live-provider certification; see mobile advisory limitation.,True,False,False,False
package-lock.json,1295,https://registry.npmjs.org/lightningcss-linux-x64-gnu/-/lightningcss-linux-x64-gnu-1.32.0.tgz,SAFE CONFIGURATION,Reviewed registry/deployment/dependency metadata or documentation. Dependency entries are not evidence of live-provider certification; see mobile advisory limitation.,True,False,False,False
package-lock.json,1311,https://opencollective.com/parcel,SAFE CONFIGURATION,Reviewed registry/deployment/dependency metadata or documentation. Dependency entries are not evidence of live-provider certification; see mobile advisory limitation.,True,False,False,False
package-lock.json,1316,https://registry.npmjs.org/lightningcss-linux-x64-musl/-/lightningcss-linux-x64-musl-1.32.0.tgz,SAFE CONFIGURATION,Reviewed registry/deployment/dependency metadata or documentation. Dependency entries are not evidence of live-provider certification; see mobile advisory limitation.,True,False,False,False
package-lock.json,1332,https://opencollective.com/parcel,SAFE CONFIGURATION,Reviewed registry/deployment/dependency metadata or documentation. Dependency entries are not evidence of live-provider certification; see mobile advisory limitation.,True,False,False,False
package-lock.json,1337,https://registry.npmjs.org/lightningcss-win32-arm64-msvc/-/lightningcss-win32-arm64-msvc-1.32.0.tgz,SAFE CONFIGURATION,Reviewed registry/deployment/dependency metadata or documentation. Dependency entries are not evidence of live-provider certification; see mobile advisory limitation.,True,False,False,False
package-lock.json,1353,https://opencollective.com/parcel,SAFE CONFIGURATION,Reviewed registry/deployment/dependency metadata or documentation. Dependency entries are not evidence of live-provider certification; see mobile advisory limitation.,True,False,False,False
package-lock.json,1358,https://registry.npmjs.org/lightningcss-win32-x64-msvc/-/lightningcss-win32-x64-msvc-1.32.0.tgz,SAFE CONFIGURATION,Reviewed registry/deployment/dependency metadata or documentation. Dependency entries are not evidence of live-provider certification; see mobile advisory limitation.,True,False,False,False
package-lock.json,1374,https://opencollective.com/parcel,SAFE CONFIGURATION,Reviewed registry/deployment/dependency metadata or documentation. Dependency entries are not evidence of live-provider certification; see mobile advisory limitation.,True,False,False,False
package-lock.json,1379,https://registry.npmjs.org/@tailwindcss/oxide/-/oxide-4.3.3.tgz,SAFE CONFIGURATION,Reviewed registry/deployment/dependency metadata or documentation. Dependency entries are not evidence of live-provider certification; see mobile advisory limitation.,True,False,False,False
package-lock.json,1403,https://registry.npmjs.org/@tailwindcss/oxide-android-arm64/-/oxide-android-arm64-4.3.3.tgz,SAFE CONFIGURATION,Reviewed registry/deployment/dependency metadata or documentation. Dependency entries are not evidence of live-provider certification; see mobile advisory limitation.,True,False,False,False
package-lock.json,1420,https://registry.npmjs.org/@tailwindcss/oxide-darwin-arm64/-/oxide-darwin-arm64-4.3.3.tgz,SAFE CONFIGURATION,Reviewed registry/deployment/dependency metadata or documentation. Dependency entries are not evidence of live-provider certification; see mobile advisory limitation.,True,False,False,False
package-lock.json,1437,https://registry.npmjs.org/@tailwindcss/oxide-darwin-x64/-/oxide-darwin-x64-4.3.3.tgz,SAFE CONFIGURATION,Reviewed registry/deployment/dependency metadata or documentation. Dependency entries are not evidence of live-provider certification; see mobile advisory limitation.,True,False,False,False
package-lock.json,1454,https://registry.npmjs.org/@tailwindcss/oxide-freebsd-x64/-/oxide-freebsd-x64-4.3.3.tgz,SAFE CONFIGURATION,Reviewed registry/deployment/dependency metadata or documentation. Dependency entries are not evidence of live-provider certification; see mobile advisory limitation.,True,False,False,False
package-lock.json,1471,https://registry.npmjs.org/@tailwindcss/oxide-linux-arm-gnueabihf/-/oxide-linux-arm-gnueabihf-4.3.3.tgz,SAFE CONFIGURATION,Reviewed registry/deployment/dependency metadata or documentation. Dependency entries are not evidence of live-provider certification; see mobile advisory limitation.,True,False,False,False
package-lock.json,1488,https://registry.npmjs.org/@tailwindcss/oxide-linux-arm64-gnu/-/oxide-linux-arm64-gnu-4.3.3.tgz,SAFE CONFIGURATION,Reviewed registry/deployment/dependency metadata or documentation. Dependency entries are not evidence of live-provider certification; see mobile advisory limitation.,True,False,False,False
package-lock.json,1505,https://registry.npmjs.org/@tailwindcss/oxide-linux-arm64-musl/-/oxide-linux-arm64-musl-4.3.3.tgz,SAFE CONFIGURATION,Reviewed registry/deployment/dependency metadata or documentation. Dependency entries are not evidence of live-provider certification; see mobile advisory limitation.,True,False,False,False
package-lock.json,1522,https://registry.npmjs.org/@tailwindcss/oxide-linux-x64-gnu/-/oxide-linux-x64-gnu-4.3.3.tgz,SAFE CONFIGURATION,Reviewed registry/deployment/dependency metadata or documentation. Dependency entries are not evidence of live-provider certification; see mobile advisory limitation.,True,False,False,False
package-lock.json,1539,https://registry.npmjs.org/@tailwindcss/oxide-linux-x64-musl/-/oxide-linux-x64-musl-4.3.3.tgz,SAFE CONFIGURATION,Reviewed registry/deployment/dependency metadata or documentation. Dependency entries are not evidence of live-provider certification; see mobile advisory limitation.,True,False,False,False
package-lock.json,1556,https://registry.npmjs.org/@tailwindcss/oxide-wasm32-wasi/-/oxide-wasm32-wasi-4.3.3.tgz,SAFE CONFIGURATION,Reviewed registry/deployment/dependency metadata or documentation. Dependency entries are not evidence of live-provider certification; see mobile advisory limitation.,True,False,False,False
package-lock.json,1626,https://github.com/sponsors/Brooooooklyn,SAFE CONFIGURATION,Reviewed registry/deployment/dependency metadata or documentation. Dependency entries are not evidence of live-provider certification; see mobile advisory limitation.,True,False,False,False
package-lock.json,1652,https://registry.npmjs.org/@tailwindcss/oxide-win32-arm64-msvc/-/oxide-win32-arm64-msvc-4.3.3.tgz,SAFE CONFIGURATION,Reviewed registry/deployment/dependency metadata or documentation. Dependency entries are not evidence of live-provider certification; see mobile advisory limitation.,True,False,False,False
package-lock.json,1669,https://registry.npmjs.org/@tailwindcss/oxide-win32-x64-msvc/-/oxide-win32-x64-msvc-4.3.3.tgz,SAFE CONFIGURATION,Reviewed registry/deployment/dependency metadata or documentation. Dependency entries are not evidence of live-provider certification; see mobile advisory limitation.,True,False,False,False
package-lock.json,1686,https://registry.npmjs.org/@tailwindcss/vite/-/vite-4.3.3.tgz,SAFE CONFIGURATION,Reviewed registry/deployment/dependency metadata or documentation. Dependency entries are not evidence of live-provider certification; see mobile advisory limitation.,True,False,False,False
package-lock.json,1701,https://registry.npmjs.org/@tanstack/history/-/history-1.162.2.tgz,SAFE CONFIGURATION,Reviewed registry/deployment/dependency metadata or documentation. Dependency entries are not evidence of live-provider certification; see mobile advisory limitation.,True,False,False,False
package-lock.json,1709,https://github.com/sponsors/tannerlinsley,SAFE CONFIGURATION,Reviewed registry/deployment/dependency metadata or documentation. Dependency entries are not evidence of live-provider certification; see mobile advisory limitation.,True,False,False,False
package-lock.json,1714,https://registry.npmjs.org/@tanstack/query-core/-/query-core-5.102.8.tgz,SAFE CONFIGURATION,Reviewed registry/deployment/dependency metadata or documentation. Dependency entries are not evidence of live-provider certification; see mobile advisory limitation.,True,False,False,False
package-lock.json,1719,https://github.com/sponsors/tannerlinsley,SAFE CONFIGURATION,Reviewed registry/deployment/dependency metadata or documentation. Dependency entries are not evidence of live-provider certification; see mobile advisory limitation.,True,False,False,False
package-lock.json,1724,https://registry.npmjs.org/@tanstack/react-query/-/react-query-5.102.8.tgz,SAFE CONFIGURATION,Reviewed registry/deployment/dependency metadata or documentation. Dependency entries are not evidence of live-provider certification; see mobile advisory limitation.,True,False,False,False
package-lock.json,1732,https://github.com/sponsors/tannerlinsley,SAFE CONFIGURATION,Reviewed registry/deployment/dependency metadata or documentation. Dependency entries are not evidence of live-provider certification; see mobile advisory limitation.,True,False,False,False
package-lock.json,1740,https://registry.npmjs.org/@tanstack/react-router/-/react-router-1.170.33.tgz,SAFE CONFIGURATION,Reviewed registry/deployment/dependency metadata or documentation. Dependency entries are not evidence of live-provider certification; see mobile advisory limitation.,True,False,False,False
package-lock.json,1754,https://github.com/sponsors/tannerlinsley,SAFE CONFIGURATION,Reviewed registry/deployment/dependency metadata or documentation. Dependency entries are not evidence of live-provider certification; see mobile advisory limitation.,True,False,False,False
package-lock.json,1763,https://registry.npmjs.org/@tanstack/react-start/-/react-start-1.168.50.tgz,SAFE CONFIGURATION,Reviewed registry/deployment/dependency metadata or documentation. Dependency entries are not evidence of live-provider certification; see mobile advisory limitation.,True,False,False,False
package-lock.json,1782,https://github.com/sponsors/tannerlinsley,SAFE CONFIGURATION,Reviewed registry/deployment/dependency metadata or documentation. Dependency entries are not evidence of live-provider certification; see mobile advisory limitation.,True,False,False,False
package-lock.json,1804,https://registry.npmjs.org/@tanstack/react-start-client/-/react-start-client-1.168.31.tgz,SAFE CONFIGURATION,Reviewed registry/deployment/dependency metadata or documentation. Dependency entries are not evidence of live-provider certification; see mobile advisory limitation.,True,False,False,False
package-lock.json,1817,https://github.com/sponsors/tannerlinsley,SAFE CONFIGURATION,Reviewed registry/deployment/dependency metadata or documentation. Dependency entries are not evidence of live-provider certification; see mobile advisory limitation.,True,False,False,False
package-lock.json,1826,https://registry.npmjs.org/@tanstack/react-start-rsc/-/react-start-rsc-0.1.49.tgz,SAFE CONFIGURATION,Reviewed registry/deployment/dependency metadata or documentation. Dependency entries are not evidence of live-provider certification; see mobile advisory limitation.,True,False,False,False
package-lock.json,1844,https://github.com/sponsors/tannerlinsley,SAFE CONFIGURATION,Reviewed registry/deployment/dependency metadata or documentation. Dependency entries are not evidence of live-provider certification; see mobile advisory limitation.,True,False,False,False
package-lock.json,1867,https://registry.npmjs.org/@tanstack/react-start-server/-/react-start-server-1.167.38.tgz,SAFE CONFIGURATION,Reviewed registry/deployment/dependency metadata or documentation. Dependency entries are not evidence of live-provider certification; see mobile advisory limitation.,True,False,False,False
package-lock.json,1880,https://github.com/sponsors/tannerlinsley,SAFE CONFIGURATION,Reviewed registry/deployment/dependency metadata or documentation. Dependency entries are not evidence of live-provider certification; see mobile advisory limitation.,True,False,False,False
package-lock.json,1889,https://registry.npmjs.org/@tanstack/react-store/-/react-store-0.9.3.tgz,SAFE CONFIGURATION,Reviewed registry/deployment/dependency metadata or documentation. Dependency entries are not evidence of live-provider certification; see mobile advisory limitation.,True,False,False,False
package-lock.json,1898,https://github.com/sponsors/tannerlinsley,SAFE CONFIGURATION,Reviewed registry/deployment/dependency metadata or documentation. Dependency entries are not evidence of live-provider certification; see mobile advisory limitation.,True,False,False,False
package-lock.json,1907,https://registry.npmjs.org/@tanstack/router-core/-/router-core-1.171.28.tgz,SAFE CONFIGURATION,Reviewed registry/deployment/dependency metadata or documentation. Dependency entries are not evidence of live-provider certification; see mobile advisory limitation.,True,False,False,False
package-lock.json,1921,https://github.com/sponsors/tannerlinsley,SAFE CONFIGURATION,Reviewed registry/deployment/dependency metadata or documentation. Dependency entries are not evidence of live-provider certification; see mobile advisory limitation.,True,False,False,False
package-lock.json,1926,https://registry.npmjs.org/@tanstack/router-generator/-/router-generator-1.167.34.tgz,SAFE CONFIGURATION,Reviewed registry/deployment/dependency metadata or documentation. Dependency entries are not evidence of live-provider certification; see mobile advisory limitation.,True,False,False,False
package-lock.json,1944,https://github.com/sponsors/tannerlinsley,SAFE CONFIGURATION,Reviewed registry/deployment/dependency metadata or documentation. Dependency entries are not evidence of live-provider certification; see mobile advisory limitation.,True,False,False,False
package-lock.json,1949,https://registry.npmjs.org/@tanstack/router-plugin/-/router-plugin-1.168.36.tgz,SAFE CONFIGURATION,Reviewed registry/deployment/dependency metadata or documentation. Dependency entries are not evidence of live-provider certification; see mobile advisory limitation.,True,False,False,False
package-lock.json,1968,https://github.com/sponsors/tannerlinsley,SAFE CONFIGURATION,Reviewed registry/deployment/dependency metadata or documentation. Dependency entries are not evidence of live-provider certification; see mobile advisory limitation.,True,False,False,False
package-lock.json,1997,https://registry.npmjs.org/@tanstack/router-utils/-/router-utils-1.162.2.tgz,SAFE CONFIGURATION,Reviewed registry/deployment/dependency metadata or documentation. Dependency entries are not evidence of live-provider certification; see mobile advisory limitation.,True,False,False,False
package-lock.json,2015,https://github.com/sponsors/tannerlinsley,SAFE CONFIGURATION,Reviewed registry/deployment/dependency metadata or documentation. Dependency entries are not evidence of live-provider certification; see mobile advisory limitation.,True,False,False,False
package-lock.json,2020,https://registry.npmjs.org/@tanstack/start-client-core/-/start-client-core-1.170.28.tgz,SAFE CONFIGURATION,Reviewed registry/deployment/dependency metadata or documentation. Dependency entries are not evidence of live-provider certification; see mobile advisory limitation.,True,False,False,False
package-lock.json,2034,https://github.com/sponsors/tannerlinsley,SAFE CONFIGURATION,Reviewed registry/deployment/dependency metadata or documentation. Dependency entries are not evidence of live-provider certification; see mobile advisory limitation.,True,False,False,False
package-lock.json,2039,https://registry.npmjs.org/@tanstack/start-fn-stubs/-/start-fn-stubs-1.162.0.tgz,SAFE CONFIGURATION,Reviewed registry/deployment/dependency metadata or documentation. Dependency entries are not evidence of live-provider certification; see mobile advisory limitation.,True,False,False,False
package-lock.json,2047,https://github.com/sponsors/tannerlinsley,SAFE CONFIGURATION,Reviewed registry/deployment/dependency metadata or documentation. Dependency entries are not evidence of live-provider certification; see mobile advisory limitation.,True,False,False,False
package-lock.json,2052,https://registry.npmjs.org/@tanstack/start-plugin-core/-/start-plugin-core-1.171.40.tgz,SAFE CONFIGURATION,Reviewed registry/deployment/dependency metadata or documentation. Dependency entries are not evidence of live-provider certification; see mobile advisory limitation.,True,False,False,False
package-lock.json,2083,https://github.com/sponsors/tannerlinsley,SAFE CONFIGURATION,Reviewed registry/deployment/dependency metadata or documentation. Dependency entries are not evidence of live-provider certification; see mobile advisory limitation.,True,False,False,False
package-lock.json,2100,https://registry.npmjs.org/@babel/code-frame/-/code-frame-7.27.1.tgz,SAFE CONFIGURATION,Reviewed registry/deployment/dependency metadata or documentation. Dependency entries are not evidence of live-provider certification; see mobile advisory limitation.,True,False,False,False
package-lock.json,2114,https://registry.npmjs.org/@tanstack/start-server-core/-/start-server-core-1.169.32.tgz,SAFE CONFIGURATION,Reviewed registry/deployment/dependency metadata or documentation. Dependency entries are not evidence of live-provider certification; see mobile advisory limitation.,True,False,False,False
package-lock.json,2131,https://github.com/sponsors/tannerlinsley,SAFE CONFIGURATION,Reviewed registry/deployment/dependency metadata or documentation. Dependency entries are not evidence of live-provider certification; see mobile advisory limitation.,True,False,False,False
package-lock.json,2136,https://registry.npmjs.org/@tanstack/start-storage-context/-/start-storage-context-1.167.30.tgz,SAFE CONFIGURATION,Reviewed registry/deployment/dependency metadata or documentation. Dependency entries are not evidence of live-provider certification; see mobile advisory limitation.,True,False,False,False
package-lock.json,2147,https://github.com/sponsors/tannerlinsley,SAFE CONFIGURATION,Reviewed registry/deployment/dependency metadata or documentation. Dependency entries are not evidence of live-provider certification; see mobile advisory limitation.,True,False,False,False
package-lock.json,2152,https://registry.npmjs.org/@tanstack/store/-/store-0.9.3.tgz,SAFE CONFIGURATION,Reviewed registry/deployment/dependency metadata or documentation. Dependency entries are not evidence of live-provider certification; see mobile advisory limitation.,True,False,False,False
package-lock.json,2157,https://github.com/sponsors/tannerlinsley,SAFE CONFIGURATION,Reviewed registry/deployment/dependency metadata or documentation. Dependency entries are not evidence of live-provider certification; see mobile advisory limitation.,True,False,False,False
package-lock.json,2162,https://registry.npmjs.org/@tanstack/virtual-file-routes/-/virtual-file-routes-1.162.0.tgz,SAFE CONFIGURATION,Reviewed registry/deployment/dependency metadata or documentation. Dependency entries are not evidence of live-provider certification; see mobile advisory limitation.,True,False,False,False
package-lock.json,2170,https://github.com/sponsors/tannerlinsley,SAFE CONFIGURATION,Reviewed registry/deployment/dependency metadata or documentation. Dependency entries are not evidence of live-provider certification; see mobile advisory limitation.,True,False,False,False
package-lock.json,2175,https://registry.npmjs.org/@types/babel__core/-/babel__core-7.20.5.tgz,SAFE CONFIGURATION,Reviewed registry/deployment/dependency metadata or documentation. Dependency entries are not evidence of live-provider certification; see mobile advisory limitation.,True,False,False,False
package-lock.json,2189,https://registry.npmjs.org/@types/babel__generator/-/babel__generator-7.27.0.tgz,SAFE CONFIGURATION,Reviewed registry/deployment/dependency metadata or documentation. Dependency entries are not evidence of live-provider certification; see mobile advisory limitation.,True,False,False,False
package-lock.json,2199,https://registry.npmjs.org/@types/babel__template/-/babel__template-7.4.4.tgz,SAFE CONFIGURATION,Reviewed registry/deployment/dependency metadata or documentation. Dependency entries are not evidence of live-provider certification; see mobile advisory limitation.,True,False,False,False
package-lock.json,2210,https://registry.npmjs.org/@types/babel__traverse/-/babel__traverse-7.28.0.tgz,SAFE CONFIGURATION,Reviewed registry/deployment/dependency metadata or documentation. Dependency entries are not evidence of live-provider certification; see mobile advisory limitation.,True,False,False,False
package-lock.json,2220,https://registry.npmjs.org/@types/estree/-/estree-1.0.9.tgz,SAFE CONFIGURATION,Reviewed registry/deployment/dependency metadata or documentation. Dependency entries are not evidence of live-provider certification; see mobile advisory limitation.,True,False,False,False
package-lock.json,2227,https://registry.npmjs.org/@types/json-schema/-/json-schema-7.0.15.tgz,SAFE CONFIGURATION,Reviewed registry/deployment/dependency metadata or documentation. Dependency entries are not evidence of live-provider certification; see mobile advisory limitation.,True,False,False,False
package-lock.json,2234,https://registry.npmjs.org/@types/node/-/node-22.20.1.tgz,SAFE CONFIGURATION,Reviewed registry/deployment/dependency metadata or documentation. Dependency entries are not evidence of live-provider certification; see mobile advisory limitation.,True,False,False,False
package-lock.json,2244,https://registry.npmjs.org/@types/pg/-/pg-8.23.1.tgz,SAFE CONFIGURATION,Reviewed registry/deployment/dependency metadata or documentation. Dependency entries are not evidence of live-provider certification; see mobile advisory limitation.,True,False,False,False
package-lock.json,2256,https://registry.npmjs.org/@types/react/-/react-19.2.18.tgz,SAFE CONFIGURATION,Reviewed registry/deployment/dependency metadata or documentation. Dependency entries are not evidence of live-provider certification; see mobile advisory limitation.,True,False,False,False
package-lock.json,2266,https://registry.npmjs.org/@types/react-dom/-/react-dom-19.2.7.tgz,SAFE CONFIGURATION,Reviewed registry/deployment/dependency metadata or documentation. Dependency entries are not evidence of live-provider certification; see mobile advisory limitation.,True,False,False,False
package-lock.json,2276,https://registry.npmjs.org/@typescript-eslint/eslint-plugin/-/eslint-plugin-8.70.0.tgz,SAFE CONFIGURATION,Reviewed registry/deployment/dependency metadata or documentation. Dependency entries are not evidence of live-provider certification; see mobile advisory limitation.,True,False,False,False
package-lock.json,2295,https://opencollective.com/typescript-eslint,SAFE CONFIGURATION,Reviewed registry/deployment/dependency metadata or documentation. Dependency entries are not evidence of live-provider certification; see mobile advisory limitation.,True,False,False,False
package-lock.json,2305,https://registry.npmjs.org/ignore/-/ignore-7.0.8.tgz,SAFE CONFIGURATION,Reviewed registry/deployment/dependency metadata or documentation. Dependency entries are not evidence of live-provider certification; see mobile advisory limitation.,True,False,False,False
package-lock.json,2315,https://registry.npmjs.org/@typescript-eslint/parser/-/parser-8.70.0.tgz,SAFE CONFIGURATION,Reviewed registry/deployment/dependency metadata or documentation. Dependency entries are not evidence of live-provider certification; see mobile advisory limitation.,True,False,False,False
package-lock.json,2331,https://opencollective.com/typescript-eslint,SAFE CONFIGURATION,Reviewed registry/deployment/dependency metadata or documentation. Dependency entries are not evidence of live-provider certification; see mobile advisory limitation.,True,False,False,False
package-lock.json,2340,https://registry.npmjs.org/@typescript-eslint/project-service/-/project-service-8.70.0.tgz,SAFE CONFIGURATION,Reviewed registry/deployment/dependency metadata or documentation. Dependency entries are not evidence of live-provider certification; see mobile advisory limitation.,True,False,False,False
package-lock.json,2354,https://opencollective.com/typescript-eslint,SAFE CONFIGURATION,Reviewed registry/deployment/dependency metadata or documentation. Dependency entries are not evidence of live-provider certification; see mobile advisory limitation.,True,False,False,False
package-lock.json,2362,https://registry.npmjs.org/@typescript-eslint/scope-manager/-/scope-manager-8.70.0.tgz,SAFE CONFIGURATION,Reviewed registry/deployment/dependency metadata or documentation. Dependency entries are not evidence of live-provider certification; see mobile advisory limitation.,True,False,False,False
package-lock.json,2375,https://opencollective.com/typescript-eslint,SAFE CONFIGURATION,Reviewed registry/deployment/dependency metadata or documentation. Dependency entries are not evidence of live-provider certification; see mobile advisory limitation.,True,False,False,False
package-lock.json,2380,https://registry.npmjs.org/@typescript-eslint/tsconfig-utils/-/tsconfig-utils-8.70.0.tgz,SAFE CONFIGURATION,Reviewed registry/deployment/dependency metadata or documentation. Dependency entries are not evidence of live-provider certification; see mobile advisory limitation.,True,False,False,False
package-lock.json,2389,https://opencollective.com/typescript-eslint,SAFE CONFIGURATION,Reviewed registry/deployment/dependency metadata or documentation. Dependency entries are not evidence of live-provider certification; see mobile advisory limitation.,True,False,False,False
package-lock.json,2397,https://registry.npmjs.org/@typescript-eslint/type-utils/-/type-utils-8.70.0.tgz,SAFE CONFIGURATION,Reviewed registry/deployment/dependency metadata or documentation. Dependency entries are not evidence of live-provider certification; see mobile advisory limitation.,True,False,False,False
package-lock.json,2413,https://opencollective.com/typescript-eslint,SAFE CONFIGURATION,Reviewed registry/deployment/dependency metadata or documentation. Dependency entries are not evidence of live-provider certification; see mobile advisory limitation.,True,False,False,False
package-lock.json,2422,https://registry.npmjs.org/@typescript-eslint/types/-/types-8.70.0.tgz,SAFE CONFIGURATION,Reviewed registry/deployment/dependency metadata or documentation. Dependency entries are not evidence of live-provider certification; see mobile advisory limitation.,True,False,False,False
package-lock.json,2431,https://opencollective.com/typescript-eslint,SAFE CONFIGURATION,Reviewed registry/deployment/dependency metadata or documentation. Dependency entries are not evidence of live-provider certification; see mobile advisory limitation.,True,False,False,False
package-lock.json,2436,https://registry.npmjs.org/@typescript-eslint/typescript-estree/-/typescript-estree-8.70.0.tgz,SAFE CONFIGURATION,Reviewed registry/deployment/dependency metadata or documentation. Dependency entries are not evidence of live-provider certification; see mobile advisory limitation.,True,False,False,False
package-lock.json,2456,https://opencollective.com/typescript-eslint,SAFE CONFIGURATION,Reviewed registry/deployment/dependency metadata or documentation. Dependency entries are not evidence of live-provider certification; see mobile advisory limitation.,True,False,False,False
package-lock.json,2464,https://registry.npmjs.org/balanced-match/-/balanced-match-4.0.4.tgz,SAFE CONFIGURATION,Reviewed registry/deployment/dependency metadata or documentation. Dependency entries are not evidence of live-provider certification; see mobile advisory limitation.,True,False,False,False
package-lock.json,2474,https://registry.npmjs.org/brace-expansion/-/brace-expansion-5.0.9.tgz,SAFE CONFIGURATION,Reviewed registry/deployment/dependency metadata or documentation. Dependency entries are not evidence of live-provider certification; see mobile advisory limitation.,True,False,False,False
package-lock.json,2487,https://registry.npmjs.org/minimatch/-/minimatch-10.2.6.tgz,SAFE CONFIGURATION,Reviewed registry/deployment/dependency metadata or documentation. Dependency entries are not evidence of live-provider certification; see mobile advisory limitation.,True,False,False,False
package-lock.json,2498,https://github.com/sponsors/isaacs,SAFE CONFIGURATION,Reviewed registry/deployment/dependency metadata or documentation. Dependency entries are not evidence of live-provider certification; see mobile advisory limitation.,True,False,False,False
package-lock.json,2503,https://registry.npmjs.org/semver/-/semver-7.8.5.tgz,SAFE CONFIGURATION,Reviewed registry/deployment/dependency metadata or documentation. Dependency entries are not evidence of live-provider certification; see mobile advisory limitation.,True,False,False,False
package-lock.json,2516,https://registry.npmjs.org/@typescript-eslint/utils/-/utils-8.70.0.tgz,SAFE CONFIGURATION,Reviewed registry/deployment/dependency metadata or documentation. Dependency entries are not evidence of live-provider certification; see mobile advisory limitation.,True,False,False,False
package-lock.json,2531,https://opencollective.com/typescript-eslint,SAFE CONFIGURATION,Reviewed registry/deployment/dependency metadata or documentation. Dependency entries are not evidence of live-provider certification; see mobile advisory limitation.,True,False,False,False
package-lock.json,2540,https://registry.npmjs.org/@typescript-eslint/visitor-keys/-/visitor-keys-8.70.0.tgz,SAFE CONFIGURATION,Reviewed registry/deployment/dependency metadata or documentation. Dependency entries are not evidence of live-provider certification; see mobile advisory limitation.,True,False,False,False
package-lock.json,2553,https://opencollective.com/typescript-eslint,SAFE CONFIGURATION,Reviewed registry/deployment/dependency metadata or documentation. Dependency entries are not evidence of live-provider certification; see mobile advisory limitation.,True,False,False,False
package-lock.json,2558,https://registry.npmjs.org/eslint-visitor-keys/-/eslint-visitor-keys-5.0.1.tgz,SAFE CONFIGURATION,Reviewed registry/deployment/dependency metadata or documentation. Dependency entries are not evidence of live-provider certification; see mobile advisory limitation.,True,False,False,False
package-lock.json,2566,https://opencollective.com/eslint,SAFE CONFIGURATION,Reviewed registry/deployment/dependency metadata or documentation. Dependency entries are not evidence of live-provider certification; see mobile advisory limitation.,True,False,False,False
package-lock.json,2571,https://registry.npmjs.org/@vitejs/plugin-react/-/plugin-react-5.2.0.tgz,SAFE CONFIGURATION,Reviewed registry/deployment/dependency metadata or documentation. Dependency entries are not evidence of live-provider certification; see mobile advisory limitation.,True,False,False,False
package-lock.json,2592,https://registry.npmjs.org/acorn/-/acorn-8.18.0.tgz,SAFE CONFIGURATION,Reviewed registry/deployment/dependency metadata or documentation. Dependency entries are not evidence of live-provider certification; see mobile advisory limitation.,True,False,False,False
package-lock.json,2605,https://registry.npmjs.org/acorn-jsx/-/acorn-jsx-5.3.2.tgz,SAFE CONFIGURATION,Reviewed registry/deployment/dependency metadata or documentation. Dependency entries are not evidence of live-provider certification; see mobile advisory limitation.,True,False,False,False
package-lock.json,2615,https://registry.npmjs.org/ansi-styles/-/ansi-styles-4.3.0.tgz,SAFE CONFIGURATION,Reviewed registry/deployment/dependency metadata or documentation. Dependency entries are not evidence of live-provider certification; see mobile advisory limitation.,True,False,False,False
package-lock.json,2626,https://github.com/chalk/ansi-styles?sponsor=1,SAFE CONFIGURATION,Reviewed registry/deployment/dependency metadata or documentation. Dependency entries are not evidence of live-provider certification; see mobile advisory limitation.,True,False,False,False
package-lock.json,2631,https://registry.npmjs.org/ansis/-/ansis-4.3.1.tgz,SAFE CONFIGURATION,Reviewed registry/deployment/dependency metadata or documentation. Dependency entries are not evidence of live-provider certification; see mobile advisory limitation.,True,False,False,False
package-lock.json,2640,https://registry.npmjs.org/argparse/-/argparse-2.0.1.tgz,SAFE CONFIGURATION,Reviewed registry/deployment/dependency metadata or documentation. Dependency entries are not evidence of live-provider certification; see mobile advisory limitation.,True,False,False,False
package-lock.json,2646,https://registry.npmjs.org/babel-dead-code-elimination/-/babel-dead-code-elimination-1.0.12.tgz,SAFE CONFIGURATION,Reviewed registry/deployment/dependency metadata or documentation. Dependency entries are not evidence of live-provider certification; see mobile advisory limitation.,True,False,False,False
package-lock.json,2658,https://registry.npmjs.org/balanced-match/-/balanced-match-1.0.2.tgz,SAFE CONFIGURATION,Reviewed registry/deployment/dependency metadata or documentation. Dependency entries are not evidence of live-provider certification; see mobile advisory limitation.,True,False,False,False
package-lock.json,2665,https://registry.npmjs.org/baseline-browser-mapping/-/baseline-browser-mapping-2.11.21.tgz,SAFE CONFIGURATION,Reviewed registry/deployment/dependency metadata or documentation. Dependency entries are not evidence of live-provider certification; see mobile advisory limitation.,True,False,False,False
package-lock.json,2677,https://registry.npmjs.org/better-auth/-/better-auth-1.7.6.tgz,SAFE CONFIGURATION,Reviewed registry/deployment/dependency metadata or documentation. Dependency entries are not evidence of live-provider certification; see mobile advisory limitation.,True,False,False,False
package-lock.json,2781,https://registry.npmjs.org/better-call/-/better-call-1.4.0.tgz,SAFE CONFIGURATION,Reviewed registry/deployment/dependency metadata or documentation. Dependency entries are not evidence of live-provider certification; see mobile advisory limitation.,True,False,False,False
package-lock.json,2801,https://registry.npmjs.org/@better-auth/utils/-/utils-0.5.0.tgz,SAFE CONFIGURATION,Reviewed registry/deployment/dependency metadata or documentation. Dependency entries are not evidence of live-provider certification; see mobile advisory limitation.,True,False,False,False
package-lock.json,2810,https://registry.npmjs.org/brace-expansion/-/brace-expansion-1.1.18.tgz,SAFE CONFIGURATION,Reviewed registry/deployment/dependency metadata or documentation. Dependency entries are not evidence of live-provider certification; see mobile advisory limitation.,True,False,False,False
package-lock.json,2821,https://registry.npmjs.org/browserslist/-/browserslist-4.28.9.tgz,SAFE CONFIGURATION,Reviewed registry/deployment/dependency metadata or documentation. Dependency entries are not evidence of live-provider certification; see mobile advisory limitation.,True,False,False,False
package-lock.json,2826,https://opencollective.com/browserslist,SAFE CONFIGURATION,Reviewed registry/deployment/dependency metadata or documentation. Dependency entries are not evidence of live-provider certification; see mobile advisory limitation.,True,False,False,False
package-lock.json,2830,https://tidelift.com/funding/github/npm/browserslist,SAFE CONFIGURATION,Reviewed registry/deployment/dependency metadata or documentation. Dependency entries are not evidence of live-provider certification; see mobile advisory limitation.,True,False,False,False
package-lock.json,2834,https://github.com/sponsors/ai,SAFE CONFIGURATION,Reviewed registry/deployment/dependency metadata or documentation. Dependency entries are not evidence of live-provider certification; see mobile advisory limitation.,True,False,False,False
package-lock.json,2854,https://registry.npmjs.org/callsites/-/callsites-3.1.0.tgz,SAFE CONFIGURATION,Reviewed registry/deployment/dependency metadata or documentation. Dependency entries are not evidence of live-provider certification; see mobile advisory limitation.,True,False,False,False
package-lock.json,2864,https://registry.npmjs.org/caniuse-lite/-/caniuse-lite-1.0.30001810.tgz,SAFE CONFIGURATION,Reviewed registry/deployment/dependency metadata or documentation. Dependency entries are not evidence of live-provider certification; see mobile advisory limitation.,True,False,False,False
package-lock.json,2869,https://opencollective.com/browserslist,SAFE CONFIGURATION,Reviewed registry/deployment/dependency metadata or documentation. Dependency entries are not evidence of live-provider certification; see mobile advisory limitation.,True,False,False,False
package-lock.json,2873,https://tidelift.com/funding/github/npm/caniuse-lite,SAFE CONFIGURATION,Reviewed registry/deployment/dependency metadata or documentation. Dependency entries are not evidence of live-provider certification; see mobile advisory limitation.,True,False,False,False
package-lock.json,2877,https://github.com/sponsors/ai,SAFE CONFIGURATION,Reviewed registry/deployment/dependency metadata or documentation. Dependency entries are not evidence of live-provider certification; see mobile advisory limitation.,True,False,False,False
package-lock.json,2884,https://registry.npmjs.org/chalk/-/chalk-4.1.2.tgz,SAFE CONFIGURATION,Reviewed registry/deployment/dependency metadata or documentation. Dependency entries are not evidence of live-provider certification; see mobile advisory limitation.,True,False,False,False
package-lock.json,2896,https://github.com/chalk/chalk?sponsor=1,SAFE CONFIGURATION,Reviewed registry/deployment/dependency metadata or documentation. Dependency entries are not evidence of live-provider certification; see mobile advisory limitation.,True,False,False,False
package-lock.json,2901,https://registry.npmjs.org/chokidar/-/chokidar-5.0.0.tgz,SAFE CONFIGURATION,Reviewed registry/deployment/dependency metadata or documentation. Dependency entries are not evidence of live-provider certification; see mobile advisory limitation.,True,False,False,False
package-lock.json,2911,https://paulmillr.com/funding/,SAFE CONFIGURATION,Reviewed registry/deployment/dependency metadata or documentation. Dependency entries are not evidence of live-provider certification; see mobile advisory limitation.,True,False,False,False
package-lock.json,2916,https://registry.npmjs.org/clsx/-/clsx-2.1.1.tgz,SAFE CONFIGURATION,Reviewed registry/deployment/dependency metadata or documentation. Dependency entries are not evidence of live-provider certification; see mobile advisory limitation.,True,False,False,False
package-lock.json,2925,https://registry.npmjs.org/color-convert/-/color-convert-2.0.1.tgz,SAFE CONFIGURATION,Reviewed registry/deployment/dependency metadata or documentation. Dependency entries are not evidence of live-provider certification; see mobile advisory limitation.,True,False,False,False
package-lock.json,2938,https://registry.npmjs.org/color-name/-/color-name-1.1.4.tgz,SAFE CONFIGURATION,Reviewed registry/deployment/dependency metadata or documentation. Dependency entries are not evidence of live-provider certification; see mobile advisory limitation.,True,False,False,False
package-lock.json,2945,https://registry.npmjs.org/concat-map/-/concat-map-0.0.1.tgz,SAFE CONFIGURATION,Reviewed registry/deployment/dependency metadata or documentation. Dependency entries are not evidence of live-provider certification; see mobile advisory limitation.,True,False,False,False
package-lock.json,2952,https://registry.npmjs.org/consola/-/consola-3.4.2.tgz,SAFE CONFIGURATION,Reviewed registry/deployment/dependency metadata or documentation. Dependency entries are not evidence of live-provider certification; see mobile advisory limitation.,True,False,False,False
package-lock.json,2961,https://registry.npmjs.org/convert-source-map/-/convert-source-map-2.0.0.tgz,SAFE CONFIGURATION,Reviewed registry/deployment/dependency metadata or documentation. Dependency entries are not evidence of live-provider certification; see mobile advisory limitation.,True,False,False,False
package-lock.json,2967,https://registry.npmjs.org/cookie-es/-/cookie-es-3.1.1.tgz,SAFE CONFIGURATION,Reviewed registry/deployment/dependency metadata or documentation. Dependency entries are not evidence of live-provider certification; see mobile advisory limitation.,True,False,False,False
package-lock.json,2973,https://registry.npmjs.org/cross-spawn/-/cross-spawn-7.0.6.tgz,SAFE CONFIGURATION,Reviewed registry/deployment/dependency metadata or documentation. Dependency entries are not evidence of live-provider certification; see mobile advisory limitation.,True,False,False,False
package-lock.json,2988,https://registry.npmjs.org/crossws/-/crossws-0.4.12.tgz,SAFE CONFIGURATION,Reviewed registry/deployment/dependency metadata or documentation. Dependency entries are not evidence of live-provider certification; see mobile advisory limitation.,True,False,False,False
package-lock.json,3002,https://registry.npmjs.org/csstype/-/csstype-3.2.3.tgz,SAFE CONFIGURATION,Reviewed registry/deployment/dependency metadata or documentation. Dependency entries are not evidence of live-provider certification; see mobile advisory limitation.,True,False,False,False
package-lock.json,3009,https://registry.npmjs.org/db0/-/db0-0.3.4.tgz,SAFE CONFIGURATION,Reviewed registry/deployment/dependency metadata or documentation. Dependency entries are not evidence of live-provider certification; see mobile advisory limitation.,True,False,False,False
package-lock.json,3043,https://registry.npmjs.org/debug/-/debug-4.4.3.tgz,SAFE CONFIGURATION,Reviewed registry/deployment/dependency metadata or documentation. Dependency entries are not evidence of live-provider certification; see mobile advisory limitation.,True,False,False,False
package-lock.json,3060,https://registry.npmjs.org/deep-is/-/deep-is-0.1.4.tgz,SAFE CONFIGURATION,Reviewed registry/deployment/dependency metadata or documentation. Dependency entries are not evidence of live-provider certification; see mobile advisory limitation.,True,False,False,False
package-lock.json,3067,https://registry.npmjs.org/defu/-/defu-6.1.7.tgz,SAFE CONFIGURATION,Reviewed registry/deployment/dependency metadata or documentation. Dependency entries are not evidence of live-provider certification; see mobile advisory limitation.,True,False,False,False
package-lock.json,3073,https://registry.npmjs.org/detect-libc/-/detect-libc-2.1.2.tgz,SAFE CONFIGURATION,Reviewed registry/deployment/dependency metadata or documentation. Dependency entries are not evidence of live-provider certification; see mobile advisory limitation.,True,False,False,False
package-lock.json,3082,https://registry.npmjs.org/diff/-/diff-8.0.4.tgz,SAFE CONFIGURATION,Reviewed registry/deployment/dependency metadata or documentation. Dependency entries are not evidence of live-provider certification; see mobile advisory limitation.,True,False,False,False
package-lock.json,3091,https://registry.npmjs.org/electron-to-chromium/-/electron-to-chromium-1.5.422.tgz,SAFE CONFIGURATION,Reviewed registry/deployment/dependency metadata or documentation. Dependency entries are not evidence of live-provider certification; see mobile advisory limitation.,True,False,False,False
package-lock.json,3097,https://registry.npmjs.org/enhanced-resolve/-/enhanced-resolve-5.24.5.tgz,SAFE CONFIGURATION,Reviewed registry/deployment/dependency metadata or documentation. Dependency entries are not evidence of live-provider certification; see mobile advisory limitation.,True,False,False,False
package-lock.json,3111,https://registry.npmjs.org/env-runner/-/env-runner-0.1.16.tgz,SAFE CONFIGURATION,Reviewed registry/deployment/dependency metadata or documentation. Dependency entries are not evidence of live-provider certification; see mobile advisory limitation.,True,False,False,False
package-lock.json,3125,vercel,SAFE CONFIGURATION,Reviewed registry/deployment/dependency metadata or documentation. Dependency entries are not evidence of live-provider certification; see mobile advisory limitation.,True,False,False,False
package-lock.json,3133,vercel,SAFE CONFIGURATION,Reviewed registry/deployment/dependency metadata or documentation. Dependency entries are not evidence of live-provider certification; see mobile advisory limitation.,True,False,False,False
package-lock.json,3146,https://registry.npmjs.org/escalade/-/escalade-3.2.0.tgz,SAFE CONFIGURATION,Reviewed registry/deployment/dependency metadata or documentation. Dependency entries are not evidence of live-provider certification; see mobile advisory limitation.,True,False,False,False
package-lock.json,3155,https://registry.npmjs.org/escape-string-regexp/-/escape-string-regexp-4.0.0.tgz,SAFE CONFIGURATION,Reviewed registry/deployment/dependency metadata or documentation. Dependency entries are not evidence of live-provider certification; see mobile advisory limitation.,True,False,False,False
package-lock.json,3163,https://github.com/sponsors/sindresorhus,SAFE CONFIGURATION,Reviewed registry/deployment/dependency metadata or documentation. Dependency entries are not evidence of live-provider certification; see mobile advisory limitation.,True,False,False,False
package-lock.json,3168,https://registry.npmjs.org/eslint/-/eslint-9.39.5.tgz,SAFE CONFIGURATION,Reviewed registry/deployment/dependency metadata or documentation. Dependency entries are not evidence of live-provider certification; see mobile advisory limitation.,True,False,False,False
package-lock.json,3170,https://eslint.org/version-support,SAFE CONFIGURATION,Reviewed registry/deployment/dependency metadata or documentation. Dependency entries are not evidence of live-provider certification; see mobile advisory limitation.,True,False,False,False
package-lock.json,3216,https://eslint.org/donate,SAFE CONFIGURATION,Reviewed registry/deployment/dependency metadata or documentation. Dependency entries are not evidence of live-provider certification; see mobile advisory limitation.,True,False,False,False
package-lock.json,3229,https://registry.npmjs.org/eslint-config-prettier/-/eslint-config-prettier-10.1.8.tgz,SAFE CONFIGURATION,Reviewed registry/deployment/dependency metadata or documentation. Dependency entries are not evidence of live-provider certification; see mobile advisory limitation.,True,False,False,False
package-lock.json,3237,https://opencollective.com/eslint-config-prettier,SAFE CONFIGURATION,Reviewed registry/deployment/dependency metadata or documentation. Dependency entries are not evidence of live-provider certification; see mobile advisory limitation.,True,False,False,False
package-lock.json,3245,https://registry.npmjs.org/eslint-plugin-prettier/-/eslint-plugin-prettier-5.5.6.tgz,SAFE CONFIGURATION,Reviewed registry/deployment/dependency metadata or documentation. Dependency entries are not evidence of live-provider certification; see mobile advisory limitation.,True,False,False,False
package-lock.json,3257,https://opencollective.com/eslint-plugin-prettier,SAFE CONFIGURATION,Reviewed registry/deployment/dependency metadata or documentation. Dependency entries are not evidence of live-provider certification; see mobile advisory limitation.,True,False,False,False
package-lock.json,3276,https://registry.npmjs.org/eslint-plugin-react-hooks/-/eslint-plugin-react-hooks-5.2.0.tgz,SAFE CONFIGURATION,Reviewed registry/deployment/dependency metadata or documentation. Dependency entries are not evidence of live-provider certification; see mobile advisory limitation.,True,False,False,False
package-lock.json,3289,https://registry.npmjs.org/eslint-plugin-react-refresh/-/eslint-plugin-react-refresh-0.4.26.tgz,SAFE CONFIGURATION,Reviewed registry/deployment/dependency metadata or documentation. Dependency entries are not evidence of live-provider certification; see mobile advisory limitation.,True,False,False,False
package-lock.json,3299,https://registry.npmjs.org/eslint-scope/-/eslint-scope-8.4.0.tgz,SAFE CONFIGURATION,Reviewed registry/deployment/dependency metadata or documentation. Dependency entries are not evidence of live-provider certification; see mobile advisory limitation.,True,False,False,False
package-lock.json,3311,https://opencollective.com/eslint,SAFE CONFIGURATION,Reviewed registry/deployment/dependency metadata or documentation. Dependency entries are not evidence of live-provider certification; see mobile advisory limitation.,True,False,False,False
package-lock.json,3316,https://registry.npmjs.org/eslint-visitor-keys/-/eslint-visitor-keys-4.2.1.tgz,SAFE CONFIGURATION,Reviewed registry/deployment/dependency metadata or documentation. Dependency entries are not evidence of live-provider certification; see mobile advisory limitation.,True,False,False,False
package-lock.json,3324,https://opencollective.com/eslint,SAFE CONFIGURATION,Reviewed registry/deployment/dependency metadata or documentation. Dependency entries are not evidence of live-provider certification; see mobile advisory limitation.,True,False,False,False
package-lock.json,3329,https://registry.npmjs.org/ajv/-/ajv-6.15.0.tgz,SAFE CONFIGURATION,Reviewed registry/deployment/dependency metadata or documentation. Dependency entries are not evidence of live-provider certification; see mobile advisory limitation.,True,False,False,False
package-lock.json,3341,https://github.com/sponsors/epoberezkin,SAFE CONFIGURATION,Reviewed registry/deployment/dependency metadata or documentation. Dependency entries are not evidence of live-provider certification; see mobile advisory limitation.,True,False,False,False
package-lock.json,3346,https://registry.npmjs.org/json-schema-traverse/-/json-schema-traverse-0.4.1.tgz,SAFE CONFIGURATION,Reviewed registry/deployment/dependency metadata or documentation. Dependency entries are not evidence of live-provider certification; see mobile advisory limitation.,True,False,False,False
package-lock.json,3353,https://registry.npmjs.org/espree/-/espree-10.4.0.tgz,SAFE CONFIGURATION,Reviewed registry/deployment/dependency metadata or documentation. Dependency entries are not evidence of live-provider certification; see mobile advisory limitation.,True,False,False,False
package-lock.json,3366,https://opencollective.com/eslint,SAFE CONFIGURATION,Reviewed registry/deployment/dependency metadata or documentation. Dependency entries are not evidence of live-provider certification; see mobile advisory limitation.,True,False,False,False
package-lock.json,3371,https://registry.npmjs.org/esquery/-/esquery-1.7.0.tgz,SAFE CONFIGURATION,Reviewed registry/deployment/dependency metadata or documentation. Dependency entries are not evidence of live-provider certification; see mobile advisory limitation.,True,False,False,False
package-lock.json,3384,https://registry.npmjs.org/esrecurse/-/esrecurse-4.3.0.tgz,SAFE CONFIGURATION,Reviewed registry/deployment/dependency metadata or documentation. Dependency entries are not evidence of live-provider certification; see mobile advisory limitation.,True,False,False,False
package-lock.json,3397,https://registry.npmjs.org/estraverse/-/estraverse-5.3.0.tgz,SAFE CONFIGURATION,Reviewed registry/deployment/dependency metadata or documentation. Dependency entries are not evidence of live-provider certification; see mobile advisory limitation.,True,False,False,False
package-lock.json,3407,https://registry.npmjs.org/esutils/-/esutils-2.0.3.tgz,SAFE CONFIGURATION,Reviewed registry/deployment/dependency metadata or documentation. Dependency entries are not evidence of live-provider certification; see mobile advisory limitation.,True,False,False,False
package-lock.json,3417,https://registry.npmjs.org/exsolve/-/exsolve-1.1.1.tgz,SAFE CONFIGURATION,Reviewed registry/deployment/dependency metadata or documentation. Dependency entries are not evidence of live-provider certification; see mobile advisory limitation.,True,False,False,False
package-lock.json,3423,https://registry.npmjs.org/fast-deep-equal/-/fast-deep-equal-3.1.3.tgz,SAFE CONFIGURATION,Reviewed registry/deployment/dependency metadata or documentation. Dependency entries are not evidence of live-provider certification; see mobile advisory limitation.,True,False,False,False
package-lock.json,3430,https://registry.npmjs.org/fast-diff/-/fast-diff-1.3.0.tgz,SAFE CONFIGURATION,Reviewed registry/deployment/dependency metadata or documentation. Dependency entries are not evidence of live-provider certification; see mobile advisory limitation.,True,False,False,False
package-lock.json,3437,https://registry.npmjs.org/fast-json-stable-stringify/-/fast-json-stable-stringify-2.1.0.tgz,SAFE CONFIGURATION,Reviewed registry/deployment/dependency metadata or documentation. Dependency entries are not evidence of live-provider certification; see mobile advisory limitation.,True,False,False,False
package-lock.json,3444,https://registry.npmjs.org/fast-levenshtein/-/fast-levenshtein-2.0.6.tgz,SAFE CONFIGURATION,Reviewed registry/deployment/dependency metadata or documentation. Dependency entries are not evidence of live-provider certification; see mobile advisory limitation.,True,False,False,False
package-lock.json,3451,https://registry.npmjs.org/fdir/-/fdir-6.5.0.tgz,SAFE CONFIGURATION,Reviewed registry/deployment/dependency metadata or documentation. Dependency entries are not evidence of live-provider certification; see mobile advisory limitation.,True,False,False,False
package-lock.json,3468,https://registry.npmjs.org/fetchdts/-/fetchdts-0.1.7.tgz,SAFE CONFIGURATION,Reviewed registry/deployment/dependency metadata or documentation. Dependency entries are not evidence of live-provider certification; see mobile advisory limitation.,True,False,False,False
package-lock.json,3474,https://registry.npmjs.org/file-entry-cache/-/file-entry-cache-8.0.0.tgz,SAFE CONFIGURATION,Reviewed registry/deployment/dependency metadata or documentation. Dependency entries are not evidence of live-provider certification; see mobile advisory limitation.,True,False,False,False
package-lock.json,3487,https://registry.npmjs.org/find-up/-/find-up-5.0.0.tgz,SAFE CONFIGURATION,Reviewed registry/deployment/dependency metadata or documentation. Dependency entries are not evidence of live-provider certification; see mobile advisory limitation.,True,False,False,False
package-lock.json,3499,https://github.com/sponsors/sindresorhus,SAFE CONFIGURATION,Reviewed registry/deployment/dependency metadata or documentation. Dependency entries are not evidence of live-provider certification; see mobile advisory limitation.,True,False,False,False
package-lock.json,3504,https://registry.npmjs.org/flat-cache/-/flat-cache-4.0.1.tgz,SAFE CONFIGURATION,Reviewed registry/deployment/dependency metadata or documentation. Dependency entries are not evidence of live-provider certification; see mobile advisory limitation.,True,False,False,False
package-lock.json,3518,https://registry.npmjs.org/flatted/-/flatted-3.4.4.tgz,SAFE CONFIGURATION,Reviewed registry/deployment/dependency metadata or documentation. Dependency entries are not evidence of live-provider certification; see mobile advisory limitation.,True,False,False,False
package-lock.json,3525,https://registry.npmjs.org/fsevents/-/fsevents-2.3.3.tgz,SAFE CONFIGURATION,Reviewed registry/deployment/dependency metadata or documentation. Dependency entries are not evidence of live-provider certification; see mobile advisory limitation.,True,False,False,False
package-lock.json,3540,https://registry.npmjs.org/gensync/-/gensync-1.0.0-beta.2.tgz,SAFE CONFIGURATION,Reviewed registry/deployment/dependency metadata or documentation. Dependency entries are not evidence of live-provider certification; see mobile advisory limitation.,True,False,False,False
package-lock.json,3549,https://registry.npmjs.org/glob-parent/-/glob-parent-6.0.2.tgz,SAFE CONFIGURATION,Reviewed registry/deployment/dependency metadata or documentation. Dependency entries are not evidence of live-provider certification; see mobile advisory limitation.,True,False,False,False
package-lock.json,3562,https://registry.npmjs.org/globals/-/globals-15.15.0.tgz,SAFE CONFIGURATION,Reviewed registry/deployment/dependency metadata or documentation. Dependency entries are not evidence of live-provider certification; see mobile advisory limitation.,True,False,False,False
package-lock.json,3570,https://github.com/sponsors/sindresorhus,SAFE CONFIGURATION,Reviewed registry/deployment/dependency metadata or documentation. Dependency entries are not evidence of live-provider certification; see mobile advisory limitation.,True,False,False,False
package-lock.json,3575,https://registry.npmjs.org/graceful-fs/-/graceful-fs-4.2.11.tgz,SAFE CONFIGURATION,Reviewed registry/deployment/dependency metadata or documentation. Dependency entries are not evidence of live-provider certification; see mobile advisory limitation.,True,False,False,False
package-lock.json,3582,https://registry.npmjs.org/h3/-/h3-2.0.1-rc.22.tgz,SAFE CONFIGURATION,Reviewed registry/deployment/dependency metadata or documentation. Dependency entries are not evidence of live-provider certification; see mobile advisory limitation.,True,False,False,False
package-lock.json,3607,https://registry.npmjs.org/h3/-/h3-2.0.1-rc.20.tgz,SAFE CONFIGURATION,Reviewed registry/deployment/dependency metadata or documentation. Dependency entries are not evidence of live-provider certification; see mobile advisory limitation.,True,False,False,False
package-lock.json,3631,https://registry.npmjs.org/rou3/-/rou3-0.8.1.tgz,SAFE CONFIGURATION,Reviewed registry/deployment/dependency metadata or documentation. Dependency entries are not evidence of live-provider certification; see mobile advisory limitation.,True,False,False,False
package-lock.json,3637,https://registry.npmjs.org/rou3/-/rou3-0.8.1.tgz,SAFE CONFIGURATION,Reviewed registry/deployment/dependency metadata or documentation. Dependency entries are not evidence of live-provider certification; see mobile advisory limitation.,True,False,False,False
package-lock.json,3643,https://registry.npmjs.org/has-flag/-/has-flag-4.0.0.tgz,SAFE CONFIGURATION,Reviewed registry/deployment/dependency metadata or documentation. Dependency entries are not evidence of live-provider certification; see mobile advisory limitation.,True,False,False,False
package-lock.json,3653,https://registry.npmjs.org/hookable/-/hookable-6.1.1.tgz,SAFE CONFIGURATION,Reviewed registry/deployment/dependency metadata or documentation. Dependency entries are not evidence of live-provider certification; see mobile advisory limitation.,True,False,False,False
package-lock.json,3659,https://registry.npmjs.org/httpxy/-/httpxy-0.5.5.tgz,SAFE CONFIGURATION,Reviewed registry/deployment/dependency metadata or documentation. Dependency entries are not evidence of live-provider certification; see mobile advisory limitation.,True,False,False,False
package-lock.json,3665,https://registry.npmjs.org/ignore/-/ignore-5.3.2.tgz,SAFE CONFIGURATION,Reviewed registry/deployment/dependency metadata or documentation. Dependency entries are not evidence of live-provider certification; see mobile advisory limitation.,True,False,False,False
package-lock.json,3675,https://registry.npmjs.org/import-fresh/-/import-fresh-3.3.1.tgz,SAFE CONFIGURATION,Reviewed registry/deployment/dependency metadata or documentation. Dependency entries are not evidence of live-provider certification; see mobile advisory limitation.,True,False,False,False
package-lock.json,3687,https://github.com/sponsors/sindresorhus,SAFE CONFIGURATION,Reviewed registry/deployment/dependency metadata or documentation. Dependency entries are not evidence of live-provider certification; see mobile advisory limitation.,True,False,False,False
package-lock.json,3692,https://registry.npmjs.org/imurmurhash/-/imurmurhash-0.1.4.tgz,SAFE CONFIGURATION,Reviewed registry/deployment/dependency metadata or documentation. Dependency entries are not evidence of live-provider certification; see mobile advisory limitation.,True,False,False,False
package-lock.json,3702,https://registry.npmjs.org/is-extglob/-/is-extglob-2.1.1.tgz,SAFE CONFIGURATION,Reviewed registry/deployment/dependency metadata or documentation. Dependency entries are not evidence of live-provider certification; see mobile advisory limitation.,True,False,False,False
package-lock.json,3712,https://registry.npmjs.org/is-glob/-/is-glob-4.0.3.tgz,SAFE CONFIGURATION,Reviewed registry/deployment/dependency metadata or documentation. Dependency entries are not evidence of live-provider certification; see mobile advisory limitation.,True,False,False,False
package-lock.json,3725,https://registry.npmjs.org/isbot/-/isbot-5.2.2.tgz,SAFE CONFIGURATION,Reviewed registry/deployment/dependency metadata or documentation. Dependency entries are not evidence of live-provider certification; see mobile advisory limitation.,True,False,False,False
package-lock.json,3734,https://registry.npmjs.org/isexe/-/isexe-2.0.0.tgz,SAFE CONFIGURATION,Reviewed registry/deployment/dependency metadata or documentation. Dependency entries are not evidence of live-provider certification; see mobile advisory limitation.,True,False,False,False
package-lock.json,3741,https://registry.npmjs.org/jiti/-/jiti-2.7.0.tgz,SAFE CONFIGURATION,Reviewed registry/deployment/dependency metadata or documentation. Dependency entries are not evidence of live-provider certification; see mobile advisory limitation.,True,False,False,False
package-lock.json,3750,https://registry.npmjs.org/jose/-/jose-6.2.9.tgz,SAFE CONFIGURATION,Reviewed registry/deployment/dependency metadata or documentation. Dependency entries are not evidence of live-provider certification; see mobile advisory limitation.,True,False,False,False
package-lock.json,3754,https://github.com/sponsors/panva,SAFE CONFIGURATION,Reviewed registry/deployment/dependency metadata or documentation. Dependency entries are not evidence of live-provider certification; see mobile advisory limitation.,True,False,False,False
package-lock.json,3759,https://registry.npmjs.org/js-tokens/-/js-tokens-4.0.0.tgz,SAFE CONFIGURATION,Reviewed registry/deployment/dependency metadata or documentation. Dependency entries are not evidence of live-provider certification; see mobile advisory limitation.,True,False,False,False
package-lock.json,3765,https://registry.npmjs.org/js-yaml/-/js-yaml-4.3.2.tgz,SAFE CONFIGURATION,Reviewed registry/deployment/dependency metadata or documentation. Dependency entries are not evidence of live-provider certification; see mobile advisory limitation.,True,False,False,False
package-lock.json,3770,https://github.com/sponsors/puzrin,SAFE CONFIGURATION,Reviewed registry/deployment/dependency metadata or documentation. Dependency entries are not evidence of live-provider certification; see mobile advisory limitation.,True,False,False,False
package-lock.json,3774,https://github.com/sponsors/nodeca,SAFE CONFIGURATION,Reviewed registry/deployment/dependency metadata or documentation. Dependency entries are not evidence of live-provider certification; see mobile advisory limitation.,True,False,False,False
package-lock.json,3787,https://registry.npmjs.org/jsesc/-/jsesc-3.1.0.tgz,SAFE CONFIGURATION,Reviewed registry/deployment/dependency metadata or documentation. Dependency entries are not evidence of live-provider certification; see mobile advisory limitation.,True,False,False,False
package-lock.json,3799,https://registry.npmjs.org/json-buffer/-/json-buffer-3.0.1.tgz,SAFE CONFIGURATION,Reviewed registry/deployment/dependency metadata or documentation. Dependency entries are not evidence of live-provider certification; see mobile advisory limitation.,True,False,False,False
package-lock.json,3806,https://registry.npmjs.org/json-stable-stringify-without-jsonify/-/json-stable-stringify-without-jsonify-1.0.1.tgz,SAFE CONFIGURATION,Reviewed registry/deployment/dependency metadata or documentation. Dependency entries are not evidence of live-provider certification; see mobile advisory limitation.,True,False,False,False
package-lock.json,3813,https://registry.npmjs.org/json5/-/json5-2.2.3.tgz,SAFE CONFIGURATION,Reviewed registry/deployment/dependency metadata or documentation. Dependency entries are not evidence of live-provider certification; see mobile advisory limitation.,True,False,False,False
package-lock.json,3825,https://registry.npmjs.org/keyv/-/keyv-4.5.4.tgz,SAFE CONFIGURATION,Reviewed registry/deployment/dependency metadata or documentation. Dependency entries are not evidence of live-provider certification; see mobile advisory limitation.,True,False,False,False
package-lock.json,3835,https://registry.npmjs.org/kysely/-/kysely-0.28.17.tgz,SAFE CONFIGURATION,Reviewed registry/deployment/dependency metadata or documentation. Dependency entries are not evidence of live-provider certification; see mobile advisory limitation.,True,False,False,False
package-lock.json,3844,https://registry.npmjs.org/levn/-/levn-0.4.1.tgz,SAFE CONFIGURATION,Reviewed registry/deployment/dependency metadata or documentation. Dependency entries are not evidence of live-provider certification; see mobile advisory limitation.,True,False,False,False
package-lock.json,3858,https://registry.npmjs.org/lightningcss/-/lightningcss-1.33.0.tgz,SAFE CONFIGURATION,Reviewed registry/deployment/dependency metadata or documentation. Dependency entries are not evidence of live-provider certification; see mobile advisory limitation.,True,False,False,False
package-lock.json,3869,https://opencollective.com/parcel,SAFE CONFIGURATION,Reviewed registry/deployment/dependency metadata or documentation. Dependency entries are not evidence of live-provider certification; see mobile advisory limitation.,True,False,False,False
package-lock.json,3887,https://registry.npmjs.org/lightningcss-android-arm64/-/lightningcss-android-arm64-1.33.0.tgz,SAFE CONFIGURATION,Reviewed registry/deployment/dependency metadata or documentation. Dependency entries are not evidence of live-provider certification; see mobile advisory limitation.,True,False,False,False
package-lock.json,3902,https://opencollective.com/parcel,SAFE CONFIGURATION,Reviewed registry/deployment/dependency metadata or documentation. Dependency entries are not evidence of live-provider certification; see mobile advisory limitation.,True,False,False,False
package-lock.json,3907,https://registry.npmjs.org/lightningcss-darwin-arm64/-/lightningcss-darwin-arm64-1.33.0.tgz,SAFE CONFIGURATION,Reviewed registry/deployment/dependency metadata or documentation. Dependency entries are not evidence of live-provider certification; see mobile advisory limitation.,True,False,False,False
package-lock.json,3922,https://opencollective.com/parcel,SAFE CONFIGURATION,Reviewed registry/deployment/dependency metadata or documentation. Dependency entries are not evidence of live-provider certification; see mobile advisory limitation.,True,False,False,False
package-lock.json,3927,https://registry.npmjs.org/lightningcss-darwin-x64/-/lightningcss-darwin-x64-1.33.0.tgz,SAFE CONFIGURATION,Reviewed registry/deployment/dependency metadata or documentation. Dependency entries are not evidence of live-provider certification; see mobile advisory limitation.,True,False,False,False
package-lock.json,3942,https://opencollective.com/parcel,SAFE CONFIGURATION,Reviewed registry/deployment/dependency metadata or documentation. Dependency entries are not evidence of live-provider certification; see mobile advisory limitation.,True,False,False,False
package-lock.json,3947,https://registry.npmjs.org/lightningcss-freebsd-x64/-/lightningcss-freebsd-x64-1.33.0.tgz,SAFE CONFIGURATION,Reviewed registry/deployment/dependency metadata or documentation. Dependency entries are not evidence of live-provider certification; see mobile advisory limitation.,True,False,False,False
package-lock.json,3962,https://opencollective.com/parcel,SAFE CONFIGURATION,Reviewed registry/deployment/dependency metadata or documentation. Dependency entries are not evidence of live-provider certification; see mobile advisory limitation.,True,False,False,False
package-lock.json,3967,https://registry.npmjs.org/lightningcss-linux-arm-gnueabihf/-/lightningcss-linux-arm-gnueabihf-1.33.0.tgz,SAFE CONFIGURATION,Reviewed registry/deployment/dependency metadata or documentation. Dependency entries are not evidence of live-provider certification; see mobile advisory limitation.,True,False,False,False
package-lock.json,3982,https://opencollective.com/parcel,SAFE CONFIGURATION,Reviewed registry/deployment/dependency metadata or documentation. Dependency entries are not evidence of live-provider certification; see mobile advisory limitation.,True,False,False,False
package-lock.json,3987,https://registry.npmjs.org/lightningcss-linux-arm64-gnu/-/lightningcss-linux-arm64-gnu-1.33.0.tgz,SAFE CONFIGURATION,Reviewed registry/deployment/dependency metadata or documentation. Dependency entries are not evidence of live-provider certification; see mobile advisory limitation.,True,False,False,False
package-lock.json,4002,https://opencollective.com/parcel,SAFE CONFIGURATION,Reviewed registry/deployment/dependency metadata or documentation. Dependency entries are not evidence of live-provider certification; see mobile advisory limitation.,True,False,False,False
package-lock.json,4007,https://registry.npmjs.org/lightningcss-linux-arm64-musl/-/lightningcss-linux-arm64-musl-1.33.0.tgz,SAFE CONFIGURATION,Reviewed registry/deployment/dependency metadata or documentation. Dependency entries are not evidence of live-provider certification; see mobile advisory limitation.,True,False,False,False
package-lock.json,4022,https://opencollective.com/parcel,SAFE CONFIGURATION,Reviewed registry/deployment/dependency metadata or documentation. Dependency entries are not evidence of live-provider certification; see mobile advisory limitation.,True,False,False,False
package-lock.json,4027,https://registry.npmjs.org/lightningcss-linux-x64-gnu/-/lightningcss-linux-x64-gnu-1.33.0.tgz,SAFE CONFIGURATION,Reviewed registry/deployment/dependency metadata or documentation. Dependency entries are not evidence of live-provider certification; see mobile advisory limitation.,True,False,False,False
package-lock.json,4042,https://opencollective.com/parcel,SAFE CONFIGURATION,Reviewed registry/deployment/dependency metadata or documentation. Dependency entries are not evidence of live-provider certification; see mobile advisory limitation.,True,False,False,False
package-lock.json,4047,https://registry.npmjs.org/lightningcss-linux-x64-musl/-/lightningcss-linux-x64-musl-1.33.0.tgz,SAFE CONFIGURATION,Reviewed registry/deployment/dependency metadata or documentation. Dependency entries are not evidence of live-provider certification; see mobile advisory limitation.,True,False,False,False
package-lock.json,4062,https://opencollective.com/parcel,SAFE CONFIGURATION,Reviewed registry/deployment/dependency metadata or documentation. Dependency entries are not evidence of live-provider certification; see mobile advisory limitation.,True,False,False,False
package-lock.json,4067,https://registry.npmjs.org/lightningcss-win32-arm64-msvc/-/lightningcss-win32-arm64-msvc-1.33.0.tgz,SAFE CONFIGURATION,Reviewed registry/deployment/dependency metadata or documentation. Dependency entries are not evidence of live-provider certification; see mobile advisory limitation.,True,False,False,False
package-lock.json,4082,https://opencollective.com/parcel,SAFE CONFIGURATION,Reviewed registry/deployment/dependency metadata or documentation. Dependency entries are not evidence of live-provider certification; see mobile advisory limitation.,True,False,False,False
package-lock.json,4087,https://registry.npmjs.org/lightningcss-win32-x64-msvc/-/lightningcss-win32-x64-msvc-1.33.0.tgz,SAFE CONFIGURATION,Reviewed registry/deployment/dependency metadata or documentation. Dependency entries are not evidence of live-provider certification; see mobile advisory limitation.,True,False,False,False
package-lock.json,4102,https://opencollective.com/parcel,SAFE CONFIGURATION,Reviewed registry/deployment/dependency metadata or documentation. Dependency entries are not evidence of live-provider certification; see mobile advisory limitation.,True,False,False,False
package-lock.json,4107,https://registry.npmjs.org/locate-path/-/locate-path-6.0.0.tgz,SAFE CONFIGURATION,Reviewed registry/deployment/dependency metadata or documentation. Dependency entries are not evidence of live-provider certification; see mobile advisory limitation.,True,False,False,False
package-lock.json,4118,https://github.com/sponsors/sindresorhus,SAFE CONFIGURATION,Reviewed registry/deployment/dependency metadata or documentation. Dependency entries are not evidence of live-provider certification; see mobile advisory limitation.,True,False,False,False
package-lock.json,4123,https://registry.npmjs.org/lodash.merge/-/lodash.merge-4.6.2.tgz,SAFE CONFIGURATION,Reviewed registry/deployment/dependency metadata or documentation. Dependency entries are not evidence of live-provider certification; see mobile advisory limitation.,True,False,False,False
package-lock.json,4130,https://registry.npmjs.org/lru-cache/-/lru-cache-5.1.1.tgz,SAFE CONFIGURATION,Reviewed registry/deployment/dependency metadata or documentation. Dependency entries are not evidence of live-provider certification; see mobile advisory limitation.,True,False,False,False
package-lock.json,4139,https://registry.npmjs.org/lucide-react/-/lucide-react-0.510.0.tgz,SAFE CONFIGURATION,Reviewed registry/deployment/dependency metadata or documentation. Dependency entries are not evidence of live-provider certification; see mobile advisory limitation.,True,False,False,False
package-lock.json,4148,https://registry.npmjs.org/magic-string/-/magic-string-0.30.21.tgz,SAFE CONFIGURATION,Reviewed registry/deployment/dependency metadata or documentation. Dependency entries are not evidence of live-provider certification; see mobile advisory limitation.,True,False,False,False
package-lock.json,4157,https://registry.npmjs.org/minimatch/-/minimatch-3.1.5.tgz,SAFE CONFIGURATION,Reviewed registry/deployment/dependency metadata or documentation. Dependency entries are not evidence of live-provider certification; see mobile advisory limitation.,True,False,False,False
package-lock.json,4170,https://registry.npmjs.org/ms/-/ms-2.1.3.tgz,SAFE CONFIGURATION,Reviewed registry/deployment/dependency metadata or documentation. Dependency entries are not evidence of live-provider certification; see mobile advisory limitation.,True,False,False,False
package-lock.json,4176,https://registry.npmjs.org/nanoid/-/nanoid-3.3.18.tgz,SAFE CONFIGURATION,Reviewed registry/deployment/dependency metadata or documentation. Dependency entries are not evidence of live-provider certification; see mobile advisory limitation.,True,False,False,False
package-lock.json,4182,https://github.com/sponsors/ai,SAFE CONFIGURATION,Reviewed registry/deployment/dependency metadata or documentation. Dependency entries are not evidence of live-provider certification; see mobile advisory limitation.,True,False,False,False
package-lock.json,4195,https://registry.npmjs.org/nanostores/-/nanostores-1.5.3.tgz,SAFE CONFIGURATION,Reviewed registry/deployment/dependency metadata or documentation. Dependency entries are not evidence of live-provider certification; see mobile advisory limitation.,True,False,False,False
package-lock.json,4200,https://github.com/sponsors/ai,SAFE CONFIGURATION,Reviewed registry/deployment/dependency metadata or documentation. Dependency entries are not evidence of live-provider certification; see mobile advisory limitation.,True,False,False,False
package-lock.json,4210,https://registry.npmjs.org/natural-compare/-/natural-compare-1.4.0.tgz,SAFE CONFIGURATION,Reviewed registry/deployment/dependency metadata or documentation. Dependency entries are not evidence of live-provider certification; see mobile advisory limitation.,True,False,False,False
package-lock.json,4217,https://registry.npmjs.org/nf3/-/nf3-0.3.17.tgz,SAFE CONFIGURATION,Reviewed registry/deployment/dependency metadata or documentation. Dependency entries are not evidence of live-provider certification; see mobile advisory limitation.,True,False,False,False
package-lock.json,4223,https://registry.npmjs.org/nitro/-/nitro-3.0.260610-beta.tgz,SAFE CONFIGURATION,Reviewed registry/deployment/dependency metadata or documentation. Dependency entries are not evidence of live-provider certification; see mobile advisory limitation.,True,False,False,False
package-lock.json,4249,vercel,SAFE CONFIGURATION,Reviewed registry/deployment/dependency metadata or documentation. Dependency entries are not evidence of live-provider certification; see mobile advisory limitation.,True,False,False,False
package-lock.json,4259,vercel,SAFE CONFIGURATION,Reviewed registry/deployment/dependency metadata or documentation. Dependency entries are not evidence of live-provider certification; see mobile advisory limitation.,True,False,False,False
package-lock.json,4287,https://registry.npmjs.org/lru-cache/-/lru-cache-11.5.2.tgz,SAFE CONFIGURATION,Reviewed registry/deployment/dependency metadata or documentation. Dependency entries are not evidence of live-provider certification; see mobile advisory limitation.,True,False,False,False
package-lock.json,4298,https://registry.npmjs.org/unstorage/-/unstorage-2.0.0-alpha.7.tgz,SAFE CONFIGURATION,Reviewed registry/deployment/dependency metadata or documentation. Dependency entries are not evidence of live-provider certification; see mobile advisory limitation.,True,False,False,False
package-lock.json,4312,redis,SAFE CONFIGURATION,Reviewed registry/deployment/dependency metadata or documentation. Dependency entries are not evidence of live-provider certification; see mobile advisory limitation.,True,False,False,False
package-lock.json,4312,upstash,SAFE CONFIGURATION,Reviewed registry/deployment/dependency metadata or documentation. Dependency entries are not evidence of live-provider certification; see mobile advisory limitation.,True,False,False,False
package-lock.json,4313,vercel,SAFE CONFIGURATION,Reviewed registry/deployment/dependency metadata or documentation. Dependency entries are not evidence of live-provider certification; see mobile advisory limitation.,True,False,False,False
package-lock.json,4314,vercel,SAFE CONFIGURATION,Reviewed registry/deployment/dependency metadata or documentation. Dependency entries are not evidence of live-provider certification; see mobile advisory limitation.,True,False,False,False
package-lock.json,4315,vercel,SAFE CONFIGURATION,Reviewed registry/deployment/dependency metadata or documentation. Dependency entries are not evidence of live-provider certification; see mobile advisory limitation.,True,False,False,False
package-lock.json,4316,aws4,SAFE CONFIGURATION,Reviewed registry/deployment/dependency metadata or documentation. Dependency entries are not evidence of live-provider certification; see mobile advisory limitation.,True,False,False,False
package-lock.json,4357,redis,SAFE CONFIGURATION,Reviewed registry/deployment/dependency metadata or documentation. Dependency entries are not evidence of live-provider certification; see mobile advisory limitation.,True,False,False,False
package-lock.json,4357,upstash,SAFE CONFIGURATION,Reviewed registry/deployment/dependency metadata or documentation. Dependency entries are not evidence of live-provider certification; see mobile advisory limitation.,True,False,False,False
package-lock.json,4360,vercel,SAFE CONFIGURATION,Reviewed registry/deployment/dependency metadata or documentation. Dependency entries are not evidence of live-provider certification; see mobile advisory limitation.,True,False,False,False
package-lock.json,4363,vercel,SAFE CONFIGURATION,Reviewed registry/deployment/dependency metadata or documentation. Dependency entries are not evidence of live-provider certification; see mobile advisory limitation.,True,False,False,False
package-lock.json,4366,vercel,SAFE CONFIGURATION,Reviewed registry/deployment/dependency metadata or documentation. Dependency entries are not evidence of live-provider certification; see mobile advisory limitation.,True,False,False,False
package-lock.json,4369,aws4,SAFE CONFIGURATION,Reviewed registry/deployment/dependency metadata or documentation. Dependency entries are not evidence of live-provider certification; see mobile advisory limitation.,True,False,False,False
package-lock.json,4400,https://registry.npmjs.org/node-releases/-/node-releases-2.0.54.tgz,SAFE CONFIGURATION,Reviewed registry/deployment/dependency metadata or documentation. Dependency entries are not evidence of live-provider certification; see mobile advisory limitation.,True,False,False,False
package-lock.json,4409,https://registry.npmjs.org/ocache/-/ocache-0.1.5.tgz,SAFE CONFIGURATION,Reviewed registry/deployment/dependency metadata or documentation. Dependency entries are not evidence of live-provider certification; see mobile advisory limitation.,True,False,False,False
package-lock.json,4418,https://registry.npmjs.org/ofetch/-/ofetch-2.0.0-alpha.3.tgz,SAFE CONFIGURATION,Reviewed registry/deployment/dependency metadata or documentation. Dependency entries are not evidence of live-provider certification; see mobile advisory limitation.,True,False,False,False
package-lock.json,4424,https://registry.npmjs.org/ohash/-/ohash-2.0.12.tgz,SAFE CONFIGURATION,Reviewed registry/deployment/dependency metadata or documentation. Dependency entries are not evidence of live-provider certification; see mobile advisory limitation.,True,False,False,False
package-lock.json,4430,https://registry.npmjs.org/optionator/-/optionator-0.9.4.tgz,SAFE CONFIGURATION,Reviewed registry/deployment/dependency metadata or documentation. Dependency entries are not evidence of live-provider certification; see mobile advisory limitation.,True,False,False,False
package-lock.json,4448,https://registry.npmjs.org/p-limit/-/p-limit-3.1.0.tgz,SAFE CONFIGURATION,Reviewed registry/deployment/dependency metadata or documentation. Dependency entries are not evidence of live-provider certification; see mobile advisory limitation.,True,False,False,False
package-lock.json,4459,https://github.com/sponsors/sindresorhus,SAFE CONFIGURATION,Reviewed registry/deployment/dependency metadata or documentation. Dependency entries are not evidence of live-provider certification; see mobile advisory limitation.,True,False,False,False
package-lock.json,4464,https://registry.npmjs.org/p-locate/-/p-locate-5.0.0.tgz,SAFE CONFIGURATION,Reviewed registry/deployment/dependency metadata or documentation. Dependency entries are not evidence of live-provider certification; see mobile advisory limitation.,True,False,False,False
package-lock.json,4475,https://github.com/sponsors/sindresorhus,SAFE CONFIGURATION,Reviewed registry/deployment/dependency metadata or documentation. Dependency entries are not evidence of live-provider certification; see mobile advisory limitation.,True,False,False,False
package-lock.json,4480,https://registry.npmjs.org/parent-module/-/parent-module-1.0.1.tgz,SAFE CONFIGURATION,Reviewed registry/deployment/dependency metadata or documentation. Dependency entries are not evidence of live-provider certification; see mobile advisory limitation.,True,False,False,False
package-lock.json,4493,https://registry.npmjs.org/path-exists/-/path-exists-4.0.0.tgz,SAFE CONFIGURATION,Reviewed registry/deployment/dependency metadata or documentation. Dependency entries are not evidence of live-provider certification; see mobile advisory limitation.,True,False,False,False
package-lock.json,4503,https://registry.npmjs.org/path-key/-/path-key-3.1.1.tgz,SAFE CONFIGURATION,Reviewed registry/deployment/dependency metadata or documentation. Dependency entries are not evidence of live-provider certification; see mobile advisory limitation.,True,False,False,False
package-lock.json,4513,https://registry.npmjs.org/pathe/-/pathe-2.0.3.tgz,SAFE CONFIGURATION,Reviewed registry/deployment/dependency metadata or documentation. Dependency entries are not evidence of live-provider certification; see mobile advisory limitation.,True,False,False,False
package-lock.json,4519,https://registry.npmjs.org/pg/-/pg-8.23.0.tgz,SAFE CONFIGURATION,Reviewed registry/deployment/dependency metadata or documentation. Dependency entries are not evidence of live-provider certification; see mobile advisory limitation.,True,False,False,False
package-lock.json,4533,cloudflare,SAFE CONFIGURATION,Reviewed registry/deployment/dependency metadata or documentation. Dependency entries are not evidence of live-provider certification; see mobile advisory limitation.,True,False,False,False
package-lock.json,4544,cloudflare,SAFE CONFIGURATION,Reviewed registry/deployment/dependency metadata or documentation. Dependency entries are not evidence of live-provider certification; see mobile advisory limitation.,True,False,False,False
package-lock.json,4546,https://registry.npmjs.org/pg-cloudflare/-/pg-cloudflare-1.4.0.tgz,SAFE CONFIGURATION,Reviewed registry/deployment/dependency metadata or documentation. Dependency entries are not evidence of live-provider certification; see mobile advisory limitation.,True,False,False,False
package-lock.json,4553,https://registry.npmjs.org/pg-connection-string/-/pg-connection-string-2.14.0.tgz,SAFE CONFIGURATION,Reviewed registry/deployment/dependency metadata or documentation. Dependency entries are not evidence of live-provider certification; see mobile advisory limitation.,True,False,False,False
package-lock.json,4559,https://registry.npmjs.org/pg-int8/-/pg-int8-1.0.1.tgz,SAFE CONFIGURATION,Reviewed registry/deployment/dependency metadata or documentation. Dependency entries are not evidence of live-provider certification; see mobile advisory limitation.,True,False,False,False
package-lock.json,4568,https://registry.npmjs.org/pg-pool/-/pg-pool-3.14.0.tgz,SAFE CONFIGURATION,Reviewed registry/deployment/dependency metadata or documentation. Dependency entries are not evidence of live-provider certification; see mobile advisory limitation.,True,False,False,False
package-lock.json,4577,https://registry.npmjs.org/pg-protocol/-/pg-protocol-1.16.0.tgz,SAFE CONFIGURATION,Reviewed registry/deployment/dependency metadata or documentation. Dependency entries are not evidence of live-provider certification; see mobile advisory limitation.,True,False,False,False
package-lock.json,4583,https://registry.npmjs.org/pg-types/-/pg-types-2.2.0.tgz,SAFE CONFIGURATION,Reviewed registry/deployment/dependency metadata or documentation. Dependency entries are not evidence of live-provider certification; see mobile advisory limitation.,True,False,False,False
package-lock.json,4599,https://registry.npmjs.org/pgpass/-/pgpass-1.0.5.tgz,SAFE CONFIGURATION,Reviewed registry/deployment/dependency metadata or documentation. Dependency entries are not evidence of live-provider certification; see mobile advisory limitation.,True,False,False,False
package-lock.json,4608,https://registry.npmjs.org/picocolors/-/picocolors-1.1.1.tgz,SAFE CONFIGURATION,Reviewed registry/deployment/dependency metadata or documentation. Dependency entries are not evidence of live-provider certification; see mobile advisory limitation.,True,False,False,False
package-lock.json,4614,https://registry.npmjs.org/picomatch/-/picomatch-4.0.7.tgz,SAFE CONFIGURATION,Reviewed registry/deployment/dependency metadata or documentation. Dependency entries are not evidence of live-provider certification; see mobile advisory limitation.,True,False,False,False
package-lock.json,4621,https://github.com/sponsors/jonschlinkert,SAFE CONFIGURATION,Reviewed registry/deployment/dependency metadata or documentation. Dependency entries are not evidence of live-provider certification; see mobile advisory limitation.,True,False,False,False
package-lock.json,4626,https://registry.npmjs.org/playwright/-/playwright-1.63.0.tgz,SAFE CONFIGURATION,Reviewed registry/deployment/dependency metadata or documentation. Dependency entries are not evidence of live-provider certification; see mobile advisory limitation.,True,False,False,False
package-lock.json,4642,https://registry.npmjs.org/playwright-core/-/playwright-core-1.63.0.tgz,SAFE CONFIGURATION,Reviewed registry/deployment/dependency metadata or documentation. Dependency entries are not evidence of live-provider certification; see mobile advisory limitation.,True,False,False,False
package-lock.json,4655,https://registry.npmjs.org/postcss/-/postcss-8.5.28.tgz,SAFE CONFIGURATION,Reviewed registry/deployment/dependency metadata or documentation. Dependency entries are not evidence of live-provider certification; see mobile advisory limitation.,True,False,False,False
package-lock.json,4661,https://opencollective.com/postcss/,SAFE CONFIGURATION,Reviewed registry/deployment/dependency metadata or documentation. Dependency entries are not evidence of live-provider certification; see mobile advisory limitation.,True,False,False,False
package-lock.json,4665,https://tidelift.com/funding/github/npm/postcss,SAFE CONFIGURATION,Reviewed registry/deployment/dependency metadata or documentation. Dependency entries are not evidence of live-provider certification; see mobile advisory limitation.,True,False,False,False
package-lock.json,4669,https://github.com/sponsors/ai,SAFE CONFIGURATION,Reviewed registry/deployment/dependency metadata or documentation. Dependency entries are not evidence of live-provider certification; see mobile advisory limitation.,True,False,False,False
package-lock.json,4684,https://registry.npmjs.org/postgres-array/-/postgres-array-2.0.0.tgz,SAFE CONFIGURATION,Reviewed registry/deployment/dependency metadata or documentation. Dependency entries are not evidence of live-provider certification; see mobile advisory limitation.,True,False,False,False
package-lock.json,4693,https://registry.npmjs.org/postgres-bytea/-/postgres-bytea-1.0.1.tgz,SAFE CONFIGURATION,Reviewed registry/deployment/dependency metadata or documentation. Dependency entries are not evidence of live-provider certification; see mobile advisory limitation.,True,False,False,False
package-lock.json,4702,https://registry.npmjs.org/postgres-date/-/postgres-date-1.0.7.tgz,SAFE CONFIGURATION,Reviewed registry/deployment/dependency metadata or documentation. Dependency entries are not evidence of live-provider certification; see mobile advisory limitation.,True,False,False,False
package-lock.json,4711,https://registry.npmjs.org/postgres-interval/-/postgres-interval-1.2.0.tgz,SAFE CONFIGURATION,Reviewed registry/deployment/dependency metadata or documentation. Dependency entries are not evidence of live-provider certification; see mobile advisory limitation.,True,False,False,False
package-lock.json,4723,https://registry.npmjs.org/prelude-ls/-/prelude-ls-1.2.1.tgz,SAFE CONFIGURATION,Reviewed registry/deployment/dependency metadata or documentation. Dependency entries are not evidence of live-provider certification; see mobile advisory limitation.,True,False,False,False
package-lock.json,4733,https://registry.npmjs.org/prettier/-/prettier-3.9.6.tgz,SAFE CONFIGURATION,Reviewed registry/deployment/dependency metadata or documentation. Dependency entries are not evidence of live-provider certification; see mobile advisory limitation.,True,False,False,False
package-lock.json,4743,https://github.com/prettier/prettier?sponsor=1,SAFE CONFIGURATION,Reviewed registry/deployment/dependency metadata or documentation. Dependency entries are not evidence of live-provider certification; see mobile advisory limitation.,True,False,False,False
package-lock.json,4748,https://registry.npmjs.org/prettier-linter-helpers/-/prettier-linter-helpers-1.0.1.tgz,SAFE CONFIGURATION,Reviewed registry/deployment/dependency metadata or documentation. Dependency entries are not evidence of live-provider certification; see mobile advisory limitation.,True,False,False,False
package-lock.json,4761,https://registry.npmjs.org/punycode/-/punycode-2.3.1.tgz,SAFE CONFIGURATION,Reviewed registry/deployment/dependency metadata or documentation. Dependency entries are not evidence of live-provider certification; see mobile advisory limitation.,True,False,False,False
package-lock.json,4771,https://registry.npmjs.org/react/-/react-19.2.8.tgz,SAFE CONFIGURATION,Reviewed registry/deployment/dependency metadata or documentation. Dependency entries are not evidence of live-provider certification; see mobile advisory limitation.,True,False,False,False
package-lock.json,4780,https://registry.npmjs.org/react-dom/-/react-dom-19.2.8.tgz,SAFE CONFIGURATION,Reviewed registry/deployment/dependency metadata or documentation. Dependency entries are not evidence of live-provider certification; see mobile advisory limitation.,True,False,False,False
package-lock.json,4792,https://registry.npmjs.org/react-refresh/-/react-refresh-0.18.0.tgz,SAFE CONFIGURATION,Reviewed registry/deployment/dependency metadata or documentation. Dependency entries are not evidence of live-provider certification; see mobile advisory limitation.,True,False,False,False
package-lock.json,4802,https://registry.npmjs.org/readdirp/-/readdirp-5.1.1.tgz,SAFE CONFIGURATION,Reviewed registry/deployment/dependency metadata or documentation. Dependency entries are not evidence of live-provider certification; see mobile advisory limitation.,True,False,False,False
package-lock.json,4810,https://paulmillr.com/funding/,SAFE CONFIGURATION,Reviewed registry/deployment/dependency metadata or documentation. Dependency entries are not evidence of live-provider certification; see mobile advisory limitation.,True,False,False,False
package-lock.json,4815,https://registry.npmjs.org/resolve-from/-/resolve-from-4.0.0.tgz,SAFE CONFIGURATION,Reviewed registry/deployment/dependency metadata or documentation. Dependency entries are not evidence of live-provider certification; see mobile advisory limitation.,True,False,False,False
package-lock.json,4825,https://registry.npmjs.org/rolldown/-/rolldown-1.2.7.tgz,SAFE CONFIGURATION,Reviewed registry/deployment/dependency metadata or documentation. Dependency entries are not evidence of live-provider certification; see mobile advisory limitation.,True,False,False,False
package-lock.json,4858,https://registry.npmjs.org/@rolldown/pluginutils/-/pluginutils-1.0.1.tgz,SAFE CONFIGURATION,Reviewed registry/deployment/dependency metadata or documentation. Dependency entries are not evidence of live-provider certification; see mobile advisory limitation.,True,False,False,False
package-lock.json,4864,https://registry.npmjs.org/rou3/-/rou3-0.9.2.tgz,SAFE CONFIGURATION,Reviewed registry/deployment/dependency metadata or documentation. Dependency entries are not evidence of live-provider certification; see mobile advisory limitation.,True,False,False,False
package-lock.json,4870,https://registry.npmjs.org/scheduler/-/scheduler-0.27.0.tgz,SAFE CONFIGURATION,Reviewed registry/deployment/dependency metadata or documentation. Dependency entries are not evidence of live-provider certification; see mobile advisory limitation.,True,False,False,False
package-lock.json,4876,https://registry.npmjs.org/semver/-/semver-6.3.1.tgz,SAFE CONFIGURATION,Reviewed registry/deployment/dependency metadata or documentation. Dependency entries are not evidence of live-provider certification; see mobile advisory limitation.,True,False,False,False
package-lock.json,4885,https://registry.npmjs.org/seroval/-/seroval-1.6.5.tgz,SAFE CONFIGURATION,Reviewed registry/deployment/dependency metadata or documentation. Dependency entries are not evidence of live-provider certification; see mobile advisory limitation.,True,False,False,False
package-lock.json,4894,https://registry.npmjs.org/seroval-plugins/-/seroval-plugins-1.6.5.tgz,SAFE CONFIGURATION,Reviewed registry/deployment/dependency metadata or documentation. Dependency entries are not evidence of live-provider certification; see mobile advisory limitation.,True,False,False,False
package-lock.json,4906,https://registry.npmjs.org/set-cookie-parser/-/set-cookie-parser-3.1.2.tgz,SAFE CONFIGURATION,Reviewed registry/deployment/dependency metadata or documentation. Dependency entries are not evidence of live-provider certification; see mobile advisory limitation.,True,False,False,False
package-lock.json,4912,https://registry.npmjs.org/shebang-command/-/shebang-command-2.0.0.tgz,SAFE CONFIGURATION,Reviewed registry/deployment/dependency metadata or documentation. Dependency entries are not evidence of live-provider certification; see mobile advisory limitation.,True,False,False,False
package-lock.json,4925,https://registry.npmjs.org/shebang-regex/-/shebang-regex-3.0.0.tgz,SAFE CONFIGURATION,Reviewed registry/deployment/dependency metadata or documentation. Dependency entries are not evidence of live-provider certification; see mobile advisory limitation.,True,False,False,False
package-lock.json,4935,https://registry.npmjs.org/source-map/-/source-map-0.7.6.tgz,SAFE CONFIGURATION,Reviewed registry/deployment/dependency metadata or documentation. Dependency entries are not evidence of live-provider certification; see mobile advisory limitation.,True,False,False,False
package-lock.json,4944,https://registry.npmjs.org/source-map-js/-/source-map-js-1.2.1.tgz,SAFE CONFIGURATION,Reviewed registry/deployment/dependency metadata or documentation. Dependency entries are not evidence of live-provider certification; see mobile advisory limitation.,True,False,False,False
package-lock.json,4954,https://registry.npmjs.org/split2/-/split2-4.2.0.tgz,SAFE CONFIGURATION,Reviewed registry/deployment/dependency metadata or documentation. Dependency entries are not evidence of live-provider certification; see mobile advisory limitation.,True,False,False,False
package-lock.json,4963,https://registry.npmjs.org/srvx/-/srvx-0.11.22.tgz,SAFE CONFIGURATION,Reviewed registry/deployment/dependency metadata or documentation. Dependency entries are not evidence of live-provider certification; see mobile advisory limitation.,True,False,False,False
package-lock.json,4975,https://registry.npmjs.org/strip-json-comments/-/strip-json-comments-3.1.1.tgz,SAFE CONFIGURATION,Reviewed registry/deployment/dependency metadata or documentation. Dependency entries are not evidence of live-provider certification; see mobile advisory limitation.,True,False,False,False
package-lock.json,4983,https://github.com/sponsors/sindresorhus,SAFE CONFIGURATION,Reviewed registry/deployment/dependency metadata or documentation. Dependency entries are not evidence of live-provider certification; see mobile advisory limitation.,True,False,False,False
package-lock.json,4988,https://registry.npmjs.org/supports-color/-/supports-color-7.2.0.tgz,SAFE CONFIGURATION,Reviewed registry/deployment/dependency metadata or documentation. Dependency entries are not evidence of live-provider certification; see mobile advisory limitation.,True,False,False,False
package-lock.json,5001,https://registry.npmjs.org/synckit/-/synckit-0.11.13.tgz,SAFE CONFIGURATION,Reviewed registry/deployment/dependency metadata or documentation. Dependency entries are not evidence of live-provider certification; see mobile advisory limitation.,True,False,False,False
package-lock.json,5012,https://opencollective.com/synckit,SAFE CONFIGURATION,Reviewed registry/deployment/dependency metadata or documentation. Dependency entries are not evidence of live-provider certification; see mobile advisory limitation.,True,False,False,False
package-lock.json,5017,https://registry.npmjs.org/tailwind-merge/-/tailwind-merge-3.6.0.tgz,SAFE CONFIGURATION,Reviewed registry/deployment/dependency metadata or documentation. Dependency entries are not evidence of live-provider certification; see mobile advisory limitation.,True,False,False,False
package-lock.json,5022,https://github.com/sponsors/dcastil,SAFE CONFIGURATION,Reviewed registry/deployment/dependency metadata or documentation. Dependency entries are not evidence of live-provider certification; see mobile advisory limitation.,True,False,False,False
package-lock.json,5027,https://registry.npmjs.org/tailwindcss/-/tailwindcss-4.3.3.tgz,SAFE CONFIGURATION,Reviewed registry/deployment/dependency metadata or documentation. Dependency entries are not evidence of live-provider certification; see mobile advisory limitation.,True,False,False,False
package-lock.json,5034,https://registry.npmjs.org/tapable/-/tapable-2.3.3.tgz,SAFE CONFIGURATION,Reviewed registry/deployment/dependency metadata or documentation. Dependency entries are not evidence of live-provider certification; see mobile advisory limitation.,True,False,False,False
package-lock.json,5043,https://opencollective.com/webpack,SAFE CONFIGURATION,Reviewed registry/deployment/dependency metadata or documentation. Dependency entries are not evidence of live-provider certification; see mobile advisory limitation.,True,False,False,False
package-lock.json,5048,https://registry.npmjs.org/tinyglobby/-/tinyglobby-0.2.17.tgz,SAFE CONFIGURATION,Reviewed registry/deployment/dependency metadata or documentation. Dependency entries are not evidence of live-provider certification; see mobile advisory limitation.,True,False,False,False
package-lock.json,5059,https://github.com/sponsors/SuperchupuDev,SAFE CONFIGURATION,Reviewed registry/deployment/dependency metadata or documentation. Dependency entries are not evidence of live-provider certification; see mobile advisory limitation.,True,False,False,False
package-lock.json,5064,https://registry.npmjs.org/ts-api-utils/-/ts-api-utils-2.5.0.tgz,SAFE CONFIGURATION,Reviewed registry/deployment/dependency metadata or documentation. Dependency entries are not evidence of live-provider certification; see mobile advisory limitation.,True,False,False,False
package-lock.json,5077,https://registry.npmjs.org/type-check/-/type-check-0.4.0.tgz,SAFE CONFIGURATION,Reviewed registry/deployment/dependency metadata or documentation. Dependency entries are not evidence of live-provider certification; see mobile advisory limitation.,True,False,False,False
package-lock.json,5090,https://registry.npmjs.org/typescript/-/typescript-5.9.3.tgz,SAFE CONFIGURATION,Reviewed registry/deployment/dependency metadata or documentation. Dependency entries are not evidence of live-provider certification; see mobile advisory limitation.,True,False,False,False
package-lock.json,5104,https://registry.npmjs.org/typescript-eslint/-/typescript-eslint-8.70.0.tgz,SAFE CONFIGURATION,Reviewed registry/deployment/dependency metadata or documentation. Dependency entries are not evidence of live-provider certification; see mobile advisory limitation.,True,False,False,False
package-lock.json,5119,https://opencollective.com/typescript-eslint,SAFE CONFIGURATION,Reviewed registry/deployment/dependency metadata or documentation. Dependency entries are not evidence of live-provider certification; see mobile advisory limitation.,True,False,False,False
package-lock.json,5128,https://registry.npmjs.org/ufo/-/ufo-1.6.4.tgz,SAFE CONFIGURATION,Reviewed registry/deployment/dependency metadata or documentation. Dependency entries are not evidence of live-provider certification; see mobile advisory limitation.,True,False,False,False
package-lock.json,5134,https://registry.npmjs.org/undici-types/-/undici-types-6.21.0.tgz,SAFE CONFIGURATION,Reviewed registry/deployment/dependency metadata or documentation. Dependency entries are not evidence of live-provider certification; see mobile advisory limitation.,True,False,False,False
package-lock.json,5141,https://registry.npmjs.org/unenv/-/unenv-2.0.0-rc.24.tgz,SAFE CONFIGURATION,Reviewed registry/deployment/dependency metadata or documentation. Dependency entries are not evidence of live-provider certification; see mobile advisory limitation.,True,False,False,False
package-lock.json,5150,https://registry.npmjs.org/unplugin/-/unplugin-3.3.0.tgz,SAFE CONFIGURATION,Reviewed registry/deployment/dependency metadata or documentation. Dependency entries are not evidence of live-provider certification; see mobile advisory limitation.,True,False,False,False
package-lock.json,5204,https://registry.npmjs.org/update-browserslist-db/-/update-browserslist-db-1.3.2.tgz,SAFE CONFIGURATION,Reviewed registry/deployment/dependency metadata or documentation. Dependency entries are not evidence of live-provider certification; see mobile advisory limitation.,True,False,False,False
package-lock.json,5209,https://opencollective.com/browserslist,SAFE CONFIGURATION,Reviewed registry/deployment/dependency metadata or documentation. Dependency entries are not evidence of live-provider certification; see mobile advisory limitation.,True,False,False,False
package-lock.json,5213,https://tidelift.com/funding/github/npm/browserslist,SAFE CONFIGURATION,Reviewed registry/deployment/dependency metadata or documentation. Dependency entries are not evidence of live-provider certification; see mobile advisory limitation.,True,False,False,False
package-lock.json,5217,https://github.com/sponsors/ai,SAFE CONFIGURATION,Reviewed registry/deployment/dependency metadata or documentation. Dependency entries are not evidence of live-provider certification; see mobile advisory limitation.,True,False,False,False
package-lock.json,5234,https://registry.npmjs.org/uri-js/-/uri-js-4.4.1.tgz,SAFE CONFIGURATION,Reviewed registry/deployment/dependency metadata or documentation. Dependency entries are not evidence of live-provider certification; see mobile advisory limitation.,True,False,False,False
package-lock.json,5244,https://registry.npmjs.org/use-sync-external-store/-/use-sync-external-store-1.6.0.tgz,SAFE CONFIGURATION,Reviewed registry/deployment/dependency metadata or documentation. Dependency entries are not evidence of live-provider certification; see mobile advisory limitation.,True,False,False,False
package-lock.json,5253,https://registry.npmjs.org/vite/-/vite-8.2.2.tgz,SAFE CONFIGURATION,Reviewed registry/deployment/dependency metadata or documentation. Dependency entries are not evidence of live-provider certification; see mobile advisory limitation.,True,False,False,False
package-lock.json,5271,https://github.com/vitejs/vite?sponsor=1,SAFE CONFIGURATION,Reviewed registry/deployment/dependency metadata or documentation. Dependency entries are not evidence of live-provider certification; see mobile advisory limitation.,True,False,False,False
package-lock.json,5331,https://registry.npmjs.org/vitefu/-/vitefu-1.1.3.tgz,SAFE CONFIGURATION,Reviewed registry/deployment/dependency metadata or documentation. Dependency entries are not evidence of live-provider certification; see mobile advisory limitation.,True,False,False,False
package-lock.json,5350,https://registry.npmjs.org/webpack-virtual-modules/-/webpack-virtual-modules-0.6.2.tgz,SAFE CONFIGURATION,Reviewed registry/deployment/dependency metadata or documentation. Dependency entries are not evidence of live-provider certification; see mobile advisory limitation.,True,False,False,False
package-lock.json,5356,https://registry.npmjs.org/which/-/which-2.0.2.tgz,SAFE CONFIGURATION,Reviewed registry/deployment/dependency metadata or documentation. Dependency entries are not evidence of live-provider certification; see mobile advisory limitation.,True,False,False,False
package-lock.json,5372,https://registry.npmjs.org/word-wrap/-/word-wrap-1.2.5.tgz,SAFE CONFIGURATION,Reviewed registry/deployment/dependency metadata or documentation. Dependency entries are not evidence of live-provider certification; see mobile advisory limitation.,True,False,False,False
package-lock.json,5382,https://registry.npmjs.org/xmlbuilder2/-/xmlbuilder2-4.0.3.tgz,SAFE CONFIGURATION,Reviewed registry/deployment/dependency metadata or documentation. Dependency entries are not evidence of live-provider certification; see mobile advisory limitation.,True,False,False,False
package-lock.json,5397,https://registry.npmjs.org/xtend/-/xtend-4.0.2.tgz,SAFE CONFIGURATION,Reviewed registry/deployment/dependency metadata or documentation. Dependency entries are not evidence of live-provider certification; see mobile advisory limitation.,True,False,False,False
package-lock.json,5406,https://registry.npmjs.org/yallist/-/yallist-3.1.1.tgz,SAFE CONFIGURATION,Reviewed registry/deployment/dependency metadata or documentation. Dependency entries are not evidence of live-provider certification; see mobile advisory limitation.,True,False,False,False
package-lock.json,5412,https://registry.npmjs.org/yocto-queue/-/yocto-queue-0.1.0.tgz,SAFE CONFIGURATION,Reviewed registry/deployment/dependency metadata or documentation. Dependency entries are not evidence of live-provider certification; see mobile advisory limitation.,True,False,False,False
package-lock.json,5420,https://github.com/sponsors/sindresorhus,SAFE CONFIGURATION,Reviewed registry/deployment/dependency metadata or documentation. Dependency entries are not evidence of live-provider certification; see mobile advisory limitation.,True,False,False,False
package-lock.json,5425,https://registry.npmjs.org/zod/-/zod-4.5.4.tgz,SAFE CONFIGURATION,Reviewed registry/deployment/dependency metadata or documentation. Dependency entries are not evidence of live-provider certification; see mobile advisory limitation.,True,False,False,False
package-lock.json,5429,https://github.com/sponsors/colinhacks,SAFE CONFIGURATION,Reviewed registry/deployment/dependency metadata or documentation. Dependency entries are not evidence of live-provider certification; see mobile advisory limitation.,True,False,False,False
package.json,24,firebase,SAFE CONFIGURATION,Reviewed registry/deployment/dependency metadata or documentation. Dependency entries are not evidence of live-provider certification; see mobile advisory limitation.,True,False,False,False
package.json,25,firebase,SAFE CONFIGURATION,Reviewed registry/deployment/dependency metadata or documentation. Dependency entries are not evidence of live-provider certification; see mobile advisory limitation.,True,False,False,False
public/favicon.svg,1,http://www.w3.org/2000/svg,SAFE CONFIGURATION,"Configured API origin, platform SDK import, protocol/interface documentation, placeholder URL, or standard namespace. No hard-coded server financial behavior.",True,False,False,False
public/firebase-messaging-sw.js,1,FCM,SAFE ADAPTER CODE,"Adapter or protocol implementation owns authentication, endpoint, response mapping, or transport. Does not make this service universally required.",True,True,False,False
public/firebase-messaging-sw.js,1,Firebase,SAFE ADAPTER CODE,"Adapter or protocol implementation owns authentication, endpoint, response mapping, or transport. Does not make this service universally required.",True,True,False,False
public/firebase-messaging-sw.js,2,https://www.gstatic.com/firebasejs/12.5.0/firebase-app-compat.js,SAFE ADAPTER CODE,"Adapter or protocol implementation owns authentication, endpoint, response mapping, or transport. Does not make this service universally required.",True,True,False,False
public/firebase-messaging-sw.js,3,https://www.gstatic.com/firebasejs/12.5.0/firebase-messaging-compat.js,SAFE ADAPTER CODE,"Adapter or protocol implementation owns authentication, endpoint, response mapping, or transport. Does not make this service universally required.",True,True,False,False
public/firebase-messaging-sw.js,13,Firebase,SAFE ADAPTER CODE,"Adapter or protocol implementation owns authentication, endpoint, response mapping, or transport. Does not make this service universally required.",True,True,False,False
public/firebase-messaging-sw.js,15,firebase,SAFE ADAPTER CODE,"Adapter or protocol implementation owns authentication, endpoint, response mapping, or transport. Does not make this service universally required.",True,True,False,False
public/firebase-messaging-sw.js,16,firebase,SAFE ADAPTER CODE,"Adapter or protocol implementation owns authentication, endpoint, response mapping, or transport. Does not make this service universally required.",True,True,False,False
public/firebase-messaging-sw.js,16,Firebase,SAFE ADAPTER CODE,"Adapter or protocol implementation owns authentication, endpoint, response mapping, or transport. Does not make this service universally required.",True,True,False,False
public/firebase-messaging-sw.js,18,firebase,SAFE ADAPTER CODE,"Adapter or protocol implementation owns authentication, endpoint, response mapping, or transport. Does not make this service universally required.",True,True,False,False
public/firebase-messaging-sw.js,19,firebase,SAFE ADAPTER CODE,"Adapter or protocol implementation owns authentication, endpoint, response mapping, or transport. Does not make this service universally required.",True,True,False,False
scripts/admin-order-intelligence.integration.test.mjs,40,http://localhost:8080/admin/orders,SAFE TEST,"Synthetic fixture, behavioral/source regression, or explicit local operator testing. No external integration claimed.",True,False,False,False
scripts/admin-order-intelligence.integration.test.mjs,191,https://secret.invalid/DO_NOT_EXPOSE,SAFE TEST,"Synthetic fixture, behavioral/source regression, or explicit local operator testing. No external integration claimed.",True,False,False,False
scripts/admin-order-intelligence.integration.test.mjs,726,Paystack,SAFE TEST,"Synthetic fixture, behavioral/source regression, or explicit local operator testing. No external integration claimed.",True,False,False,False
scripts/admin-orders.browser.mjs,7,http://localhost:8080,SAFE TEST,"Synthetic fixture, behavioral/source regression, or explicit local operator testing. No external integration claimed.",True,False,False,False
scripts/admin-sensitive-provider-deep-attack.contract.test.mjs,10,paystack,SAFE TEST,"Synthetic fixture, behavioral/source regression, or explicit local operator testing. No external integration claimed.",True,False,False,False
scripts/admin-sensitive-provider-deep-attack.contract.test.mjs,32,Paystack,SAFE TEST,"Synthetic fixture, behavioral/source regression, or explicit local operator testing. No external integration claimed.",True,False,False,False
scripts/admin-sensitive-provider-deep-attack.contract.test.mjs,33,paystack,SAFE TEST,"Synthetic fixture, behavioral/source regression, or explicit local operator testing. No external integration claimed.",True,False,False,False
scripts/admin-sensitive-provider-deep-attack.contract.test.mjs,34,paystack,SAFE TEST,"Synthetic fixture, behavioral/source regression, or explicit local operator testing. No external integration claimed.",True,False,False,False
scripts/admin-sensitive-provider-deep-attack.contract.test.mjs,35,paystack,SAFE TEST,"Synthetic fixture, behavioral/source regression, or explicit local operator testing. No external integration claimed.",True,False,False,False
scripts/brand-worker-security.behavior.test.mjs,7,https://example.invalid/api/internal/brand-integration-worker,SAFE TEST,"Synthetic fixture, behavioral/source regression, or explicit local operator testing. No external integration claimed.",True,False,False,False
scripts/brand-worker-security.behavior.test.mjs,107,http://example.invalid/worker,SAFE TEST,"Synthetic fixture, behavioral/source regression, or explicit local operator testing. No external integration claimed.",True,False,False,False
scripts/browser-smoke-verdict.mjs,37,http://127.0.0.1:8080/,SAFE TEST,"Synthetic fixture, behavioral/source regression, or explicit local operator testing. No external integration claimed.",True,False,False,False
scripts/browser-smoke-verdict.test.mjs,281,http://127.0.0.1:8080/,SAFE TEST,"Synthetic fixture, behavioral/source regression, or explicit local operator testing. No external integration claimed.",True,False,False,False
scripts/browser-smoke-verdict.test.mjs,290,http://127.0.0.1:8081/,SAFE TEST,"Synthetic fixture, behavioral/source regression, or explicit local operator testing. No external integration claimed.",True,False,False,False
scripts/browser-smoke-verdict.test.mjs,294,http://127.0.0.1:8081/,SAFE TEST,"Synthetic fixture, behavioral/source regression, or explicit local operator testing. No external integration claimed.",True,False,False,False
scripts/browser-smoke-verdict.test.mjs,317,http://127.0.0.1:8080/,SAFE TEST,"Synthetic fixture, behavioral/source regression, or explicit local operator testing. No external integration claimed.",True,False,False,False
scripts/ci-contract.test.mjs,55,fcm,SAFE TEST,"Synthetic fixture, behavioral/source regression, or explicit local operator testing. No external integration claimed.",True,False,False,False
scripts/cto-final-hardening.test.mjs,30,paystack,SAFE TEST,"Synthetic fixture, behavioral/source regression, or explicit local operator testing. No external integration claimed.",True,False,False,False
scripts/cto-final-hardening.test.mjs,31,paystack,SAFE TEST,"Synthetic fixture, behavioral/source regression, or explicit local operator testing. No external integration claimed.",True,False,False,False
scripts/cto-final-hardening.test.mjs,51,Cloudflare,SAFE TEST,"Synthetic fixture, behavioral/source regression, or explicit local operator testing. No external integration claimed.",True,False,False,False
scripts/cto-final-hardening.test.mjs,55,vercel,SAFE TEST,"Synthetic fixture, behavioral/source regression, or explicit local operator testing. No external integration claimed.",True,False,False,False
scripts/cto-next-layer.contract.test.mjs,28,Vercel,SAFE TEST,"Synthetic fixture, behavioral/source regression, or explicit local operator testing. No external integration claimed.",True,False,False,False
scripts/cto-next-layer.contract.test.mjs,29,vercel,SAFE TEST,"Synthetic fixture, behavioral/source regression, or explicit local operator testing. No external integration claimed.",True,False,False,False
scripts/cto-security-hardening-regression.test.mjs,38,paystack,SAFE TEST,"Synthetic fixture, behavioral/source regression, or explicit local operator testing. No external integration claimed.",True,False,False,False
scripts/cto-security-hardening-regression.test.mjs,40,paystack,SAFE TEST,"Synthetic fixture, behavioral/source regression, or explicit local operator testing. No external integration claimed.",True,False,False,False
scripts/cto-security-hardening-regression.test.mjs,41,paystack,SAFE TEST,"Synthetic fixture, behavioral/source regression, or explicit local operator testing. No external integration claimed.",True,False,False,False
scripts/deep-all-fronts-regression.test.mjs,27,paystack,SAFE TEST,"Synthetic fixture, behavioral/source regression, or explicit local operator testing. No external integration claimed.",True,False,False,False
scripts/deep-all-fronts-regression.test.mjs,29,geoapify,SAFE TEST,"Synthetic fixture, behavioral/source regression, or explicit local operator testing. No external integration claimed.",True,False,False,False
scripts/deep-all-fronts-regression.test.mjs,30,typesense,SAFE TEST,"Synthetic fixture, behavioral/source regression, or explicit local operator testing. No external integration claimed.",True,False,False,False
scripts/deep-all-fronts-regression.test.mjs,31,resend,SAFE TEST,"Synthetic fixture, behavioral/source regression, or explicit local operator testing. No external integration claimed.",True,False,False,False
scripts/deep-all-fronts-regression.test.mjs,32,arkesel,SAFE TEST,"Synthetic fixture, behavioral/source regression, or explicit local operator testing. No external integration claimed.",True,False,False,False
scripts/deep-all-fronts-regression.test.mjs,33,fylings,SAFE TEST,"Synthetic fixture, behavioral/source regression, or explicit local operator testing. No external integration claimed.",True,False,False,False
scripts/deep-all-fronts-regression.test.mjs,34,fcm,SAFE TEST,"Synthetic fixture, behavioral/source regression, or explicit local operator testing. No external integration claimed.",True,False,False,False
scripts/deep-break-fix.test.mjs,19,firebase,SAFE TEST,"Synthetic fixture, behavioral/source regression, or explicit local operator testing. No external integration claimed.",True,False,False,False
scripts/deep-break-fix.test.mjs,23,paystack,SAFE TEST,"Synthetic fixture, behavioral/source regression, or explicit local operator testing. No external integration claimed.",True,False,False,False
scripts/deep-break-fix.test.mjs,23,Paystack,SAFE TEST,"Synthetic fixture, behavioral/source regression, or explicit local operator testing. No external integration claimed.",True,False,False,False
scripts/enterprise-high-scale.contract.test.mjs,11,vercel,SAFE TEST,"Synthetic fixture, behavioral/source regression, or explicit local operator testing. No external integration claimed.",True,False,False,False
scripts/enterprise-high-scale.contract.test.mjs,64,vercel,SAFE TEST,"Synthetic fixture, behavioral/source regression, or explicit local operator testing. No external integration claimed.",True,False,False,False
scripts/fcm-client-contract.test.mjs,7,FCM,SAFE TEST,"Synthetic fixture, behavioral/source regression, or explicit local operator testing. No external integration claimed.",True,False,False,False
scripts/fcm-client-contract.test.mjs,8,fcm,SAFE TEST,"Synthetic fixture, behavioral/source regression, or explicit local operator testing. No external integration claimed.",True,False,False,False
scripts/fcm-client-contract.test.mjs,11,FIREBASE,SAFE TEST,"Synthetic fixture, behavioral/source regression, or explicit local operator testing. No external integration claimed.",True,False,False,False
scripts/fcm-client-contract.test.mjs,15,FCM,SAFE TEST,"Synthetic fixture, behavioral/source regression, or explicit local operator testing. No external integration claimed.",True,False,False,False
scripts/fcm-client-contract.test.mjs,16,firebase,SAFE TEST,"Synthetic fixture, behavioral/source regression, or explicit local operator testing. No external integration claimed.",True,False,False,False
scripts/fcm-client-contract.test.mjs,17,firebase,SAFE TEST,"Synthetic fixture, behavioral/source regression, or explicit local operator testing. No external integration claimed.",True,False,False,False
scripts/fcm-client-contract.test.mjs,23,Firebase,SAFE TEST,"Synthetic fixture, behavioral/source regression, or explicit local operator testing. No external integration claimed.",True,False,False,False
scripts/fcm-client-contract.test.mjs,24,fcm,SAFE TEST,"Synthetic fixture, behavioral/source regression, or explicit local operator testing. No external integration claimed.",True,False,False,False
scripts/fcm-client-contract.test.mjs,26,FIREBASE,SAFE TEST,"Synthetic fixture, behavioral/source regression, or explicit local operator testing. No external integration claimed.",True,False,False,False
scripts/fcm-client-contract.test.mjs,29,Firebase,SAFE TEST,"Synthetic fixture, behavioral/source regression, or explicit local operator testing. No external integration claimed.",True,False,False,False
scripts/fcm-client-contract.test.mjs,34,Firebase,SAFE TEST,"Synthetic fixture, behavioral/source regression, or explicit local operator testing. No external integration claimed.",True,False,False,False
scripts/fcm-client-contract.test.mjs,35,fcm,SAFE TEST,"Synthetic fixture, behavioral/source regression, or explicit local operator testing. No external integration claimed.",True,False,False,False
scripts/fcm-client-contract.test.mjs,39,FCM,SAFE TEST,"Synthetic fixture, behavioral/source regression, or explicit local operator testing. No external integration claimed.",True,False,False,False
scripts/fcm-client-contract.test.mjs,40,fcm,SAFE TEST,"Synthetic fixture, behavioral/source regression, or explicit local operator testing. No external integration claimed.",True,False,False,False
scripts/fcm-client-contract.test.mjs,41,Firebase,SAFE TEST,"Synthetic fixture, behavioral/source regression, or explicit local operator testing. No external integration claimed.",True,False,False,False
scripts/fcm-client-contract.test.mjs,42,FIREBASE,SAFE TEST,"Synthetic fixture, behavioral/source regression, or explicit local operator testing. No external integration claimed.",True,False,False,False
scripts/fcm-push-contract.test.mjs,7,FCM,SAFE TEST,"Synthetic fixture, behavioral/source regression, or explicit local operator testing. No external integration claimed.",True,False,False,False
scripts/fcm-push-contract.test.mjs,7,Firebase,SAFE TEST,"Synthetic fixture, behavioral/source regression, or explicit local operator testing. No external integration claimed.",True,False,False,False
scripts/fcm-push-contract.test.mjs,8,fcm,SAFE TEST,"Synthetic fixture, behavioral/source regression, or explicit local operator testing. No external integration claimed.",True,False,False,False
scripts/fcm-push-contract.test.mjs,11,fcm,SAFE TEST,"Synthetic fixture, behavioral/source regression, or explicit local operator testing. No external integration claimed.",True,False,False,False
scripts/fcm-push-contract.test.mjs,29,FCM,SAFE TEST,"Synthetic fixture, behavioral/source regression, or explicit local operator testing. No external integration claimed.",True,False,False,False
scripts/fcm-push-contract.test.mjs,38,fcm,SAFE TEST,"Synthetic fixture, behavioral/source regression, or explicit local operator testing. No external integration claimed.",True,False,False,False
scripts/fcm-push-contract.test.mjs,44,FCM,SAFE TEST,"Synthetic fixture, behavioral/source regression, or explicit local operator testing. No external integration claimed.",True,False,False,False
scripts/fcm-push-contract.test.mjs,45,fcm,SAFE TEST,"Synthetic fixture, behavioral/source regression, or explicit local operator testing. No external integration claimed.",True,False,False,False
scripts/final-hardening.test.mjs,30,paystack,SAFE TEST,"Synthetic fixture, behavioral/source regression, or explicit local operator testing. No external integration claimed.",True,False,False,False
scripts/final-hardening.test.mjs,31,paystack,SAFE TEST,"Synthetic fixture, behavioral/source regression, or explicit local operator testing. No external integration claimed.",True,False,False,False
scripts/final-hardening.test.mjs,51,Cloudflare,SAFE TEST,"Synthetic fixture, behavioral/source regression, or explicit local operator testing. No external integration claimed.",True,False,False,False
scripts/final-hardening.test.mjs,55,vercel,SAFE TEST,"Synthetic fixture, behavioral/source regression, or explicit local operator testing. No external integration claimed.",True,False,False,False
scripts/financing-provider-neutral-contract.test.mjs,16,hubtel,SAFE TEST,"Synthetic fixture, behavioral/source regression, or explicit local operator testing. No external integration claimed.",True,False,False,False
scripts/financing-provider-neutral-contract.test.mjs,16,motito,SAFE TEST,"Synthetic fixture, behavioral/source regression, or explicit local operator testing. No external integration claimed.",True,False,False,False
scripts/financing-provider-neutral-contract.test.mjs,16,paysmall,SAFE TEST,"Synthetic fixture, behavioral/source regression, or explicit local operator testing. No external integration claimed.",True,False,False,False
scripts/financing-provider-neutral-contract.test.mjs,16,paystack,SAFE TEST,"Synthetic fixture, behavioral/source regression, or explicit local operator testing. No external integration claimed.",True,False,False,False
scripts/frontend-payment-flow-contract.test.mjs,14,PAYSTACK,SAFE TEST,"Synthetic fixture, behavioral/source regression, or explicit local operator testing. No external integration claimed.",True,False,False,False
scripts/fylings-kyb-adapter.test.mjs,5,fylings,SAFE TEST,"Synthetic fixture, behavioral/source regression, or explicit local operator testing. No external integration claimed.",True,False,False,False
scripts/fylings-kyb-adapter.test.mjs,8,fylings,SAFE TEST,"Synthetic fixture, behavioral/source regression, or explicit local operator testing. No external integration claimed.",True,False,False,False
scripts/fylings-kyb-adapter.test.mjs,11,Fylings,SAFE TEST,"Synthetic fixture, behavioral/source regression, or explicit local operator testing. No external integration claimed.",True,False,False,False
scripts/fylings-kyb-adapter.test.mjs,15,Fylings,SAFE TEST,"Synthetic fixture, behavioral/source regression, or explicit local operator testing. No external integration claimed.",True,False,False,False
scripts/fylings-kyb-adapter.test.mjs,18,Fylings,SAFE TEST,"Synthetic fixture, behavioral/source regression, or explicit local operator testing. No external integration claimed.",True,False,False,False
scripts/fylings-kyb-adapter.test.mjs,25,Fylings,SAFE TEST,"Synthetic fixture, behavioral/source regression, or explicit local operator testing. No external integration claimed.",True,False,False,False
scripts/geoapify-location-contract.test.mjs,6,geoapify,SAFE TEST,"Synthetic fixture, behavioral/source regression, or explicit local operator testing. No external integration claimed.",True,False,False,False
scripts/geoapify-location-contract.test.mjs,10,geoapify,SAFE TEST,"Synthetic fixture, behavioral/source regression, or explicit local operator testing. No external integration claimed.",True,False,False,False
scripts/geoapify-location-contract.test.mjs,14,Geoapify,SAFE TEST,"Synthetic fixture, behavioral/source regression, or explicit local operator testing. No external integration claimed.",True,False,False,False
scripts/geoapify-location-contract.test.mjs,16,Geoapify,SAFE TEST,"Synthetic fixture, behavioral/source regression, or explicit local operator testing. No external integration claimed.",True,False,False,False
scripts/geoapify-location-contract.test.mjs,17,GEOAPIFY,SAFE TEST,"Synthetic fixture, behavioral/source regression, or explicit local operator testing. No external integration claimed.",True,False,False,False
scripts/geoapify-location-contract.test.mjs,18,GEOAPIFY,SAFE TEST,"Synthetic fixture, behavioral/source regression, or explicit local operator testing. No external integration claimed.",True,False,False,False
scripts/geoapify-location-contract.test.mjs,21,Geoapify,SAFE TEST,"Synthetic fixture, behavioral/source regression, or explicit local operator testing. No external integration claimed.",True,False,False,False
scripts/geoapify-location-contract.test.mjs,41,Geoapify,SAFE TEST,"Synthetic fixture, behavioral/source regression, or explicit local operator testing. No external integration claimed.",True,False,False,False
scripts/geoapify-location-contract.test.mjs,43,Geoapify,SAFE TEST,"Synthetic fixture, behavioral/source regression, or explicit local operator testing. No external integration claimed.",True,False,False,False
scripts/geoapify-location-contract.test.mjs,43,OpenStreetMap,SAFE TEST,"Synthetic fixture, behavioral/source regression, or explicit local operator testing. No external integration claimed.",True,False,False,False
scripts/high-grade-production-hardening.test.mjs,6,Vercel,SAFE TEST,"Synthetic fixture, behavioral/source regression, or explicit local operator testing. No external integration claimed.",True,False,False,False
scripts/high-grade-production-hardening.test.mjs,7,vercel,SAFE TEST,"Synthetic fixture, behavioral/source regression, or explicit local operator testing. No external integration claimed.",True,False,False,False
scripts/high-grade-production-hardening.test.mjs,8,vercel,SAFE TEST,"Synthetic fixture, behavioral/source regression, or explicit local operator testing. No external integration claimed.",True,False,False,False
scripts/input-security-hardening.test.mjs,26,vercel,SAFE TEST,"Synthetic fixture, behavioral/source regression, or explicit local operator testing. No external integration claimed.",True,False,False,False
scripts/internal-worker-auth-v188.contract.test.mjs,27,Vercel,SAFE TEST,"Synthetic fixture, behavioral/source regression, or explicit local operator testing. No external integration claimed.",True,False,False,False
scripts/internal-worker-auth-v188.contract.test.mjs,31,vercel,SAFE TEST,"Synthetic fixture, behavioral/source regression, or explicit local operator testing. No external integration claimed.",True,False,False,False
scripts/load-test.mjs,4,http://localhost:8080,SAFE TEST,"Synthetic fixture, behavioral/source regression, or explicit local operator testing. No external integration claimed.",True,False,False,False
scripts/merchant-enterprise-owasp-hardening.test.mjs,25,render,SAFE TEST,"Synthetic fixture, behavioral/source regression, or explicit local operator testing. No external integration claimed.",True,False,False,False
scripts/merchant-finance-contract.test.mjs,13,Arkesel,SAFE TEST,"Synthetic fixture, behavioral/source regression, or explicit local operator testing. No external integration claimed.",True,False,False,False
scripts/merchant-finance-contract.test.mjs,13,Fylings,SAFE TEST,"Synthetic fixture, behavioral/source regression, or explicit local operator testing. No external integration claimed.",True,False,False,False
scripts/merchant-finance-contract.test.mjs,13,Hubtel,SAFE TEST,"Synthetic fixture, behavioral/source regression, or explicit local operator testing. No external integration claimed.",True,False,False,False
scripts/merchant-finance-contract.test.mjs,13,Paystack,SAFE TEST,"Synthetic fixture, behavioral/source regression, or explicit local operator testing. No external integration claimed.",True,False,False,False
scripts/merchant-finance-contract.test.mjs,13,Resend,SAFE TEST,"Synthetic fixture, behavioral/source regression, or explicit local operator testing. No external integration claimed.",True,False,False,False
scripts/migration-0070-regression.test.mjs,5,paystack,SAFE TEST,"Synthetic fixture, behavioral/source regression, or explicit local operator testing. No external integration claimed.",True,False,False,False
scripts/migration-function-signature-regression.test.mjs,54,paystack,SAFE TEST,"Synthetic fixture, behavioral/source regression, or explicit local operator testing. No external integration claimed.",True,False,False,False
scripts/mobile-auth-owasp-regression.test.mjs,16,expo,SAFE TEST,"Synthetic fixture, behavioral/source regression, or explicit local operator testing. No external integration claimed.",True,False,False,False
scripts/mobile-auth-security-contract.test.mjs,20,expo,SAFE TEST,"Synthetic fixture, behavioral/source regression, or explicit local operator testing. No external integration claimed.",True,False,False,False
scripts/mobile-auth-security-contract.test.mjs,45,expo,SAFE TEST,"Synthetic fixture, behavioral/source regression, or explicit local operator testing. No external integration claimed.",True,False,False,False
scripts/mobile-auth-security-contract.test.mjs,46,expo,SAFE TEST,"Synthetic fixture, behavioral/source regression, or explicit local operator testing. No external integration claimed.",True,False,False,False
scripts/mobile-transport.behavior.test.mjs,5,expo,SAFE TEST,"Synthetic fixture, behavioral/source regression, or explicit local operator testing. No external integration claimed.",True,False,False,False
scripts/mobile-transport.behavior.test.mjs,10,http://localhost:8080,SAFE TEST,"Synthetic fixture, behavioral/source regression, or explicit local operator testing. No external integration claimed.",True,False,False,False
scripts/mobile-transport.behavior.test.mjs,10,https://user:pass@example.com,SAFE TEST,"Synthetic fixture, behavioral/source regression, or explicit local operator testing. No external integration claimed.",True,False,False,False
scripts/mobile-transport.behavior.test.mjs,13,https://api.example.com,SAFE TEST,"Synthetic fixture, behavioral/source regression, or explicit local operator testing. No external integration claimed.",True,False,False,False
scripts/mobile-transport.behavior.test.mjs,19,https://api.example.com,SAFE TEST,"Synthetic fixture, behavioral/source regression, or explicit local operator testing. No external integration claimed.",True,False,False,False
scripts/next-layer.contract.test.mjs,28,Vercel,SAFE TEST,"Synthetic fixture, behavioral/source regression, or explicit local operator testing. No external integration claimed.",True,False,False,False
scripts/next-layer.contract.test.mjs,29,vercel,SAFE TEST,"Synthetic fixture, behavioral/source regression, or explicit local operator testing. No external integration claimed.",True,False,False,False
scripts/ops-foundation-contract.test.mjs,8,REDIS,SAFE TEST,"Synthetic fixture, behavioral/source regression, or explicit local operator testing. No external integration claimed.",True,False,False,False
scripts/ops-foundation-contract.test.mjs,12,paystack,SAFE TEST,"Synthetic fixture, behavioral/source regression, or explicit local operator testing. No external integration claimed.",True,False,False,False
scripts/ops-foundation-contract.test.mjs,19,Typesense,SAFE TEST,"Synthetic fixture, behavioral/source regression, or explicit local operator testing. No external integration claimed.",True,False,False,False
scripts/ops-foundation-contract.test.mjs,21,TYPESENSE,SAFE TEST,"Synthetic fixture, behavioral/source regression, or explicit local operator testing. No external integration claimed.",True,False,False,False
scripts/ops-foundation-contract.test.mjs,50,REDIS,SAFE TEST,"Synthetic fixture, behavioral/source regression, or explicit local operator testing. No external integration claimed.",True,False,False,False
scripts/ops-foundation-contract.test.mjs,55,paystack,SAFE TEST,"Synthetic fixture, behavioral/source regression, or explicit local operator testing. No external integration claimed.",True,False,False,False
scripts/order-navigation.browser.mjs,6,http://localhost:8080,SAFE TEST,"Synthetic fixture, behavioral/source regression, or explicit local operator testing. No external integration claimed.",True,False,False,False
scripts/otp-arkesel-contract.test.mjs,5,arkesel,SAFE TEST,"Synthetic fixture, behavioral/source regression, or explicit local operator testing. No external integration claimed.",True,False,False,False
scripts/otp-arkesel-contract.test.mjs,9,arkesel,SAFE TEST,"Synthetic fixture, behavioral/source regression, or explicit local operator testing. No external integration claimed.",True,False,False,False
scripts/otp-arkesel-contract.test.mjs,12,Arkesel,SAFE TEST,"Synthetic fixture, behavioral/source regression, or explicit local operator testing. No external integration claimed.",True,False,False,False
scripts/otp-arkesel-contract.test.mjs,13,arkesel,SAFE TEST,"Synthetic fixture, behavioral/source regression, or explicit local operator testing. No external integration claimed.",True,False,False,False
scripts/otp-arkesel-contract.test.mjs,23,ARKESEL,SAFE TEST,"Synthetic fixture, behavioral/source regression, or explicit local operator testing. No external integration claimed.",True,False,False,False
scripts/otp-arkesel-contract.test.mjs,28,arkesel,SAFE TEST,"Synthetic fixture, behavioral/source regression, or explicit local operator testing. No external integration claimed.",True,False,False,False
scripts/otp-arkesel-contract.test.mjs,28,Arkesel,SAFE TEST,"Synthetic fixture, behavioral/source regression, or explicit local operator testing. No external integration claimed.",True,False,False,False
scripts/otp-arkesel-contract.test.mjs,33,RESEND,SAFE TEST,"Synthetic fixture, behavioral/source regression, or explicit local operator testing. No external integration claimed.",True,False,False,False
scripts/outbound-transport.behavior.test.mjs,27,https://provider.example.com,SAFE TEST,"Synthetic fixture, behavioral/source regression, or explicit local operator testing. No external integration claimed.",True,False,False,False
scripts/outbound-transport.behavior.test.mjs,29,http://169.254.169.254,SAFE TEST,"Synthetic fixture, behavioral/source regression, or explicit local operator testing. No external integration claimed.",True,False,False,False
scripts/outbound-transport.behavior.test.mjs,30,https://provider.example.com,SAFE TEST,"Synthetic fixture, behavioral/source regression, or explicit local operator testing. No external integration claimed.",True,False,False,False
scripts/outbound-transport.behavior.test.mjs,35,https://provider.example.com,SAFE TEST,"Synthetic fixture, behavioral/source regression, or explicit local operator testing. No external integration claimed.",True,False,False,False
scripts/outbound-transport.behavior.test.mjs,38,http://example.com,SAFE TEST,"Synthetic fixture, behavioral/source regression, or explicit local operator testing. No external integration claimed.",True,False,False,False
scripts/outbound-transport.behavior.test.mjs,38,https://127.1,SAFE TEST,"Synthetic fixture, behavioral/source regression, or explicit local operator testing. No external integration claimed.",True,False,False,False
scripts/outbound-transport.behavior.test.mjs,38,https://169.254.169.254,SAFE TEST,"Synthetic fixture, behavioral/source regression, or explicit local operator testing. No external integration claimed.",True,False,False,False
scripts/outbound-transport.behavior.test.mjs,38,https://2130706433,SAFE TEST,"Synthetic fixture, behavioral/source regression, or explicit local operator testing. No external integration claimed.",True,False,False,False
scripts/outbound-transport.behavior.test.mjs,38,https://[2002:7f00:1::],SAFE TEST,"Synthetic fixture, behavioral/source regression, or explicit local operator testing. No external integration claimed.",True,False,False,False
scripts/outbound-transport.behavior.test.mjs,38,https://[64:ff9b:1::1],SAFE TEST,"Synthetic fixture, behavioral/source regression, or explicit local operator testing. No external integration claimed.",True,False,False,False
scripts/outbound-transport.behavior.test.mjs,38,https://[::ffff:127.0.0.1],SAFE TEST,"Synthetic fixture, behavioral/source regression, or explicit local operator testing. No external integration claimed.",True,False,False,False
scripts/outbound-transport.behavior.test.mjs,38,https://[fec0::1],SAFE TEST,"Synthetic fixture, behavioral/source regression, or explicit local operator testing. No external integration claimed.",True,False,False,False
scripts/outbound-transport.behavior.test.mjs,38,https://example.com:8443,SAFE TEST,"Synthetic fixture, behavioral/source regression, or explicit local operator testing. No external integration claimed.",True,False,False,False
scripts/outbound-transport.behavior.test.mjs,38,https://u:p@example.com,SAFE TEST,"Synthetic fixture, behavioral/source regression, or explicit local operator testing. No external integration claimed.",True,False,False,False
scripts/outbound-transport.behavior.test.mjs,42,https://provider.example.com,SAFE TEST,"Synthetic fixture, behavioral/source regression, or explicit local operator testing. No external integration claimed.",True,False,False,False
scripts/outbound-transport.behavior.test.mjs,43,https://provider.example.com,SAFE TEST,"Synthetic fixture, behavioral/source regression, or explicit local operator testing. No external integration claimed.",True,False,False,False
scripts/outbound-transport.behavior.test.mjs,45,https://provider.example.com,SAFE TEST,"Synthetic fixture, behavioral/source regression, or explicit local operator testing. No external integration claimed.",True,False,False,False
scripts/outbound-transport.behavior.test.mjs,47,Redis,SAFE TEST,"Synthetic fixture, behavioral/source regression, or explicit local operator testing. No external integration claimed.",True,False,False,False
scripts/outbound-transport.behavior.test.mjs,48,redis,SAFE TEST,"Synthetic fixture, behavioral/source regression, or explicit local operator testing. No external integration claimed.",True,False,False,False
scripts/outbound-transport.behavior.test.mjs,49,redis,SAFE TEST,"Synthetic fixture, behavioral/source regression, or explicit local operator testing. No external integration claimed.",True,False,False,False
scripts/outbound-transport.behavior.test.mjs,49,RENDER,SAFE TEST,"Synthetic fixture, behavioral/source regression, or explicit local operator testing. No external integration claimed.",True,False,False,False
scripts/outbound-transport.behavior.test.mjs,50,redis,SAFE TEST,"Synthetic fixture, behavioral/source regression, or explicit local operator testing. No external integration claimed.",True,False,False,False
scripts/payment-activation.behavior.test.mjs,4,paystack,SAFE TEST,"Synthetic fixture, behavioral/source regression, or explicit local operator testing. No external integration claimed.",True,False,False,False
scripts/payment-activation.behavior.test.mjs,7,paystack,SAFE TEST,"Synthetic fixture, behavioral/source regression, or explicit local operator testing. No external integration claimed.",True,False,False,False
scripts/payment-activation.behavior.test.mjs,10,hubtel,SAFE TEST,"Synthetic fixture, behavioral/source regression, or explicit local operator testing. No external integration claimed.",True,False,False,False
scripts/payment-provider-policy.test.mjs,13,hubtel,SAFE TEST,"Synthetic fixture, behavioral/source regression, or explicit local operator testing. No external integration claimed.",True,False,False,False
scripts/payment-provider-policy.test.mjs,13,paystack,SAFE TEST,"Synthetic fixture, behavioral/source regression, or explicit local operator testing. No external integration claimed.",True,False,False,False
scripts/payment-provider-policy.test.mjs,24,paystack,SAFE TEST,"Synthetic fixture, behavioral/source regression, or explicit local operator testing. No external integration claimed.",True,False,False,False
scripts/payment-provider-policy.test.mjs,25,hubtel,SAFE TEST,"Synthetic fixture, behavioral/source regression, or explicit local operator testing. No external integration claimed.",True,False,False,False
scripts/paystack-refund-migration.test.mjs,6,paystack,SAFE TEST,"Synthetic fixture, behavioral/source regression, or explicit local operator testing. No external integration claimed.",True,False,False,False
scripts/paystack-refund-migration.test.mjs,8,paystack,SAFE TEST,"Synthetic fixture, behavioral/source regression, or explicit local operator testing. No external integration claimed.",True,False,False,False
scripts/paystack-refund-migration.test.mjs,20,paystack,SAFE TEST,"Synthetic fixture, behavioral/source regression, or explicit local operator testing. No external integration claimed.",True,False,False,False
scripts/paystack-refund-migration.test.mjs,21,paystack,SAFE TEST,"Synthetic fixture, behavioral/source regression, or explicit local operator testing. No external integration claimed.",True,False,False,False
scripts/paystack-refund-migration.test.mjs,22,paystack,SAFE TEST,"Synthetic fixture, behavioral/source regression, or explicit local operator testing. No external integration claimed.",True,False,False,False
scripts/paystack-refund-migration.test.mjs,37,Paystack,SAFE TEST,"Synthetic fixture, behavioral/source regression, or explicit local operator testing. No external integration claimed.",True,False,False,False
scripts/paystack-refund-migration.test.mjs,38,paystack,SAFE TEST,"Synthetic fixture, behavioral/source regression, or explicit local operator testing. No external integration claimed.",True,False,False,False
scripts/paystack-refund-migration.test.mjs,39,paystack,SAFE TEST,"Synthetic fixture, behavioral/source regression, or explicit local operator testing. No external integration claimed.",True,False,False,False
scripts/paystack-refund-migration.test.mjs,40,paystack,SAFE TEST,"Synthetic fixture, behavioral/source regression, or explicit local operator testing. No external integration claimed.",True,False,False,False
scripts/paystack-refund-migration.test.mjs,41,paystack,SAFE TEST,"Synthetic fixture, behavioral/source regression, or explicit local operator testing. No external integration claimed.",True,False,False,False
scripts/paystack-refund-migration.test.mjs,42,paystack,SAFE TEST,"Synthetic fixture, behavioral/source regression, or explicit local operator testing. No external integration claimed.",True,False,False,False
scripts/paystack-refund-migration.test.mjs,43,paystack,SAFE TEST,"Synthetic fixture, behavioral/source regression, or explicit local operator testing. No external integration claimed.",True,False,False,False
scripts/paystack-refund-migration.test.mjs,58,paystack,SAFE TEST,"Synthetic fixture, behavioral/source regression, or explicit local operator testing. No external integration claimed.",True,False,False,False
scripts/paystack-refund-migration.test.mjs,59,paystack,SAFE TEST,"Synthetic fixture, behavioral/source regression, or explicit local operator testing. No external integration claimed.",True,False,False,False
scripts/paystack-refund-migration.test.mjs,60,paystack,SAFE TEST,"Synthetic fixture, behavioral/source regression, or explicit local operator testing. No external integration claimed.",True,False,False,False
scripts/paystack-refund-webhook-reconciliation.contract.test.mjs,5,paystack,SAFE TEST,"Synthetic fixture, behavioral/source regression, or explicit local operator testing. No external integration claimed.",True,False,False,False
scripts/paystack-refund-webhook-reconciliation.contract.test.mjs,8,Paystack,SAFE TEST,"Synthetic fixture, behavioral/source regression, or explicit local operator testing. No external integration claimed.",True,False,False,False
scripts/postgres-config.mjs,8,RENDER,SAFE CONFIGURATION,Reviewed registry/deployment/dependency metadata or documentation. Dependency entries are not evidence of live-provider certification; see mobile advisory limitation.,True,False,False,False
scripts/postgres-config.mjs,17,Render,SAFE CONFIGURATION,Reviewed registry/deployment/dependency metadata or documentation. Dependency entries are not evidence of live-provider certification; see mobile advisory limitation.,True,False,False,False
scripts/prelive-deep-integrity-contract.test.mjs,23,paystack,SAFE TEST,"Synthetic fixture, behavioral/source regression, or explicit local operator testing. No external integration claimed.",True,False,False,False
scripts/prelive-deep-integrity-contract.test.mjs,25,Paystack,SAFE TEST,"Synthetic fixture, behavioral/source regression, or explicit local operator testing. No external integration claimed.",True,False,False,False
scripts/prelive-deep-integrity-contract.test.mjs,31,PAYSTACK,SAFE TEST,"Synthetic fixture, behavioral/source regression, or explicit local operator testing. No external integration claimed.",True,False,False,False
scripts/prelive-deep-integrity-contract.test.mjs,32,PAYSTACK,SAFE TEST,"Synthetic fixture, behavioral/source regression, or explicit local operator testing. No external integration claimed.",True,False,False,False
scripts/prelive_ultra_contract.test.mjs,12,Paystack,SAFE TEST,"Synthetic fixture, behavioral/source regression, or explicit local operator testing. No external integration claimed.",True,False,False,False
scripts/prelive_ultra_contract.test.mjs,13,paystack,SAFE TEST,"Synthetic fixture, behavioral/source regression, or explicit local operator testing. No external integration claimed.",True,False,False,False
scripts/prelive_ultra_contract.test.mjs,17,Paystack,SAFE TEST,"Synthetic fixture, behavioral/source regression, or explicit local operator testing. No external integration claimed.",True,False,False,False
scripts/prelive_ultra_contract.test.mjs,20,PAYSTACK,SAFE TEST,"Synthetic fixture, behavioral/source regression, or explicit local operator testing. No external integration claimed.",True,False,False,False
scripts/preview.mjs,27,http://127.0.0.1:${PREVIEW_PORT,SAFE TEST,"Synthetic fixture, behavioral/source regression, or explicit local operator testing. No external integration claimed.",True,False,False,False
scripts/preview.test.mjs,106,http://127.0.0.1:8080/,SAFE TEST,"Synthetic fixture, behavioral/source regression, or explicit local operator testing. No external integration claimed.",True,False,False,False
scripts/production-financial-flow-v188.contract.test.mjs,7,paystack,SAFE TEST,"Synthetic fixture, behavioral/source regression, or explicit local operator testing. No external integration claimed.",True,False,False,False
scripts/production-financial-flow-v188.contract.test.mjs,22,Paystack,SAFE TEST,"Synthetic fixture, behavioral/source regression, or explicit local operator testing. No external integration claimed.",True,False,False,False
scripts/production-financial-flow-v188.contract.test.mjs,23,paystack,SAFE TEST,"Synthetic fixture, behavioral/source regression, or explicit local operator testing. No external integration claimed.",True,False,False,False
scripts/production-mfa.integration.test.mjs,20,http://localhost:8080,SAFE TEST,"Synthetic fixture, behavioral/source regression, or explicit local operator testing. No external integration claimed.",True,False,False,False
scripts/production-mfa.integration.test.mjs,37,http://localhost:8080,SAFE TEST,"Synthetic fixture, behavioral/source regression, or explicit local operator testing. No external integration claimed.",True,False,False,False
scripts/production-mfa.integration.test.mjs,37,http://localhost:8080/api/auth,SAFE TEST,"Synthetic fixture, behavioral/source regression, or explicit local operator testing. No external integration claimed.",True,False,False,False
scripts/production-mfa.integration.test.mjs,46,http://localhost:8080,SAFE TEST,"Synthetic fixture, behavioral/source regression, or explicit local operator testing. No external integration claimed.",True,False,False,False
scripts/production-payment.integration.test.mjs,11,paystack,SAFE TEST,"Synthetic fixture, behavioral/source regression, or explicit local operator testing. No external integration claimed.",True,False,False,False
scripts/production-payment.integration.test.mjs,11,Paystack,SAFE TEST,"Synthetic fixture, behavioral/source regression, or explicit local operator testing. No external integration claimed.",True,False,False,False
scripts/production-payment.integration.test.mjs,15,paystack,SAFE TEST,"Synthetic fixture, behavioral/source regression, or explicit local operator testing. No external integration claimed.",True,False,False,False
scripts/production-payment.integration.test.mjs,17,Paystack,SAFE TEST,"Synthetic fixture, behavioral/source regression, or explicit local operator testing. No external integration claimed.",True,False,False,False
scripts/production-payment.integration.test.mjs,19,https://checkout.paystack.com/fixture,SAFE TEST,"Synthetic fixture, behavioral/source regression, or explicit local operator testing. No external integration claimed.",True,False,False,False
scripts/production-payment.integration.test.mjs,24,paystack,SAFE TEST,"Synthetic fixture, behavioral/source regression, or explicit local operator testing. No external integration claimed.",True,False,False,False
scripts/production-payment.integration.test.mjs,45,paystack,SAFE TEST,"Synthetic fixture, behavioral/source regression, or explicit local operator testing. No external integration claimed.",True,False,False,False
scripts/production-payment.integration.test.mjs,47,https://example.invalid/api/payments/webhook,SAFE TEST,"Synthetic fixture, behavioral/source regression, or explicit local operator testing. No external integration claimed.",True,False,False,False
scripts/production-payment.integration.test.mjs,47,paystack,SAFE TEST,"Synthetic fixture, behavioral/source regression, or explicit local operator testing. No external integration claimed.",True,False,False,False
scripts/production-payment.integration.test.mjs,51,Paystack,SAFE TEST,"Synthetic fixture, behavioral/source regression, or explicit local operator testing. No external integration claimed.",True,False,False,False
scripts/production-payment.integration.test.mjs,60,Paystack,SAFE TEST,"Synthetic fixture, behavioral/source regression, or explicit local operator testing. No external integration claimed.",True,False,False,False
scripts/production-payment.integration.test.mjs,146,https://erp.example.invalid/catalog,SAFE TEST,"Synthetic fixture, behavioral/source regression, or explicit local operator testing. No external integration claimed.",True,False,False,False
scripts/production-provider.behavior.test.mjs,6,paystack,SAFE TEST,"Synthetic fixture, behavioral/source regression, or explicit local operator testing. No external integration claimed.",True,False,False,False
scripts/production-provider.behavior.test.mjs,6,Paystack,SAFE TEST,"Synthetic fixture, behavioral/source regression, or explicit local operator testing. No external integration claimed.",True,False,False,False
scripts/production-provider.behavior.test.mjs,7,Paystack,SAFE TEST,"Synthetic fixture, behavioral/source regression, or explicit local operator testing. No external integration claimed.",True,False,False,False
scripts/production-provider.behavior.test.mjs,10,Paystack,SAFE TEST,"Synthetic fixture, behavioral/source regression, or explicit local operator testing. No external integration claimed.",True,False,False,False
scripts/production-provider.behavior.test.mjs,19,Paystack,SAFE TEST,"Synthetic fixture, behavioral/source regression, or explicit local operator testing. No external integration claimed.",True,False,False,False
scripts/production-provider.behavior.test.mjs,26,Paystack,SAFE TEST,"Synthetic fixture, behavioral/source regression, or explicit local operator testing. No external integration claimed.",True,False,False,False
scripts/production-provider.behavior.test.mjs,31,paystack,SAFE TEST,"Synthetic fixture, behavioral/source regression, or explicit local operator testing. No external integration claimed.",True,False,False,False
scripts/production-provider.behavior.test.mjs,33,paystack,SAFE TEST,"Synthetic fixture, behavioral/source regression, or explicit local operator testing. No external integration claimed.",True,False,False,False
scripts/production-provider.behavior.test.mjs,36,Geoapify,SAFE TEST,"Synthetic fixture, behavioral/source regression, or explicit local operator testing. No external integration claimed.",True,False,False,False
scripts/production-provider.behavior.test.mjs,36,geoapify,SAFE TEST,"Synthetic fixture, behavioral/source regression, or explicit local operator testing. No external integration claimed.",True,False,False,False
scripts/production-provider.behavior.test.mjs,41,Geoapify,SAFE TEST,"Synthetic fixture, behavioral/source regression, or explicit local operator testing. No external integration claimed.",True,False,False,False
scripts/production-provider.behavior.test.mjs,46,Geoapify,SAFE TEST,"Synthetic fixture, behavioral/source regression, or explicit local operator testing. No external integration claimed.",True,False,False,False
scripts/production-provider.behavior.test.mjs,49,Geoapify,SAFE TEST,"Synthetic fixture, behavioral/source regression, or explicit local operator testing. No external integration claimed.",True,False,False,False
scripts/production-provider.behavior.test.mjs,50,Geoapify,SAFE TEST,"Synthetic fixture, behavioral/source regression, or explicit local operator testing. No external integration claimed.",True,False,False,False
scripts/production-startup.behavior.test.mjs,5,ARKESEL,SAFE TEST,"Synthetic fixture, behavioral/source regression, or explicit local operator testing. No external integration claimed.",True,False,False,False
scripts/production-startup.behavior.test.mjs,5,arkesel,SAFE TEST,"Synthetic fixture, behavioral/source regression, or explicit local operator testing. No external integration claimed.",True,False,False,False
scripts/production-startup.behavior.test.mjs,5,CLOUDFLARE,SAFE TEST,"Synthetic fixture, behavioral/source regression, or explicit local operator testing. No external integration claimed.",True,False,False,False
scripts/production-startup.behavior.test.mjs,5,geoapify,SAFE TEST,"Synthetic fixture, behavioral/source regression, or explicit local operator testing. No external integration claimed.",True,False,False,False
scripts/production-startup.behavior.test.mjs,5,GEOAPIFY,SAFE TEST,"Synthetic fixture, behavioral/source regression, or explicit local operator testing. No external integration claimed.",True,False,False,False
scripts/production-startup.behavior.test.mjs,5,https://courier.example.com/quote,SAFE TEST,"Synthetic fixture, behavioral/source regression, or explicit local operator testing. No external integration claimed.",True,False,False,False
scripts/production-startup.behavior.test.mjs,5,https://market.example.invalid,SAFE TEST,"Synthetic fixture, behavioral/source regression, or explicit local operator testing. No external integration claimed.",True,False,False,False
scripts/production-startup.behavior.test.mjs,5,https://redis.example.invalid,SAFE TEST,"Synthetic fixture, behavioral/source regression, or explicit local operator testing. No external integration claimed.",True,False,False,False
scripts/production-startup.behavior.test.mjs,5,paystack,SAFE TEST,"Synthetic fixture, behavioral/source regression, or explicit local operator testing. No external integration claimed.",True,False,False,False
scripts/production-startup.behavior.test.mjs,5,PAYSTACK,SAFE TEST,"Synthetic fixture, behavioral/source regression, or explicit local operator testing. No external integration claimed.",True,False,False,False
scripts/production-startup.behavior.test.mjs,5,r2,SAFE TEST,"Synthetic fixture, behavioral/source regression, or explicit local operator testing. No external integration claimed.",True,False,False,False
scripts/production-startup.behavior.test.mjs,5,REDIS,SAFE TEST,"Synthetic fixture, behavioral/source regression, or explicit local operator testing. No external integration claimed.",True,False,False,False
scripts/production-startup.behavior.test.mjs,5,RENDER,SAFE TEST,"Synthetic fixture, behavioral/source regression, or explicit local operator testing. No external integration claimed.",True,False,False,False
scripts/production-startup.behavior.test.mjs,5,resend,SAFE TEST,"Synthetic fixture, behavioral/source regression, or explicit local operator testing. No external integration claimed.",True,False,False,False
scripts/production-startup.behavior.test.mjs,5,RESEND,SAFE TEST,"Synthetic fixture, behavioral/source regression, or explicit local operator testing. No external integration claimed.",True,False,False,False
scripts/production-startup.behavior.test.mjs,9,REDIS,SAFE TEST,"Synthetic fixture, behavioral/source regression, or explicit local operator testing. No external integration claimed.",True,False,False,False
scripts/production-startup.behavior.test.mjs,10,redis,SAFE TEST,"Synthetic fixture, behavioral/source regression, or explicit local operator testing. No external integration claimed.",True,False,False,False
scripts/production-startup.behavior.test.mjs,10,REDIS,SAFE TEST,"Synthetic fixture, behavioral/source regression, or explicit local operator testing. No external integration claimed.",True,False,False,False
scripts/production-startup.behavior.test.mjs,10,RENDER,SAFE TEST,"Synthetic fixture, behavioral/source regression, or explicit local operator testing. No external integration claimed.",True,False,False,False
scripts/production-startup.behavior.test.mjs,10,render,SAFE TEST,"Synthetic fixture, behavioral/source regression, or explicit local operator testing. No external integration claimed.",True,False,False,False
scripts/production-startup.behavior.test.mjs,11,REDIS,SAFE TEST,"Synthetic fixture, behavioral/source regression, or explicit local operator testing. No external integration claimed.",True,False,False,False
scripts/production-startup.behavior.test.mjs,15,redis,SAFE TEST,"Synthetic fixture, behavioral/source regression, or explicit local operator testing. No external integration claimed.",True,False,False,False
scripts/production-startup.behavior.test.mjs,15,REDIS,SAFE TEST,"Synthetic fixture, behavioral/source regression, or explicit local operator testing. No external integration claimed.",True,False,False,False
scripts/production-startup.behavior.test.mjs,15,RENDER,SAFE TEST,"Synthetic fixture, behavioral/source regression, or explicit local operator testing. No external integration claimed.",True,False,False,False
scripts/production-startup.behavior.test.mjs,15,render,SAFE TEST,"Synthetic fixture, behavioral/source regression, or explicit local operator testing. No external integration claimed.",True,False,False,False
scripts/production-startup.behavior.test.mjs,16,REDIS,SAFE TEST,"Synthetic fixture, behavioral/source regression, or explicit local operator testing. No external integration claimed.",True,False,False,False
scripts/production-startup.behavior.test.mjs,18,REDIS,SAFE TEST,"Synthetic fixture, behavioral/source regression, or explicit local operator testing. No external integration claimed.",True,False,False,False
scripts/production-startup.behavior.test.mjs,18,RENDER,SAFE TEST,"Synthetic fixture, behavioral/source regression, or explicit local operator testing. No external integration claimed.",True,False,False,False
scripts/production-startup.behavior.test.mjs,19,PAYSTACK,SAFE TEST,"Synthetic fixture, behavioral/source regression, or explicit local operator testing. No external integration claimed.",True,False,False,False
scripts/production-startup.behavior.test.mjs,19,REDIS,SAFE TEST,"Synthetic fixture, behavioral/source regression, or explicit local operator testing. No external integration claimed.",True,False,False,False
scripts/production-startup.behavior.test.mjs,19,redis,SAFE TEST,"Synthetic fixture, behavioral/source regression, or explicit local operator testing. No external integration claimed.",True,False,False,False
scripts/production-startup.behavior.test.mjs,23,RENDER,SAFE TEST,"Synthetic fixture, behavioral/source regression, or explicit local operator testing. No external integration claimed.",True,False,False,False
scripts/production-startup.behavior.test.mjs,23,render,SAFE TEST,"Synthetic fixture, behavioral/source regression, or explicit local operator testing. No external integration claimed.",True,False,False,False
scripts/production-startup.behavior.test.mjs,25,RENDER,SAFE TEST,"Synthetic fixture, behavioral/source regression, or explicit local operator testing. No external integration claimed.",True,False,False,False
scripts/production-startup.behavior.test.mjs,26,REDIS,SAFE TEST,"Synthetic fixture, behavioral/source regression, or explicit local operator testing. No external integration claimed.",True,False,False,False
scripts/production-startup.behavior.test.mjs,26,redis,SAFE TEST,"Synthetic fixture, behavioral/source regression, or explicit local operator testing. No external integration claimed.",True,False,False,False
scripts/production-startup.behavior.test.mjs,26,RENDER,SAFE TEST,"Synthetic fixture, behavioral/source regression, or explicit local operator testing. No external integration claimed.",True,False,False,False
scripts/production-startup.behavior.test.mjs,28,RENDER,SAFE TEST,"Synthetic fixture, behavioral/source regression, or explicit local operator testing. No external integration claimed.",True,False,False,False
scripts/production-startup.behavior.test.mjs,28,render,SAFE TEST,"Synthetic fixture, behavioral/source regression, or explicit local operator testing. No external integration claimed.",True,False,False,False
scripts/production-startup.behavior.test.mjs,29,RENDER,SAFE TEST,"Synthetic fixture, behavioral/source regression, or explicit local operator testing. No external integration claimed.",True,False,False,False
scripts/production-startup.behavior.test.mjs,42,https://synthetic.invalid,SAFE TEST,"Synthetic fixture, behavioral/source regression, or explicit local operator testing. No external integration claimed.",True,False,False,False
scripts/provider-architecture.behavior.test.mjs,9,https://courier.example.com/quote,SAFE TEST,"Synthetic fixture, behavioral/source regression, or explicit local operator testing. No external integration claimed.",True,False,False,False
scripts/provider-architecture.behavior.test.mjs,10,https://objects.example.com,SAFE TEST,"Synthetic fixture, behavioral/source regression, or explicit local operator testing. No external integration claimed.",True,False,False,False
scripts/provider-architecture.behavior.test.mjs,10,s3,SAFE TEST,"Synthetic fixture, behavioral/source regression, or explicit local operator testing. No external integration claimed.",True,False,False,False
scripts/provider-architecture.behavior.test.mjs,11,GEOAPIFY,SAFE TEST,"Synthetic fixture, behavioral/source regression, or explicit local operator testing. No external integration claimed.",True,False,False,False
scripts/provider-architecture.behavior.test.mjs,11,geoapify,SAFE TEST,"Synthetic fixture, behavioral/source regression, or explicit local operator testing. No external integration claimed.",True,False,False,False
scripts/provider-architecture.behavior.test.mjs,11,RESEND,SAFE TEST,"Synthetic fixture, behavioral/source regression, or explicit local operator testing. No external integration claimed.",True,False,False,False
scripts/provider-architecture.behavior.test.mjs,11,resend,SAFE TEST,"Synthetic fixture, behavioral/source regression, or explicit local operator testing. No external integration claimed.",True,False,False,False
scripts/provider-architecture.behavior.test.mjs,12,arkesel,SAFE TEST,"Synthetic fixture, behavioral/source regression, or explicit local operator testing. No external integration claimed.",True,False,False,False
scripts/provider-architecture.behavior.test.mjs,12,ARKESEL,SAFE TEST,"Synthetic fixture, behavioral/source regression, or explicit local operator testing. No external integration claimed.",True,False,False,False
scripts/provider-architecture.behavior.test.mjs,13,paystack,SAFE TEST,"Synthetic fixture, behavioral/source regression, or explicit local operator testing. No external integration claimed.",True,False,False,False
scripts/provider-architecture.behavior.test.mjs,16,FCM,SAFE TEST,"Synthetic fixture, behavioral/source regression, or explicit local operator testing. No external integration claimed.",True,False,False,False
scripts/provider-architecture.behavior.test.mjs,16,Fylings,SAFE TEST,"Synthetic fixture, behavioral/source regression, or explicit local operator testing. No external integration claimed.",True,False,False,False
scripts/provider-architecture.behavior.test.mjs,16,Hubtel,SAFE TEST,"Synthetic fixture, behavioral/source regression, or explicit local operator testing. No external integration claimed.",True,False,False,False
scripts/provider-architecture.behavior.test.mjs,16,R2,SAFE TEST,"Synthetic fixture, behavioral/source regression, or explicit local operator testing. No external integration claimed.",True,False,False,False
scripts/provider-architecture.behavior.test.mjs,18,CLOUDFLARE,SAFE TEST,"Synthetic fixture, behavioral/source regression, or explicit local operator testing. No external integration claimed.",True,False,False,False
scripts/provider-architecture.behavior.test.mjs,18,FCM,SAFE TEST,"Synthetic fixture, behavioral/source regression, or explicit local operator testing. No external integration claimed.",True,False,False,False
scripts/provider-architecture.behavior.test.mjs,18,FYLINGS,SAFE TEST,"Synthetic fixture, behavioral/source regression, or explicit local operator testing. No external integration claimed.",True,False,False,False
scripts/provider-architecture.behavior.test.mjs,18,HUBTEL,SAFE TEST,"Synthetic fixture, behavioral/source regression, or explicit local operator testing. No external integration claimed.",True,False,False,False
scripts/provider-architecture.behavior.test.mjs,18,PAYSTACK,SAFE TEST,"Synthetic fixture, behavioral/source regression, or explicit local operator testing. No external integration claimed.",True,False,False,False
scripts/provider-architecture.behavior.test.mjs,22,https://attacker.invalid/module,SAFE TEST,"Synthetic fixture, behavioral/source regression, or explicit local operator testing. No external integration claimed.",True,False,False,False
scripts/provider-architecture.behavior.test.mjs,31,RESEND,SAFE TEST,"Synthetic fixture, behavioral/source regression, or explicit local operator testing. No external integration claimed.",True,False,False,False
scripts/provider-architecture.behavior.test.mjs,32,RESEND,SAFE TEST,"Synthetic fixture, behavioral/source regression, or explicit local operator testing. No external integration claimed.",True,False,False,False
scripts/provider-architecture.behavior.test.mjs,32,resend,SAFE TEST,"Synthetic fixture, behavioral/source regression, or explicit local operator testing. No external integration claimed.",True,False,False,False
scripts/provider-architecture.behavior.test.mjs,34,Hubtel,SAFE TEST,"Synthetic fixture, behavioral/source regression, or explicit local operator testing. No external integration claimed.",True,False,False,False
scripts/provider-architecture.behavior.test.mjs,34,Paystack,SAFE TEST,"Synthetic fixture, behavioral/source regression, or explicit local operator testing. No external integration claimed.",True,False,False,False
scripts/provider-architecture.behavior.test.mjs,35,hubtel,SAFE TEST,"Synthetic fixture, behavioral/source regression, or explicit local operator testing. No external integration claimed.",True,False,False,False
scripts/provider-architecture.behavior.test.mjs,50,https://objects.example.com,SAFE TEST,"Synthetic fixture, behavioral/source regression, or explicit local operator testing. No external integration claimed.",True,False,False,False
scripts/provider-architecture.behavior.test.mjs,51,fcm,SAFE TEST,"Synthetic fixture, behavioral/source regression, or explicit local operator testing. No external integration claimed.",True,False,False,False
scripts/provider-architecture.behavior.test.mjs,51,geoapify,SAFE TEST,"Synthetic fixture, behavioral/source regression, or explicit local operator testing. No external integration claimed.",True,False,False,False
scripts/provider-architecture.behavior.test.mjs,51,paystack,SAFE TEST,"Synthetic fixture, behavioral/source regression, or explicit local operator testing. No external integration claimed.",True,False,False,False
scripts/provider-architecture.behavior.test.mjs,52,fcm,SAFE TEST,"Synthetic fixture, behavioral/source regression, or explicit local operator testing. No external integration claimed.",True,False,False,False
scripts/provider-architecture.behavior.test.mjs,52,https://www.gstatic.com,SAFE TEST,"Synthetic fixture, behavioral/source regression, or explicit local operator testing. No external integration claimed.",True,False,False,False
scripts/provider-architecture.behavior.test.mjs,53,https://*.example.com,SAFE TEST,"Synthetic fixture, behavioral/source regression, or explicit local operator testing. No external integration claimed.",True,False,False,False
scripts/provider-architecture.behavior.test.mjs,53,https://127.0.0.1,SAFE TEST,"Synthetic fixture, behavioral/source regression, or explicit local operator testing. No external integration claimed.",True,False,False,False
scripts/provider-architecture.behavior.test.mjs,53,https://api.example.com,SAFE TEST,"Synthetic fixture, behavioral/source regression, or explicit local operator testing. No external integration claimed.",True,False,False,False
scripts/provider-architecture.behavior.test.mjs,53,https://example.com/path,SAFE TEST,"Synthetic fixture, behavioral/source regression, or explicit local operator testing. No external integration claimed.",True,False,False,False
scripts/provider-architecture.behavior.test.mjs,53,https://user:secret@example.com,SAFE TEST,"Synthetic fixture, behavioral/source regression, or explicit local operator testing. No external integration claimed.",True,False,False,False
scripts/provider-architecture.behavior.test.mjs,67,S3,SAFE TEST,"Synthetic fixture, behavioral/source regression, or explicit local operator testing. No external integration claimed.",True,False,False,False
scripts/provider-architecture.behavior.test.mjs,68,s3,SAFE TEST,"Synthetic fixture, behavioral/source regression, or explicit local operator testing. No external integration claimed.",True,False,False,False
scripts/provider-architecture.behavior.test.mjs,76,aws4,SAFE TEST,"Synthetic fixture, behavioral/source regression, or explicit local operator testing. No external integration claimed.",True,False,False,False
scripts/provider-architecture.behavior.test.mjs,76,s3,SAFE TEST,"Synthetic fixture, behavioral/source regression, or explicit local operator testing. No external integration claimed.",True,False,False,False
scripts/provider-architecture.behavior.test.mjs,84,http://example.com,SAFE TEST,"Synthetic fixture, behavioral/source regression, or explicit local operator testing. No external integration claimed.",True,False,False,False
scripts/provider-architecture.behavior.test.mjs,84,https://10.0.0.1,SAFE TEST,"Synthetic fixture, behavioral/source regression, or explicit local operator testing. No external integration claimed.",True,False,False,False
scripts/provider-architecture.behavior.test.mjs,84,https://127.0.0.1,SAFE TEST,"Synthetic fixture, behavioral/source regression, or explicit local operator testing. No external integration claimed.",True,False,False,False
scripts/provider-architecture.behavior.test.mjs,84,https://169.254.169.254,SAFE TEST,"Synthetic fixture, behavioral/source regression, or explicit local operator testing. No external integration claimed.",True,False,False,False
scripts/provider-architecture.behavior.test.mjs,84,https://[::1],SAFE TEST,"Synthetic fixture, behavioral/source regression, or explicit local operator testing. No external integration claimed.",True,False,False,False
scripts/provider-architecture.behavior.test.mjs,84,https://user:pass@example.com,SAFE TEST,"Synthetic fixture, behavioral/source regression, or explicit local operator testing. No external integration claimed.",True,False,False,False
scripts/provider-architecture.behavior.test.mjs,85,fylings,SAFE TEST,"Synthetic fixture, behavioral/source regression, or explicit local operator testing. No external integration claimed.",True,False,False,False
scripts/provider-architecture.behavior.test.mjs,85,s3,SAFE TEST,"Synthetic fixture, behavioral/source regression, or explicit local operator testing. No external integration claimed.",True,False,False,False
scripts/provider-architecture.behavior.test.mjs,91,arkesel,SAFE TEST,"Synthetic fixture, behavioral/source regression, or explicit local operator testing. No external integration claimed.",True,False,False,False
scripts/provider-architecture.behavior.test.mjs,91,cloudflare,SAFE TEST,"Synthetic fixture, behavioral/source regression, or explicit local operator testing. No external integration claimed.",True,False,False,False
scripts/provider-architecture.behavior.test.mjs,91,fcm,SAFE TEST,"Synthetic fixture, behavioral/source regression, or explicit local operator testing. No external integration claimed.",True,False,False,False
scripts/provider-architecture.behavior.test.mjs,91,firebase,SAFE TEST,"Synthetic fixture, behavioral/source regression, or explicit local operator testing. No external integration claimed.",True,False,False,False
scripts/provider-architecture.behavior.test.mjs,91,fylings,SAFE TEST,"Synthetic fixture, behavioral/source regression, or explicit local operator testing. No external integration claimed.",True,False,False,False
scripts/provider-architecture.behavior.test.mjs,91,geoapify,SAFE TEST,"Synthetic fixture, behavioral/source regression, or explicit local operator testing. No external integration claimed.",True,False,False,False
scripts/provider-architecture.behavior.test.mjs,91,hubtel,SAFE TEST,"Synthetic fixture, behavioral/source regression, or explicit local operator testing. No external integration claimed.",True,False,False,False
scripts/provider-architecture.behavior.test.mjs,91,paystack,SAFE TEST,"Synthetic fixture, behavioral/source regression, or explicit local operator testing. No external integration claimed.",True,False,False,False
scripts/provider-architecture.behavior.test.mjs,91,resend,SAFE TEST,"Synthetic fixture, behavioral/source regression, or explicit local operator testing. No external integration claimed.",True,False,False,False
scripts/provider-architecture.behavior.test.mjs,96,s3,SAFE TEST,"Synthetic fixture, behavioral/source regression, or explicit local operator testing. No external integration claimed.",True,False,False,False
scripts/provider-architecture.behavior.test.mjs,99,https://objects.example.com,SAFE TEST,"Synthetic fixture, behavioral/source regression, or explicit local operator testing. No external integration claimed.",True,False,False,False
scripts/provider-database.integration.test.mjs,14,arkesel,SAFE TEST,"Synthetic fixture, behavioral/source regression, or explicit local operator testing. No external integration claimed.",True,False,False,False
scripts/provider-database.integration.test.mjs,14,fcm,SAFE TEST,"Synthetic fixture, behavioral/source regression, or explicit local operator testing. No external integration claimed.",True,False,False,False
scripts/provider-database.integration.test.mjs,14,fylings,SAFE TEST,"Synthetic fixture, behavioral/source regression, or explicit local operator testing. No external integration claimed.",True,False,False,False
scripts/provider-database.integration.test.mjs,14,geoapify,SAFE TEST,"Synthetic fixture, behavioral/source regression, or explicit local operator testing. No external integration claimed.",True,False,False,False
scripts/provider-database.integration.test.mjs,14,hubtel,SAFE TEST,"Synthetic fixture, behavioral/source regression, or explicit local operator testing. No external integration claimed.",True,False,False,False
scripts/provider-database.integration.test.mjs,14,paystack,SAFE TEST,"Synthetic fixture, behavioral/source regression, or explicit local operator testing. No external integration claimed.",True,False,False,False
scripts/provider-database.integration.test.mjs,14,resend,SAFE TEST,"Synthetic fixture, behavioral/source regression, or explicit local operator testing. No external integration claimed.",True,False,False,False
scripts/provider-held-fund-release.contract.test.mjs,5,paystack,SAFE TEST,"Synthetic fixture, behavioral/source regression, or explicit local operator testing. No external integration claimed.",True,False,False,False
scripts/provider-neutral-driver-registry.test.mjs,9,Hubtel,SAFE TEST,"Synthetic fixture, behavioral/source regression, or explicit local operator testing. No external integration claimed.",True,False,False,False
scripts/provider-neutral-driver-registry.test.mjs,9,Motito,SAFE TEST,"Synthetic fixture, behavioral/source regression, or explicit local operator testing. No external integration claimed.",True,False,False,False
scripts/provider-neutral-driver-registry.test.mjs,9,paystack,SAFE TEST,"Synthetic fixture, behavioral/source regression, or explicit local operator testing. No external integration claimed.",True,False,False,False
scripts/provider-neutral-driver-registry.test.mjs,9,Paystack,SAFE TEST,"Synthetic fixture, behavioral/source regression, or explicit local operator testing. No external integration claimed.",True,False,False,False
scripts/provider-neutral-driver-registry.test.mjs,10,paystack,SAFE TEST,"Synthetic fixture, behavioral/source regression, or explicit local operator testing. No external integration claimed.",True,False,False,False
scripts/provider-neutral-driver-registry.test.mjs,20,paystack,SAFE TEST,"Synthetic fixture, behavioral/source regression, or explicit local operator testing. No external integration claimed.",True,False,False,False
scripts/provider-neutral-driver-registry.test.mjs,21,paystack,SAFE TEST,"Synthetic fixture, behavioral/source regression, or explicit local operator testing. No external integration claimed.",True,False,False,False
scripts/provider-runtime-database.integration.test.mjs,17,paystack,SAFE TEST,"Synthetic fixture, behavioral/source regression, or explicit local operator testing. No external integration claimed.",True,False,False,False
scripts/provider-runtime-database.integration.test.mjs,49,paystack,SAFE TEST,"Synthetic fixture, behavioral/source regression, or explicit local operator testing. No external integration claimed.",True,False,False,False
scripts/provider-runtime-database.integration.test.mjs,53,paystack,SAFE TEST,"Synthetic fixture, behavioral/source regression, or explicit local operator testing. No external integration claimed.",True,False,False,False
scripts/public-launch-database.integration.test.mjs,235,arkesel,SAFE TEST,"Synthetic fixture, behavioral/source regression, or explicit local operator testing. No external integration claimed.",True,False,False,False
scripts/public-launch-database.integration.test.mjs,351,https://example.test/api/mobile/profile,SAFE TEST,"Synthetic fixture, behavioral/source regression, or explicit local operator testing. No external integration claimed.",True,False,False,False
scripts/public-launch-database.integration.test.mjs,639,https://example.invalid/api/internal/brand-integration-worker,SAFE TEST,"Synthetic fixture, behavioral/source regression, or explicit local operator testing. No external integration claimed.",True,False,False,False
scripts/public-launch-database.integration.test.mjs,692,https://example.invalid,SAFE TEST,"Synthetic fixture, behavioral/source regression, or explicit local operator testing. No external integration claimed.",True,False,False,False
scripts/public-launch-security.behavior.test.mjs,12,https://example.test,SAFE TEST,"Synthetic fixture, behavioral/source regression, or explicit local operator testing. No external integration claimed.",True,False,False,False
scripts/public-launch-security.behavior.test.mjs,60,Vercel,SAFE TEST,"Synthetic fixture, behavioral/source regression, or explicit local operator testing. No external integration claimed.",True,False,False,False
scripts/public-launch-security.behavior.test.mjs,66,VERCEL,SAFE TEST,"Synthetic fixture, behavioral/source regression, or explicit local operator testing. No external integration claimed.",True,False,False,False
scripts/public-launch-security.behavior.test.mjs,67,REDIS,SAFE TEST,"Synthetic fixture, behavioral/source regression, or explicit local operator testing. No external integration claimed.",True,False,False,False
scripts/public-launch-security.behavior.test.mjs,80,redis,SAFE TEST,"Synthetic fixture, behavioral/source regression, or explicit local operator testing. No external integration claimed.",True,False,False,False
scripts/public-launch-security.behavior.test.mjs,86,https://example.test,SAFE TEST,"Synthetic fixture, behavioral/source regression, or explicit local operator testing. No external integration claimed.",True,False,False,False
scripts/public-launch-security.behavior.test.mjs,87,vercel,SAFE TEST,"Synthetic fixture, behavioral/source regression, or explicit local operator testing. No external integration claimed.",True,False,False,False
scripts/public-launch-security.behavior.test.mjs,92,VERCEL,SAFE TEST,"Synthetic fixture, behavioral/source regression, or explicit local operator testing. No external integration claimed.",True,False,False,False
scripts/public-launch-security.behavior.test.mjs,95,VERCEL,SAFE TEST,"Synthetic fixture, behavioral/source regression, or explicit local operator testing. No external integration claimed.",True,False,False,False
scripts/public-launch-security.behavior.test.mjs,97,https://example.test,SAFE TEST,"Synthetic fixture, behavioral/source regression, or explicit local operator testing. No external integration claimed.",True,False,False,False
scripts/public-launch-security.behavior.test.mjs,134,https://example.test${path,SAFE TEST,"Synthetic fixture, behavioral/source regression, or explicit local operator testing. No external integration claimed.",True,False,False,False
scripts/public-launch-security.behavior.test.mjs,150,https://example.test/other,SAFE TEST,"Synthetic fixture, behavioral/source regression, or explicit local operator testing. No external integration claimed.",True,False,False,False
scripts/public-launch-security.behavior.test.mjs,174,https://example.test/api/internal/enterprise-order-outbox,SAFE TEST,"Synthetic fixture, behavioral/source regression, or explicit local operator testing. No external integration claimed.",True,False,False,False
scripts/public-launch-security.behavior.test.mjs,190,https://example.test/api/internal/enterprise-order-outbox,SAFE TEST,"Synthetic fixture, behavioral/source regression, or explicit local operator testing. No external integration claimed.",True,False,False,False
scripts/public-launch-security.behavior.test.mjs,191,vercel,SAFE TEST,"Synthetic fixture, behavioral/source regression, or explicit local operator testing. No external integration claimed.",True,False,False,False
scripts/public-launch-security.behavior.test.mjs,213,https://example.test/api/enterprise/catalog/webhook?merchantId=m,SAFE TEST,"Synthetic fixture, behavioral/source regression, or explicit local operator testing. No external integration claimed.",True,False,False,False
scripts/public-launch-security.behavior.test.mjs,239,https://example.test,SAFE TEST,"Synthetic fixture, behavioral/source regression, or explicit local operator testing. No external integration claimed.",True,False,False,False
scripts/r2-storage-contract.test.mjs,8,R2,SAFE TEST,"Synthetic fixture, behavioral/source regression, or explicit local operator testing. No external integration claimed.",True,False,False,False
scripts/r2-storage-contract.test.mjs,9,s3,SAFE TEST,"Synthetic fixture, behavioral/source regression, or explicit local operator testing. No external integration claimed.",True,False,False,False
scripts/r2-storage-contract.test.mjs,20,Cloudflare,SAFE TEST,"Synthetic fixture, behavioral/source regression, or explicit local operator testing. No external integration claimed.",True,False,False,False
scripts/r2-storage-contract.test.mjs,20,R2,SAFE TEST,"Synthetic fixture, behavioral/source regression, or explicit local operator testing. No external integration claimed.",True,False,False,False
scripts/r2-storage-contract.test.mjs,21,s3,SAFE TEST,"Synthetic fixture, behavioral/source regression, or explicit local operator testing. No external integration claimed.",True,False,False,False
scripts/r2-storage-contract.test.mjs,23,r2,SAFE TEST,"Synthetic fixture, behavioral/source regression, or explicit local operator testing. No external integration claimed.",True,False,False,False
scripts/r2-storage-contract.test.mjs,33,R2,SAFE TEST,"Synthetic fixture, behavioral/source regression, or explicit local operator testing. No external integration claimed.",True,False,False,False
scripts/r2-storage-contract.test.mjs,35,CLOUDFLARE,SAFE TEST,"Synthetic fixture, behavioral/source regression, or explicit local operator testing. No external integration claimed.",True,False,False,False
scripts/r2-storage-contract.test.mjs,36,CLOUDFLARE,SAFE TEST,"Synthetic fixture, behavioral/source regression, or explicit local operator testing. No external integration claimed.",True,False,False,False
scripts/real-world-provider-held-hardening.contract.test.mjs,16,paystack,SAFE TEST,"Synthetic fixture, behavioral/source regression, or explicit local operator testing. No external integration claimed.",True,False,False,False
scripts/real-world-provider-held-hardening.contract.test.mjs,28,paystack,SAFE TEST,"Synthetic fixture, behavioral/source regression, or explicit local operator testing. No external integration claimed.",True,False,False,False
scripts/real-world-provider-held-hardening.contract.test.mjs,35,paystack,SAFE TEST,"Synthetic fixture, behavioral/source regression, or explicit local operator testing. No external integration claimed.",True,False,False,False
scripts/resend-email-otp.test.mjs,8,Resend,SAFE TEST,"Synthetic fixture, behavioral/source regression, or explicit local operator testing. No external integration claimed.",True,False,False,False
scripts/resend-email-otp.test.mjs,9,resend,SAFE TEST,"Synthetic fixture, behavioral/source regression, or explicit local operator testing. No external integration claimed.",True,False,False,False
scripts/resend-email-otp.test.mjs,10,resend,SAFE TEST,"Synthetic fixture, behavioral/source regression, or explicit local operator testing. No external integration claimed.",True,False,False,False
scripts/resend-email-otp.test.mjs,11,RESEND,SAFE TEST,"Synthetic fixture, behavioral/source regression, or explicit local operator testing. No external integration claimed.",True,False,False,False
scripts/resend-email-otp.test.mjs,12,RESEND,SAFE TEST,"Synthetic fixture, behavioral/source regression, or explicit local operator testing. No external integration claimed.",True,False,False,False
scripts/resend-email-otp.test.mjs,25,resend,SAFE TEST,"Synthetic fixture, behavioral/source regression, or explicit local operator testing. No external integration claimed.",True,False,False,False
scripts/resend-email-otp.test.mjs,29,RESEND,SAFE TEST,"Synthetic fixture, behavioral/source regression, or explicit local operator testing. No external integration claimed.",True,False,False,False
scripts/resend-email-otp.test.mjs,34,Resend,SAFE TEST,"Synthetic fixture, behavioral/source regression, or explicit local operator testing. No external integration claimed.",True,False,False,False
scripts/resend-email-otp.test.mjs,36,RESEND,SAFE TEST,"Synthetic fixture, behavioral/source regression, or explicit local operator testing. No external integration claimed.",True,False,False,False
scripts/resend-email-otp.test.mjs,36,Resend,SAFE TEST,"Synthetic fixture, behavioral/source regression, or explicit local operator testing. No external integration claimed.",True,False,False,False
scripts/resend-email-otp.test.mjs,51,Resend,SAFE TEST,"Synthetic fixture, behavioral/source regression, or explicit local operator testing. No external integration claimed.",True,False,False,False
scripts/resend-email-otp.test.mjs,52,resend,SAFE TEST,"Synthetic fixture, behavioral/source regression, or explicit local operator testing. No external integration claimed.",True,False,False,False
scripts/resend-email-otp.test.mjs,59,paystack,SAFE TEST,"Synthetic fixture, behavioral/source regression, or explicit local operator testing. No external integration claimed.",True,False,False,False
scripts/search-provider.behavior.test.mjs,7,typesense,SAFE TEST,"Synthetic fixture, behavioral/source regression, or explicit local operator testing. No external integration claimed.",True,False,False,False
scripts/search-provider.behavior.test.mjs,7,Typesense,SAFE TEST,"Synthetic fixture, behavioral/source regression, or explicit local operator testing. No external integration claimed.",True,False,False,False
scripts/search-provider.behavior.test.mjs,8,https://search.example.com,SAFE TEST,"Synthetic fixture, behavioral/source regression, or explicit local operator testing. No external integration claimed.",True,False,False,False
scripts/search-provider.behavior.test.mjs,8,Typesense,SAFE TEST,"Synthetic fixture, behavioral/source regression, or explicit local operator testing. No external integration claimed.",True,False,False,False
scripts/search-provider.behavior.test.mjs,17,https://search.example.com,SAFE TEST,"Synthetic fixture, behavioral/source regression, or explicit local operator testing. No external integration claimed.",True,False,False,False
scripts/search-provider.behavior.test.mjs,17,TYPESENSE,SAFE TEST,"Synthetic fixture, behavioral/source regression, or explicit local operator testing. No external integration claimed.",True,False,False,False
scripts/search-provider.behavior.test.mjs,18,typesense,SAFE TEST,"Synthetic fixture, behavioral/source regression, or explicit local operator testing. No external integration claimed.",True,False,False,False
scripts/search-provider.behavior.test.mjs,18,Typesense,SAFE TEST,"Synthetic fixture, behavioral/source regression, or explicit local operator testing. No external integration claimed.",True,False,False,False
scripts/search-provider.behavior.test.mjs,20,typesense,SAFE TEST,"Synthetic fixture, behavioral/source regression, or explicit local operator testing. No external integration claimed.",True,False,False,False
scripts/search-provider.behavior.test.mjs,20,TYPESENSE,SAFE TEST,"Synthetic fixture, behavioral/source regression, or explicit local operator testing. No external integration claimed.",True,False,False,False
scripts/search-v2-cto.contract.test.mjs,6,typesense,SAFE TEST,"Synthetic fixture, behavioral/source regression, or explicit local operator testing. No external integration claimed.",True,False,False,False
scripts/search-v2-cto.contract.test.mjs,55,Typesense,SAFE TEST,"Synthetic fixture, behavioral/source regression, or explicit local operator testing. No external integration claimed.",True,False,False,False
scripts/search-v2-cto.contract.test.mjs,83,Redis,SAFE TEST,"Synthetic fixture, behavioral/source regression, or explicit local operator testing. No external integration claimed.",True,False,False,False
scripts/search-v2-cto.contract.test.mjs,85,REDIS,SAFE TEST,"Synthetic fixture, behavioral/source regression, or explicit local operator testing. No external integration claimed.",True,False,False,False
scripts/search-v2-cto.contract.test.mjs,86,REDIS,SAFE TEST,"Synthetic fixture, behavioral/source regression, or explicit local operator testing. No external integration claimed.",True,False,False,False
scripts/search-v2-security.contract.test.mjs,6,typesense,SAFE TEST,"Synthetic fixture, behavioral/source regression, or explicit local operator testing. No external integration claimed.",True,False,False,False
scripts/search-v2-security.contract.test.mjs,55,Typesense,SAFE TEST,"Synthetic fixture, behavioral/source regression, or explicit local operator testing. No external integration claimed.",True,False,False,False
scripts/search-v2-security.contract.test.mjs,83,Redis,SAFE TEST,"Synthetic fixture, behavioral/source regression, or explicit local operator testing. No external integration claimed.",True,False,False,False
scripts/search-v2-security.contract.test.mjs,85,REDIS,SAFE TEST,"Synthetic fixture, behavioral/source regression, or explicit local operator testing. No external integration claimed.",True,False,False,False
scripts/search-v2-security.contract.test.mjs,86,REDIS,SAFE TEST,"Synthetic fixture, behavioral/source regression, or explicit local operator testing. No external integration claimed.",True,False,False,False
scripts/security-hardening-regression.test.mjs,38,paystack,SAFE TEST,"Synthetic fixture, behavioral/source regression, or explicit local operator testing. No external integration claimed.",True,False,False,False
scripts/security-hardening-regression.test.mjs,40,paystack,SAFE TEST,"Synthetic fixture, behavioral/source regression, or explicit local operator testing. No external integration claimed.",True,False,False,False
scripts/security-hardening-regression.test.mjs,41,paystack,SAFE TEST,"Synthetic fixture, behavioral/source regression, or explicit local operator testing. No external integration claimed.",True,False,False,False
scripts/start.mjs,16,vercel,SAFE CONFIGURATION,Reviewed registry/deployment/dependency metadata or documentation. Dependency entries are not evidence of live-provider certification; see mobile advisory limitation.,True,False,False,False
scripts/start.mjs,17,vercel,SAFE CONFIGURATION,Reviewed registry/deployment/dependency metadata or documentation. Dependency entries are not evidence of live-provider certification; see mobile advisory limitation.,True,False,False,False
scripts/storage-560kb-security.test.mjs,23,s3,SAFE TEST,"Synthetic fixture, behavioral/source regression, or explicit local operator testing. No external integration claimed.",True,False,False,False
scripts/storage-break-vectors.test.mjs,6,s3,SAFE TEST,"Synthetic fixture, behavioral/source regression, or explicit local operator testing. No external integration claimed.",True,False,False,False
scripts/validate-startup-env.mjs,6,VERCEL,SAFE CONFIGURATION,Reviewed registry/deployment/dependency metadata or documentation. Dependency entries are not evidence of live-provider certification; see mobile advisory limitation.,True,False,False,False
scripts/validate-startup-env.mjs,17,VERCEL,SAFE CONFIGURATION,Reviewed registry/deployment/dependency metadata or documentation. Dependency entries are not evidence of live-provider certification; see mobile advisory limitation.,True,False,False,False
scripts/validate-startup-env.mjs,30,Render,SAFE CONFIGURATION,Reviewed registry/deployment/dependency metadata or documentation. Dependency entries are not evidence of live-provider certification; see mobile advisory limitation.,True,False,False,False
scripts/validate-startup-env.mjs,33,Render,SAFE CONFIGURATION,Reviewed registry/deployment/dependency metadata or documentation. Dependency entries are not evidence of live-provider certification; see mobile advisory limitation.,True,False,False,False
scripts/validate-startup-env.mjs,35,REDIS,SAFE CONFIGURATION,Reviewed registry/deployment/dependency metadata or documentation. Dependency entries are not evidence of live-provider certification; see mobile advisory limitation.,True,False,False,False
scripts/validate-startup-env.mjs,42,Redis,SAFE CONFIGURATION,Reviewed registry/deployment/dependency metadata or documentation. Dependency entries are not evidence of live-provider certification; see mobile advisory limitation.,True,False,False,False
scripts/validate-startup-env.mjs,42,REDIS,SAFE CONFIGURATION,Reviewed registry/deployment/dependency metadata or documentation. Dependency entries are not evidence of live-provider certification; see mobile advisory limitation.,True,False,False,False
scripts/validate-startup-env.mjs,43,redis,SAFE CONFIGURATION,Reviewed registry/deployment/dependency metadata or documentation. Dependency entries are not evidence of live-provider certification; see mobile advisory limitation.,True,False,False,False
scripts/validate-startup-env.mjs,45,Redis,SAFE CONFIGURATION,Reviewed registry/deployment/dependency metadata or documentation. Dependency entries are not evidence of live-provider certification; see mobile advisory limitation.,True,False,False,False
scripts/validate-startup-env.mjs,45,REDIS,SAFE CONFIGURATION,Reviewed registry/deployment/dependency metadata or documentation. Dependency entries are not evidence of live-provider certification; see mobile advisory limitation.,True,False,False,False
scripts/validate-startup-env.mjs,46,redis,SAFE CONFIGURATION,Reviewed registry/deployment/dependency metadata or documentation. Dependency entries are not evidence of live-provider certification; see mobile advisory limitation.,True,False,False,False
scripts/validate-startup-env.mjs,47,redis,SAFE CONFIGURATION,Reviewed registry/deployment/dependency metadata or documentation. Dependency entries are not evidence of live-provider certification; see mobile advisory limitation.,True,False,False,False
scripts/validate-startup-env.mjs,47,Render,SAFE CONFIGURATION,Reviewed registry/deployment/dependency metadata or documentation. Dependency entries are not evidence of live-provider certification; see mobile advisory limitation.,True,False,False,False
scripts/validate-startup-env.mjs,48,RENDER,SAFE CONFIGURATION,Reviewed registry/deployment/dependency metadata or documentation. Dependency entries are not evidence of live-provider certification; see mobile advisory limitation.,True,False,False,False
scripts/validate-startup-env.mjs,48,Render,SAFE CONFIGURATION,Reviewed registry/deployment/dependency metadata or documentation. Dependency entries are not evidence of live-provider certification; see mobile advisory limitation.,True,False,False,False
scripts/validate-startup-env.mjs,51,Redis,SAFE CONFIGURATION,Reviewed registry/deployment/dependency metadata or documentation. Dependency entries are not evidence of live-provider certification; see mobile advisory limitation.,True,False,False,False
scripts/validate-startup-env.mjs,51,redis,SAFE CONFIGURATION,Reviewed registry/deployment/dependency metadata or documentation. Dependency entries are not evidence of live-provider certification; see mobile advisory limitation.,True,False,False,False
scripts/validate-startup-env.mjs,51,Render,SAFE CONFIGURATION,Reviewed registry/deployment/dependency metadata or documentation. Dependency entries are not evidence of live-provider certification; see mobile advisory limitation.,True,False,False,False
scripts/validate-startup-env.mjs,54,redis,SAFE CONFIGURATION,Reviewed registry/deployment/dependency metadata or documentation. Dependency entries are not evidence of live-provider certification; see mobile advisory limitation.,True,False,False,False
scripts/validate-startup-env.mjs,54,REDIS,SAFE CONFIGURATION,Reviewed registry/deployment/dependency metadata or documentation. Dependency entries are not evidence of live-provider certification; see mobile advisory limitation.,True,False,False,False
scripts/validate-startup-env.mjs,54,Render,SAFE CONFIGURATION,Reviewed registry/deployment/dependency metadata or documentation. Dependency entries are not evidence of live-provider certification; see mobile advisory limitation.,True,False,False,False
scripts/validate-startup-env.mjs,62,REDIS,SAFE CONFIGURATION,Reviewed registry/deployment/dependency metadata or documentation. Dependency entries are not evidence of live-provider certification; see mobile advisory limitation.,True,False,False,False
src/lib/auth/email/email-otp.server.ts,8,RESEND,SAFE CONFIGURATION,"Ordinary UI resend/render wording, not the named external service.",True,False,False,False
src/lib/auth/email/email-otp.server.ts,88,RESEND,SAFE CONFIGURATION,"Ordinary UI resend/render wording, not the named external service.",True,False,False,False
src/lib/auth/email/email-otp.server.ts,111,RESEND,SAFE CONFIGURATION,"Ordinary UI resend/render wording, not the named external service.",True,False,False,False
src/lib/auth/email/providers/resend-webhook.server.ts,26,Resend,SAFE ADAPTER CODE,"Adapter or protocol implementation owns authentication, endpoint, response mapping, or transport. Does not make this service universally required.",True,True,False,False
src/lib/auth/email/providers/resend-webhook.server.ts,28,RESEND,SAFE ADAPTER CODE,"Adapter or protocol implementation owns authentication, endpoint, response mapping, or transport. Does not make this service universally required.",True,True,False,False
src/lib/auth/email/providers/resend-webhook.server.ts,29,RESEND,SAFE ADAPTER CODE,"Adapter or protocol implementation owns authentication, endpoint, response mapping, or transport. Does not make this service universally required.",True,True,False,False
src/lib/auth/email/providers/resend-webhook.server.ts,30,Resend,SAFE ADAPTER CODE,"Adapter or protocol implementation owns authentication, endpoint, response mapping, or transport. Does not make this service universally required.",True,True,False,False
src/lib/auth/email/providers/resend-webhook.server.ts,33,Resend,SAFE ADAPTER CODE,"Adapter or protocol implementation owns authentication, endpoint, response mapping, or transport. Does not make this service universally required.",True,True,False,False
src/lib/auth/email/providers/resend-webhook.server.ts,34,Resend,SAFE ADAPTER CODE,"Adapter or protocol implementation owns authentication, endpoint, response mapping, or transport. Does not make this service universally required.",True,True,False,False
src/lib/auth/email/providers/resend.server.ts,1,Resend,SAFE ADAPTER CODE,"Adapter or protocol implementation owns authentication, endpoint, response mapping, or transport. Does not make this service universally required.",True,True,False,False
src/lib/auth/email/providers/resend.server.ts,1,resend,SAFE ADAPTER CODE,"Adapter or protocol implementation owns authentication, endpoint, response mapping, or transport. Does not make this service universally required.",True,True,False,False
src/lib/auth/email/providers/resend.server.ts,4,https://api.resend.com/emails,SAFE ADAPTER CODE,"Adapter or protocol implementation owns authentication, endpoint, response mapping, or transport. Does not make this service universally required.",True,True,False,False
src/lib/auth/email/providers/resend.server.ts,4,RESEND,SAFE ADAPTER CODE,"Adapter or protocol implementation owns authentication, endpoint, response mapping, or transport. Does not make this service universally required.",True,True,False,False
src/lib/auth/email/providers/resend.server.ts,17,Resend,SAFE ADAPTER CODE,"Adapter or protocol implementation owns authentication, endpoint, response mapping, or transport. Does not make this service universally required.",True,True,False,False
src/lib/auth/email/providers/resend.server.ts,18,resend,SAFE ADAPTER CODE,"Adapter or protocol implementation owns authentication, endpoint, response mapping, or transport. Does not make this service universally required.",True,True,False,False
src/lib/auth/email/providers/resend.server.ts,19,Resend,SAFE ADAPTER CODE,"Adapter or protocol implementation owns authentication, endpoint, response mapping, or transport. Does not make this service universally required.",True,True,False,False
src/lib/auth/email/providers/resend.server.ts,22,RESEND,SAFE ADAPTER CODE,"Adapter or protocol implementation owns authentication, endpoint, response mapping, or transport. Does not make this service universally required.",True,True,False,False
src/lib/auth/email/providers/resend.server.ts,23,RESEND,SAFE ADAPTER CODE,"Adapter or protocol implementation owns authentication, endpoint, response mapping, or transport. Does not make this service universally required.",True,True,False,False
src/lib/auth/email/providers/resend.server.ts,24,RESEND,SAFE ADAPTER CODE,"Adapter or protocol implementation owns authentication, endpoint, response mapping, or transport. Does not make this service universally required.",True,True,False,False
src/lib/auth/email/providers/resend.server.ts,37,RESEND,SAFE ADAPTER CODE,"Adapter or protocol implementation owns authentication, endpoint, response mapping, or transport. Does not make this service universally required.",True,True,False,False
src/lib/auth/email/providers/resend.server.ts,67,Resend,SAFE ADAPTER CODE,"Adapter or protocol implementation owns authentication, endpoint, response mapping, or transport. Does not make this service universally required.",True,True,False,False
src/lib/auth/email/providers/resend.server.ts,82,Resend,SAFE ADAPTER CODE,"Adapter or protocol implementation owns authentication, endpoint, response mapping, or transport. Does not make this service universally required.",True,True,False,False
src/lib/auth/email/providers/resend.server.ts,86,Resend,SAFE ADAPTER CODE,"Adapter or protocol implementation owns authentication, endpoint, response mapping, or transport. Does not make this service universally required.",True,True,False,False
src/lib/auth/email/providers/resend.server.ts,88,Resend,SAFE ADAPTER CODE,"Adapter or protocol implementation owns authentication, endpoint, response mapping, or transport. Does not make this service universally required.",True,True,False,False
src/lib/auth/email/providers/resend.server.ts,89,Resend,SAFE ADAPTER CODE,"Adapter or protocol implementation owns authentication, endpoint, response mapping, or transport. Does not make this service universally required.",True,True,False,False
src/lib/auth/email/registry.server.ts,3,Resend,SAFE CONFIGURATION,Reviewed registry/deployment/dependency metadata or documentation. Dependency entries are not evidence of live-provider certification; see mobile advisory limitation.,True,False,False,False
src/lib/auth/email/registry.server.ts,3,resend,SAFE CONFIGURATION,Reviewed registry/deployment/dependency metadata or documentation. Dependency entries are not evidence of live-provider certification; see mobile advisory limitation.,True,False,False,False
src/lib/auth/email/registry.server.ts,4,Resend,SAFE CONFIGURATION,Reviewed registry/deployment/dependency metadata or documentation. Dependency entries are not evidence of live-provider certification; see mobile advisory limitation.,True,False,False,False
src/lib/auth/email/registry.server.ts,4,resend,SAFE CONFIGURATION,Reviewed registry/deployment/dependency metadata or documentation. Dependency entries are not evidence of live-provider certification; see mobile advisory limitation.,True,False,False,False
src/lib/auth/otp/otp.server.ts,9,RESEND,SAFE CONFIGURATION,"Ordinary UI resend/render wording, not the named external service.",True,False,False,False
src/lib/auth/otp/otp.server.ts,83,RESEND,SAFE CONFIGURATION,"Ordinary UI resend/render wording, not the named external service.",True,False,False,False
src/lib/auth/otp/otp.server.ts,105,RESEND,SAFE CONFIGURATION,"Ordinary UI resend/render wording, not the named external service.",True,False,False,False
src/lib/auth/otp/providers/arkesel.server.ts,8,ARKESEL,SAFE ADAPTER CODE,"Adapter or protocol implementation owns authentication, endpoint, response mapping, or transport. Does not make this service universally required.",True,True,False,False
src/lib/auth/otp/providers/arkesel.server.ts,8,https://sms.arkesel.com/api/otp,SAFE ADAPTER CODE,"Adapter or protocol implementation owns authentication, endpoint, response mapping, or transport. Does not make this service universally required.",True,True,False,False
src/lib/auth/otp/providers/arkesel.server.ts,11,ARKESEL,SAFE ADAPTER CODE,"Adapter or protocol implementation owns authentication, endpoint, response mapping, or transport. Does not make this service universally required.",True,True,False,False
src/lib/auth/otp/providers/arkesel.server.ts,12,Arkesel,SAFE ADAPTER CODE,"Adapter or protocol implementation owns authentication, endpoint, response mapping, or transport. Does not make this service universally required.",True,True,False,False
src/lib/auth/otp/providers/arkesel.server.ts,17,ARKESEL,SAFE ADAPTER CODE,"Adapter or protocol implementation owns authentication, endpoint, response mapping, or transport. Does not make this service universally required.",True,True,False,False
src/lib/auth/otp/providers/arkesel.server.ts,35,Arkesel,SAFE ADAPTER CODE,"Adapter or protocol implementation owns authentication, endpoint, response mapping, or transport. Does not make this service universally required.",True,True,False,False
src/lib/auth/otp/providers/arkesel.server.ts,58,Arkesel,SAFE ADAPTER CODE,"Adapter or protocol implementation owns authentication, endpoint, response mapping, or transport. Does not make this service universally required.",True,True,False,False
src/lib/auth/otp/providers/arkesel.server.ts,59,arkesel,SAFE ADAPTER CODE,"Adapter or protocol implementation owns authentication, endpoint, response mapping, or transport. Does not make this service universally required.",True,True,False,False
src/lib/auth/otp/providers/arkesel.server.ts,62,ARKESEL,SAFE ADAPTER CODE,"Adapter or protocol implementation owns authentication, endpoint, response mapping, or transport. Does not make this service universally required.",True,True,False,False
src/lib/auth/otp/providers/arkesel.server.ts,63,Arkesel,SAFE ADAPTER CODE,"Adapter or protocol implementation owns authentication, endpoint, response mapping, or transport. Does not make this service universally required.",True,True,False,False
src/lib/auth/otp/providers/arkesel.server.ts,68,ARKESEL,SAFE ADAPTER CODE,"Adapter or protocol implementation owns authentication, endpoint, response mapping, or transport. Does not make this service universally required.",True,True,False,False
src/lib/auth/otp/providers/arkesel.server.ts,93,Arkesel,SAFE ADAPTER CODE,"Adapter or protocol implementation owns authentication, endpoint, response mapping, or transport. Does not make this service universally required.",True,True,False,False
src/lib/auth/otp/providers/arkesel.server.ts,94,Arkesel,SAFE ADAPTER CODE,"Adapter or protocol implementation owns authentication, endpoint, response mapping, or transport. Does not make this service universally required.",True,True,False,False
src/lib/auth/otp/registry.server.ts,3,arkesel,SAFE CONFIGURATION,Reviewed registry/deployment/dependency metadata or documentation. Dependency entries are not evidence of live-provider certification; see mobile advisory limitation.,True,False,False,False
src/lib/auth/otp/registry.server.ts,3,Arkesel,SAFE CONFIGURATION,Reviewed registry/deployment/dependency metadata or documentation. Dependency entries are not evidence of live-provider certification; see mobile advisory limitation.,True,False,False,False
src/lib/auth/otp/registry.server.ts,4,arkesel,SAFE CONFIGURATION,Reviewed registry/deployment/dependency metadata or documentation. Dependency entries are not evidence of live-provider certification; see mobile advisory limitation.,True,False,False,False
src/lib/auth/otp/registry.server.ts,4,Arkesel,SAFE CONFIGURATION,Reviewed registry/deployment/dependency metadata or documentation. Dependency entries are not evidence of live-provider certification; see mobile advisory limitation.,True,False,False,False
src/lib/auth/server.ts,45,http://127.0.0.1:8080,SAFE CONFIGURATION,"Configured API origin, platform SDK import, protocol/interface documentation, placeholder URL, or standard namespace. No hard-coded server financial behavior.",True,False,False,False
src/lib/auth/server.ts,45,http://[::1]:8080,SAFE CONFIGURATION,"Configured API origin, platform SDK import, protocol/interface documentation, placeholder URL, or standard namespace. No hard-coded server financial behavior.",True,False,False,False
src/lib/auth/server.ts,45,http://localhost:8080,SAFE CONFIGURATION,"Configured API origin, platform SDK import, protocol/interface documentation, placeholder URL, or standard namespace. No hard-coded server financial behavior.",True,False,False,False
src/lib/auth/server.ts,46,http://localhost:8080,SAFE CONFIGURATION,"Configured API origin, platform SDK import, protocol/interface documentation, placeholder URL, or standard namespace. No hard-coded server financial behavior.",True,False,False,False
src/lib/auth/use-current-user.ts,55,render,SAFE CONFIGURATION,"Ordinary UI resend/render wording, not the named external service.",True,False,False,False
src/lib/env.server.ts,32,REDIS,SAFE CONFIGURATION,Reviewed registry/deployment/dependency metadata or documentation. Dependency entries are not evidence of live-provider certification; see mobile advisory limitation.,True,False,False,False
src/lib/kyb/providers/fylings.server.ts,5,https://www.fylings.com,SAFE ADAPTER CODE,"Adapter or protocol implementation owns authentication, endpoint, response mapping, or transport. Does not make this service universally required.",True,True,False,False
src/lib/kyb/providers/fylings.server.ts,30,Fylings,SAFE ADAPTER CODE,"Adapter or protocol implementation owns authentication, endpoint, response mapping, or transport. Does not make this service universally required.",True,True,False,False
src/lib/kyb/providers/fylings.server.ts,34,FYLINGS,SAFE ADAPTER CODE,"Adapter or protocol implementation owns authentication, endpoint, response mapping, or transport. Does not make this service universally required.",True,True,False,False
src/lib/kyb/providers/fylings.server.ts,35,FYLINGS,SAFE ADAPTER CODE,"Adapter or protocol implementation owns authentication, endpoint, response mapping, or transport. Does not make this service universally required.",True,True,False,False
src/lib/kyb/providers/fylings.server.ts,37,FYLINGS,SAFE ADAPTER CODE,"Adapter or protocol implementation owns authentication, endpoint, response mapping, or transport. Does not make this service universally required.",True,True,False,False
src/lib/kyb/providers/fylings.server.ts,83,Fylings,SAFE ADAPTER CODE,"Adapter or protocol implementation owns authentication, endpoint, response mapping, or transport. Does not make this service universally required.",True,True,False,False
src/lib/kyb/providers/fylings.server.ts,91,Fylings,SAFE ADAPTER CODE,"Adapter or protocol implementation owns authentication, endpoint, response mapping, or transport. Does not make this service universally required.",True,True,False,False
src/lib/kyb/providers/fylings.server.ts,102,fylings,SAFE ADAPTER CODE,"Adapter or protocol implementation owns authentication, endpoint, response mapping, or transport. Does not make this service universally required.",True,True,False,False
src/lib/kyb/providers/fylings.server.ts,124,Fylings,SAFE ADAPTER CODE,"Adapter or protocol implementation owns authentication, endpoint, response mapping, or transport. Does not make this service universally required.",True,True,False,False
src/lib/kyb/registry.server.ts,3,Fylings,SAFE CONFIGURATION,Reviewed registry/deployment/dependency metadata or documentation. Dependency entries are not evidence of live-provider certification; see mobile advisory limitation.,True,False,False,False
src/lib/kyb/registry.server.ts,3,fylings,SAFE CONFIGURATION,Reviewed registry/deployment/dependency metadata or documentation. Dependency entries are not evidence of live-provider certification; see mobile advisory limitation.,True,False,False,False
src/lib/kyb/registry.server.ts,4,Fylings,SAFE CONFIGURATION,Reviewed registry/deployment/dependency metadata or documentation. Dependency entries are not evidence of live-provider certification; see mobile advisory limitation.,True,False,False,False
src/lib/kyb/registry.server.ts,4,fylings,SAFE CONFIGURATION,Reviewed registry/deployment/dependency metadata or documentation. Dependency entries are not evidence of live-provider certification; see mobile advisory limitation.,True,False,False,False
src/lib/market/adapters/builtin-drivers.ts,4,paystack,SAFE CONFIGURATION,Reviewed registry/deployment/dependency metadata or documentation. Dependency entries are not evidence of live-provider certification; see mobile advisory limitation.,True,False,False,False
src/lib/market/adapters/location-registry.server.ts,3,Geoapify,SAFE CONFIGURATION,Reviewed registry/deployment/dependency metadata or documentation. Dependency entries are not evidence of live-provider certification; see mobile advisory limitation.,True,False,False,False
src/lib/market/adapters/location-registry.server.ts,3,geoapify,SAFE CONFIGURATION,Reviewed registry/deployment/dependency metadata or documentation. Dependency entries are not evidence of live-provider certification; see mobile advisory limitation.,True,False,False,False
src/lib/market/adapters/location-registry.server.ts,4,GEOAPIFY,SAFE CONFIGURATION,Reviewed registry/deployment/dependency metadata or documentation. Dependency entries are not evidence of live-provider certification; see mobile advisory limitation.,True,False,False,False
src/lib/market/adapters/location-registry.server.ts,4,Geoapify,SAFE CONFIGURATION,Reviewed registry/deployment/dependency metadata or documentation. Dependency entries are not evidence of live-provider certification; see mobile advisory limitation.,True,False,False,False
src/lib/market/adapters/location-registry.server.ts,4,geoapify,SAFE CONFIGURATION,Reviewed registry/deployment/dependency metadata or documentation. Dependency entries are not evidence of live-provider certification; see mobile advisory limitation.,True,False,False,False
src/lib/market/adapters/providers/geoapify.server.ts,4,geoapify,SAFE ADAPTER CODE,"Adapter or protocol implementation owns authentication, endpoint, response mapping, or transport. Does not make this service universally required.",True,True,False,False
src/lib/market/adapters/providers/geoapify.server.ts,13,geoapify,SAFE ADAPTER CODE,"Adapter or protocol implementation owns authentication, endpoint, response mapping, or transport. Does not make this service universally required.",True,True,False,False
src/lib/market/adapters/providers/geoapify.server.ts,15,geoapify,SAFE ADAPTER CODE,"Adapter or protocol implementation owns authentication, endpoint, response mapping, or transport. Does not make this service universally required.",True,True,False,False
src/lib/market/adapters/providers/geoapify.server.ts,30,Geoapify,SAFE ADAPTER CODE,"Adapter or protocol implementation owns authentication, endpoint, response mapping, or transport. Does not make this service universally required.",True,True,False,False
src/lib/market/adapters/providers/geoapify.server.ts,31,geoapify,SAFE ADAPTER CODE,"Adapter or protocol implementation owns authentication, endpoint, response mapping, or transport. Does not make this service universally required.",True,True,False,False
src/lib/market/adapters/providers/geoapify.server.ts,32,Geoapify,SAFE ADAPTER CODE,"Adapter or protocol implementation owns authentication, endpoint, response mapping, or transport. Does not make this service universally required.",True,True,False,False
src/lib/market/adapters/providers/geoapify.server.ts,32,https://www.geoapify.com/,SAFE ADAPTER CODE,"Adapter or protocol implementation owns authentication, endpoint, response mapping, or transport. Does not make this service universally required.",True,True,False,False
src/lib/market/adapters/providers/geoapify.server.ts,32,https://www.openstreetmap.org/copyright,SAFE ADAPTER CODE,"Adapter or protocol implementation owns authentication, endpoint, response mapping, or transport. Does not make this service universally required.",True,True,False,False
src/lib/market/adapters/providers/geoapify.server.ts,32,OpenStreetMap,SAFE ADAPTER CODE,"Adapter or protocol implementation owns authentication, endpoint, response mapping, or transport. Does not make this service universally required.",True,True,False,False
src/lib/market/adapters/providers/geoapify.server.ts,33,https://api.geoapify.com/v1,SAFE ADAPTER CODE,"Adapter or protocol implementation owns authentication, endpoint, response mapping, or transport. Does not make this service universally required.",True,True,False,False
src/lib/market/adapters/providers/geoapify.server.ts,41,Geoapify,SAFE ADAPTER CODE,"Adapter or protocol implementation owns authentication, endpoint, response mapping, or transport. Does not make this service universally required.",True,True,False,False
src/lib/market/adapters/providers/geoapify.server.ts,45,geoapify,SAFE ADAPTER CODE,"Adapter or protocol implementation owns authentication, endpoint, response mapping, or transport. Does not make this service universally required.",True,True,False,False
src/lib/market/adapters/providers/paystack.ts,53,Paystack,SAFE ADAPTER CODE,"Adapter or protocol implementation owns authentication, endpoint, response mapping, or transport. Does not make this service universally required.",True,True,False,False
src/lib/market/adapters/providers/paystack.ts,54,paystack,SAFE ADAPTER CODE,"Adapter or protocol implementation owns authentication, endpoint, response mapping, or transport. Does not make this service universally required.",True,True,False,False
src/lib/market/adapters/providers/paystack.ts,55,paystack,SAFE ADAPTER CODE,"Adapter or protocol implementation owns authentication, endpoint, response mapping, or transport. Does not make this service universally required.",True,True,False,False
src/lib/market/adapters/providers/paystack.ts,56,paystack,SAFE ADAPTER CODE,"Adapter or protocol implementation owns authentication, endpoint, response mapping, or transport. Does not make this service universally required.",True,True,False,False
src/lib/market/adapters/providers/paystack.ts,58,https://api.paystack.co,SAFE ADAPTER CODE,"Adapter or protocol implementation owns authentication, endpoint, response mapping, or transport. Does not make this service universally required.",True,True,False,False
src/lib/market/adapters/providers/paystack.ts,146,Paystack,SAFE ADAPTER CODE,"Adapter or protocol implementation owns authentication, endpoint, response mapping, or transport. Does not make this service universally required.",True,True,False,False
src/lib/market/adapters/providers/paystack.ts,150,Paystack,SAFE ADAPTER CODE,"Adapter or protocol implementation owns authentication, endpoint, response mapping, or transport. Does not make this service universally required.",True,True,False,False
src/lib/market/adapters/providers/typesense.server.ts,6,Typesense,SAFE ADAPTER CODE,"Adapter or protocol implementation owns authentication, endpoint, response mapping, or transport. Does not make this service universally required.",True,True,False,False
src/lib/market/adapters/providers/typesense.server.ts,7,typesense,SAFE ADAPTER CODE,"Adapter or protocol implementation owns authentication, endpoint, response mapping, or transport. Does not make this service universally required.",True,True,False,False
src/lib/market/adapters/providers/typesense.server.ts,41,TYPESENSE,SAFE ADAPTER CODE,"Adapter or protocol implementation owns authentication, endpoint, response mapping, or transport. Does not make this service universally required.",True,True,False,False
src/lib/market/adapters/search-registry.server.ts,1,typesense,SAFE CONFIGURATION,Reviewed registry/deployment/dependency metadata or documentation. Dependency entries are not evidence of live-provider certification; see mobile advisory limitation.,True,False,False,False
src/lib/market/adapters/search-registry.server.ts,1,Typesense,SAFE CONFIGURATION,Reviewed registry/deployment/dependency metadata or documentation. Dependency entries are not evidence of live-provider certification; see mobile advisory limitation.,True,False,False,False
src/lib/market/adapters/search-registry.server.ts,7,typesense,SAFE CONFIGURATION,Reviewed registry/deployment/dependency metadata or documentation. Dependency entries are not evidence of live-provider certification; see mobile advisory limitation.,True,False,False,False
src/lib/market/adapters/search-registry.server.ts,8,TYPESENSE,SAFE CONFIGURATION,Reviewed registry/deployment/dependency metadata or documentation. Dependency entries are not evidence of live-provider certification; see mobile advisory limitation.,True,False,False,False
src/lib/market/adapters/search-registry.server.ts,9,typesense,SAFE CONFIGURATION,Reviewed registry/deployment/dependency metadata or documentation. Dependency entries are not evidence of live-provider certification; see mobile advisory limitation.,True,False,False,False
src/lib/market/adapters/search-registry.server.ts,9,TYPESENSE,SAFE CONFIGURATION,Reviewed registry/deployment/dependency metadata or documentation. Dependency entries are not evidence of live-provider certification; see mobile advisory limitation.,True,False,False,False
src/lib/market/adapters/search-registry.server.ts,10,Typesense,SAFE CONFIGURATION,Reviewed registry/deployment/dependency metadata or documentation. Dependency entries are not evidence of live-provider certification; see mobile advisory limitation.,True,False,False,False
src/lib/multiplayer/p2p.ts,561,render,SAFE CONFIGURATION,Transport/security standard or deployment-owned protocol configuration; no mandatory business vendor. Public STUN defaults remain absent.,True,False,False,False
src/lib/notifications/push/client-registry.ts,3,fcm,SAFE CONFIGURATION,Reviewed registry/deployment/dependency metadata or documentation. Dependency entries are not evidence of live-provider certification; see mobile advisory limitation.,True,False,False,False
src/lib/notifications/push/fcm.client.ts,3,Firebase,SAFE ADAPTER CODE,"Adapter or protocol implementation owns authentication, endpoint, response mapping, or transport. Does not make this service universally required.",True,True,False,False
src/lib/notifications/push/fcm.client.ts,12,Firebase,SAFE ADAPTER CODE,"Adapter or protocol implementation owns authentication, endpoint, response mapping, or transport. Does not make this service universally required.",True,True,False,False
src/lib/notifications/push/fcm.client.ts,13,Firebase,SAFE ADAPTER CODE,"Adapter or protocol implementation owns authentication, endpoint, response mapping, or transport. Does not make this service universally required.",True,True,False,False
src/lib/notifications/push/fcm.client.ts,23,firebase,SAFE ADAPTER CODE,"Adapter or protocol implementation owns authentication, endpoint, response mapping, or transport. Does not make this service universally required.",True,True,False,False
src/lib/notifications/push/fcm.client.ts,23,Firebase,SAFE ADAPTER CODE,"Adapter or protocol implementation owns authentication, endpoint, response mapping, or transport. Does not make this service universally required.",True,True,False,False
src/lib/notifications/push/fcm.client.ts,28,https://www.gstatic.com/firebasejs/${SDK_VERSION,SAFE ADAPTER CODE,"Adapter or protocol implementation owns authentication, endpoint, response mapping, or transport. Does not make this service universally required.",True,True,False,False
src/lib/notifications/push/fcm.client.ts,29,Firebase,SAFE ADAPTER CODE,"Adapter or protocol implementation owns authentication, endpoint, response mapping, or transport. Does not make this service universally required.",True,True,False,False
src/lib/notifications/push/fcm.client.ts,31,Firebase,SAFE ADAPTER CODE,"Adapter or protocol implementation owns authentication, endpoint, response mapping, or transport. Does not make this service universally required.",True,True,False,False
src/lib/notifications/push/fcm.client.ts,32,Firebase,SAFE ADAPTER CODE,"Adapter or protocol implementation owns authentication, endpoint, response mapping, or transport. Does not make this service universally required.",True,True,False,False
src/lib/notifications/push/fcm.client.ts,33,FIREBASE,SAFE ADAPTER CODE,"Adapter or protocol implementation owns authentication, endpoint, response mapping, or transport. Does not make this service universally required.",True,True,False,False
src/lib/notifications/push/fcm.client.ts,34,FIREBASE,SAFE ADAPTER CODE,"Adapter or protocol implementation owns authentication, endpoint, response mapping, or transport. Does not make this service universally required.",True,True,False,False
src/lib/notifications/push/fcm.client.ts,35,FIREBASE,SAFE ADAPTER CODE,"Adapter or protocol implementation owns authentication, endpoint, response mapping, or transport. Does not make this service universally required.",True,True,False,False
src/lib/notifications/push/fcm.client.ts,36,FIREBASE,SAFE ADAPTER CODE,"Adapter or protocol implementation owns authentication, endpoint, response mapping, or transport. Does not make this service universally required.",True,True,False,False
src/lib/notifications/push/fcm.client.ts,37,FIREBASE,SAFE ADAPTER CODE,"Adapter or protocol implementation owns authentication, endpoint, response mapping, or transport. Does not make this service universally required.",True,True,False,False
src/lib/notifications/push/fcm.client.ts,38,FIREBASE,SAFE ADAPTER CODE,"Adapter or protocol implementation owns authentication, endpoint, response mapping, or transport. Does not make this service universally required.",True,True,False,False
src/lib/notifications/push/fcm.client.ts,41,Firebase,SAFE ADAPTER CODE,"Adapter or protocol implementation owns authentication, endpoint, response mapping, or transport. Does not make this service universally required.",True,True,False,False
src/lib/notifications/push/fcm.client.ts,67,Firebase,SAFE ADAPTER CODE,"Adapter or protocol implementation owns authentication, endpoint, response mapping, or transport. Does not make this service universally required.",True,True,False,False
src/lib/notifications/push/fcm.client.ts,71,firebase,SAFE ADAPTER CODE,"Adapter or protocol implementation owns authentication, endpoint, response mapping, or transport. Does not make this service universally required.",True,True,False,False
src/lib/notifications/push/fcm.client.ts,72,firebase,SAFE ADAPTER CODE,"Adapter or protocol implementation owns authentication, endpoint, response mapping, or transport. Does not make this service universally required.",True,True,False,False
src/lib/notifications/push/fcm.client.ts,73,firebase,SAFE ADAPTER CODE,"Adapter or protocol implementation owns authentication, endpoint, response mapping, or transport. Does not make this service universally required.",True,True,False,False
src/lib/notifications/push/fcm.client.ts,73,Firebase,SAFE ADAPTER CODE,"Adapter or protocol implementation owns authentication, endpoint, response mapping, or transport. Does not make this service universally required.",True,True,False,False
src/lib/notifications/push/fcm.client.ts,74,firebase,SAFE ADAPTER CODE,"Adapter or protocol implementation owns authentication, endpoint, response mapping, or transport. Does not make this service universally required.",True,True,False,False
src/lib/notifications/push/fcm.client.ts,75,firebase,SAFE ADAPTER CODE,"Adapter or protocol implementation owns authentication, endpoint, response mapping, or transport. Does not make this service universally required.",True,True,False,False
src/lib/notifications/push/fcm.client.ts,80,Firebase,SAFE ADAPTER CODE,"Adapter or protocol implementation owns authentication, endpoint, response mapping, or transport. Does not make this service universally required.",True,True,False,False
src/lib/notifications/push/fcm.client.ts,91,firebase,SAFE ADAPTER CODE,"Adapter or protocol implementation owns authentication, endpoint, response mapping, or transport. Does not make this service universally required.",True,True,False,False
src/lib/notifications/push/fcm.client.ts,101,firebase,SAFE ADAPTER CODE,"Adapter or protocol implementation owns authentication, endpoint, response mapping, or transport. Does not make this service universally required.",True,True,False,False
src/lib/notifications/push/fcm.client.ts,101,Firebase,SAFE ADAPTER CODE,"Adapter or protocol implementation owns authentication, endpoint, response mapping, or transport. Does not make this service universally required.",True,True,False,False
src/lib/notifications/push/fcm.client.ts,102,firebase,SAFE ADAPTER CODE,"Adapter or protocol implementation owns authentication, endpoint, response mapping, or transport. Does not make this service universally required.",True,True,False,False
src/lib/notifications/push/fcm.client.ts,103,FIREBASE,SAFE ADAPTER CODE,"Adapter or protocol implementation owns authentication, endpoint, response mapping, or transport. Does not make this service universally required.",True,True,False,False
src/lib/notifications/push/fcm.client.ts,104,FIREBASE,SAFE ADAPTER CODE,"Adapter or protocol implementation owns authentication, endpoint, response mapping, or transport. Does not make this service universally required.",True,True,False,False
src/lib/notifications/push/fcm.client.ts,107,FCM,SAFE ADAPTER CODE,"Adapter or protocol implementation owns authentication, endpoint, response mapping, or transport. Does not make this service universally required.",True,True,False,False
src/lib/notifications/push/fcm.client.ts,120,firebase,SAFE ADAPTER CODE,"Adapter or protocol implementation owns authentication, endpoint, response mapping, or transport. Does not make this service universally required.",True,True,False,False
src/lib/notifications/push/fcm.client.ts,120,Firebase,SAFE ADAPTER CODE,"Adapter or protocol implementation owns authentication, endpoint, response mapping, or transport. Does not make this service universally required.",True,True,False,False
src/lib/notifications/push/fcm.client.ts,121,firebase,SAFE ADAPTER CODE,"Adapter or protocol implementation owns authentication, endpoint, response mapping, or transport. Does not make this service universally required.",True,True,False,False
src/lib/notifications/push/fcm.client.ts,126,FIREBASE,SAFE ADAPTER CODE,"Adapter or protocol implementation owns authentication, endpoint, response mapping, or transport. Does not make this service universally required.",True,True,False,False
src/lib/notifications/push/providers/fcm-browser.mjs,1,FCM,SAFE ADAPTER CODE,"Adapter or protocol implementation owns authentication, endpoint, response mapping, or transport. Does not make this service universally required.",True,True,False,False
src/lib/notifications/push/providers/fcm-browser.mjs,2,FIREBASE,SAFE ADAPTER CODE,"Adapter or protocol implementation owns authentication, endpoint, response mapping, or transport. Does not make this service universally required.",True,True,False,False
src/lib/notifications/push/providers/fcm-browser.mjs,2,https://fcm.googleapis.com,SAFE ADAPTER CODE,"Adapter or protocol implementation owns authentication, endpoint, response mapping, or transport. Does not make this service universally required.",True,True,False,False
src/lib/notifications/push/providers/fcm-browser.mjs,2,https://fcmregistrations.googleapis.com,SAFE ADAPTER CODE,"Adapter or protocol implementation owns authentication, endpoint, response mapping, or transport. Does not make this service universally required.",True,True,False,False
src/lib/notifications/push/providers/fcm-browser.mjs,2,https://firebaseinstallations.googleapis.com,SAFE ADAPTER CODE,"Adapter or protocol implementation owns authentication, endpoint, response mapping, or transport. Does not make this service universally required.",True,True,False,False
src/lib/notifications/push/providers/fcm-browser.mjs,2,https://www.gstatic.com,SAFE ADAPTER CODE,"Adapter or protocol implementation owns authentication, endpoint, response mapping, or transport. Does not make this service universally required.",True,True,False,False
src/lib/notifications/push/providers/fcm.server.ts,4,https://www.googleapis.com/auth/firebase.messaging,SAFE ADAPTER CODE,"Adapter or protocol implementation owns authentication, endpoint, response mapping, or transport. Does not make this service universally required.",True,True,False,False
src/lib/notifications/push/providers/fcm.server.ts,5,https://oauth2.googleapis.com/token,SAFE ADAPTER CODE,"Adapter or protocol implementation owns authentication, endpoint, response mapping, or transport. Does not make this service universally required.",True,True,False,False
src/lib/notifications/push/providers/fcm.server.ts,24,FCM,SAFE ADAPTER CODE,"Adapter or protocol implementation owns authentication, endpoint, response mapping, or transport. Does not make this service universally required.",True,True,False,False
src/lib/notifications/push/providers/fcm.server.ts,30,FCM,SAFE ADAPTER CODE,"Adapter or protocol implementation owns authentication, endpoint, response mapping, or transport. Does not make this service universally required.",True,True,False,False
src/lib/notifications/push/providers/fcm.server.ts,63,FCM,SAFE ADAPTER CODE,"Adapter or protocol implementation owns authentication, endpoint, response mapping, or transport. Does not make this service universally required.",True,True,False,False
src/lib/notifications/push/providers/fcm.server.ts,73,fcm,SAFE ADAPTER CODE,"Adapter or protocol implementation owns authentication, endpoint, response mapping, or transport. Does not make this service universally required.",True,True,False,False
src/lib/notifications/push/providers/fcm.server.ts,78,https://fcm.googleapis.com/v1/projects/${encodeURIComponent(projectId,SAFE ADAPTER CODE,"Adapter or protocol implementation owns authentication, endpoint, response mapping, or transport. Does not make this service universally required.",True,True,False,False
src/lib/notifications/push/providers/fcm.server.ts,103,FCM,SAFE ADAPTER CODE,"Adapter or protocol implementation owns authentication, endpoint, response mapping, or transport. Does not make this service universally required.",True,True,False,False
src/lib/notifications/push/providers/fcm.server.ts,112,FCM,SAFE ADAPTER CODE,"Adapter or protocol implementation owns authentication, endpoint, response mapping, or transport. Does not make this service universally required.",True,True,False,False
src/lib/notifications/push/registry.server.ts,3,fcm,SAFE CONFIGURATION,Reviewed registry/deployment/dependency metadata or documentation. Dependency entries are not evidence of live-provider certification; see mobile advisory limitation.,True,False,False,False
src/lib/notifications/push/registry.server.ts,4,fcm,SAFE CONFIGURATION,Reviewed registry/deployment/dependency metadata or documentation. Dependency entries are not evidence of live-provider certification; see mobile advisory limitation.,True,False,False,False
src/lib/providers/browser-policy.mjs,1,fcm,SAFE CONFIGURATION,Reviewed registry/deployment/dependency metadata or documentation. Dependency entries are not evidence of live-provider certification; see mobile advisory limitation.,True,False,False,False
src/lib/providers/browser-policy.mjs,5,fcm,SAFE CONFIGURATION,Reviewed registry/deployment/dependency metadata or documentation. Dependency entries are not evidence of live-provider certification; see mobile advisory limitation.,True,False,False,False
src/lib/providers/browser-policy.mjs,21,s3,SAFE CONFIGURATION,Reviewed registry/deployment/dependency metadata or documentation. Dependency entries are not evidence of live-provider certification; see mobile advisory limitation.,True,False,False,False
src/lib/providers/browser-policy.mjs,22,r2,SAFE CONFIGURATION,Reviewed registry/deployment/dependency metadata or documentation. Dependency entries are not evidence of live-provider certification; see mobile advisory limitation.,True,False,False,False
src/lib/providers/browser-policy.mjs,23,CLOUDFLARE,SAFE CONFIGURATION,Reviewed registry/deployment/dependency metadata or documentation. Dependency entries are not evidence of live-provider certification; see mobile advisory limitation.,True,False,False,False
src/lib/providers/browser-policy.mjs,24,CLOUDFLARE,SAFE CONFIGURATION,Reviewed registry/deployment/dependency metadata or documentation. Dependency entries are not evidence of live-provider certification; see mobile advisory limitation.,True,False,False,False
src/lib/providers/browser-policy.mjs,26,cloudflare,SAFE CONFIGURATION,Reviewed registry/deployment/dependency metadata or documentation. Dependency entries are not evidence of live-provider certification; see mobile advisory limitation.,True,False,False,False
src/lib/providers/browser-policy.mjs,26,https://${bucket,SAFE CONFIGURATION,Reviewed registry/deployment/dependency metadata or documentation. Dependency entries are not evidence of live-provider certification; see mobile advisory limitation.,True,False,False,False
src/lib/providers/browser-policy.mjs,26,r2,SAFE CONFIGURATION,Reviewed registry/deployment/dependency metadata or documentation. Dependency entries are not evidence of live-provider certification; see mobile advisory limitation.,True,False,False,False
src/lib/providers/catalog.mjs,3,paystack,SAFE CONFIGURATION,Reviewed registry/deployment/dependency metadata or documentation. Dependency entries are not evidence of live-provider certification; see mobile advisory limitation.,True,False,False,False
src/lib/providers/catalog.mjs,4,paystack,SAFE CONFIGURATION,Reviewed registry/deployment/dependency metadata or documentation. Dependency entries are not evidence of live-provider certification; see mobile advisory limitation.,True,False,False,False
src/lib/providers/catalog.mjs,12,typesense,SAFE CONFIGURATION,Reviewed registry/deployment/dependency metadata or documentation. Dependency entries are not evidence of live-provider certification; see mobile advisory limitation.,True,False,False,False
src/lib/providers/catalog.mjs,12,TYPESENSE,SAFE CONFIGURATION,Reviewed registry/deployment/dependency metadata or documentation. Dependency entries are not evidence of live-provider certification; see mobile advisory limitation.,True,False,False,False
src/lib/providers/catalog.mjs,14,s3,SAFE CONFIGURATION,Reviewed registry/deployment/dependency metadata or documentation. Dependency entries are not evidence of live-provider certification; see mobile advisory limitation.,True,False,False,False
src/lib/providers/catalog.mjs,15,CLOUDFLARE,SAFE CONFIGURATION,Reviewed registry/deployment/dependency metadata or documentation. Dependency entries are not evidence of live-provider certification; see mobile advisory limitation.,True,False,False,False
src/lib/providers/catalog.mjs,15,r2,SAFE CONFIGURATION,Reviewed registry/deployment/dependency metadata or documentation. Dependency entries are not evidence of live-provider certification; see mobile advisory limitation.,True,False,False,False
src/lib/providers/catalog.mjs,17,GEOAPIFY,SAFE CONFIGURATION,Reviewed registry/deployment/dependency metadata or documentation. Dependency entries are not evidence of live-provider certification; see mobile advisory limitation.,True,False,False,False
src/lib/providers/catalog.mjs,17,geoapify,SAFE CONFIGURATION,Reviewed registry/deployment/dependency metadata or documentation. Dependency entries are not evidence of live-provider certification; see mobile advisory limitation.,True,False,False,False
src/lib/providers/catalog.mjs,18,RESEND,SAFE CONFIGURATION,Reviewed registry/deployment/dependency metadata or documentation. Dependency entries are not evidence of live-provider certification; see mobile advisory limitation.,True,False,False,False
src/lib/providers/catalog.mjs,18,resend,SAFE CONFIGURATION,Reviewed registry/deployment/dependency metadata or documentation. Dependency entries are not evidence of live-provider certification; see mobile advisory limitation.,True,False,False,False
src/lib/providers/catalog.mjs,19,arkesel,SAFE CONFIGURATION,Reviewed registry/deployment/dependency metadata or documentation. Dependency entries are not evidence of live-provider certification; see mobile advisory limitation.,True,False,False,False
src/lib/providers/catalog.mjs,19,ARKESEL,SAFE CONFIGURATION,Reviewed registry/deployment/dependency metadata or documentation. Dependency entries are not evidence of live-provider certification; see mobile advisory limitation.,True,False,False,False
src/lib/providers/catalog.mjs,20,fcm,SAFE CONFIGURATION,Reviewed registry/deployment/dependency metadata or documentation. Dependency entries are not evidence of live-provider certification; see mobile advisory limitation.,True,False,False,False
src/lib/providers/catalog.mjs,21,FYLINGS,SAFE CONFIGURATION,Reviewed registry/deployment/dependency metadata or documentation. Dependency entries are not evidence of live-provider certification; see mobile advisory limitation.,True,False,False,False
src/lib/providers/catalog.mjs,21,fylings,SAFE CONFIGURATION,Reviewed registry/deployment/dependency metadata or documentation. Dependency entries are not evidence of live-provider certification; see mobile advisory limitation.,True,False,False,False
src/lib/providers/catalog.mjs,59,typesense,SAFE CONFIGURATION,Reviewed registry/deployment/dependency metadata or documentation. Dependency entries are not evidence of live-provider certification; see mobile advisory limitation.,True,False,False,False
src/lib/providers/catalog.mjs,59,TYPESENSE,SAFE CONFIGURATION,Reviewed registry/deployment/dependency metadata or documentation. Dependency entries are not evidence of live-provider certification; see mobile advisory limitation.,True,False,False,False
src/lib/providers/catalog.mjs,61,s3,SAFE CONFIGURATION,Reviewed registry/deployment/dependency metadata or documentation. Dependency entries are not evidence of live-provider certification; see mobile advisory limitation.,True,False,False,False
src/lib/providers/catalog.mjs,62,s3,SAFE CONFIGURATION,Reviewed registry/deployment/dependency metadata or documentation. Dependency entries are not evidence of live-provider certification; see mobile advisory limitation.,True,False,False,False
src/lib/providers/catalog.mjs,63,s3,SAFE CONFIGURATION,Reviewed registry/deployment/dependency metadata or documentation. Dependency entries are not evidence of live-provider certification; see mobile advisory limitation.,True,False,False,False
src/lib/providers/catalog.mjs,64,s3,SAFE CONFIGURATION,Reviewed registry/deployment/dependency metadata or documentation. Dependency entries are not evidence of live-provider certification; see mobile advisory limitation.,True,False,False,False
src/lib/providers/catalog.mjs,66,r2,SAFE CONFIGURATION,Reviewed registry/deployment/dependency metadata or documentation. Dependency entries are not evidence of live-provider certification; see mobile advisory limitation.,True,False,False,False
src/lib/providers/catalog.mjs,67,CLOUDFLARE,SAFE CONFIGURATION,Reviewed registry/deployment/dependency metadata or documentation. Dependency entries are not evidence of live-provider certification; see mobile advisory limitation.,True,False,False,False
src/lib/providers/catalog.mjs,67,r2,SAFE CONFIGURATION,Reviewed registry/deployment/dependency metadata or documentation. Dependency entries are not evidence of live-provider certification; see mobile advisory limitation.,True,False,False,False
src/lib/providers/catalog.mjs,68,CLOUDFLARE,SAFE CONFIGURATION,Reviewed registry/deployment/dependency metadata or documentation. Dependency entries are not evidence of live-provider certification; see mobile advisory limitation.,True,False,False,False
src/lib/providers/catalog.mjs,68,r2,SAFE CONFIGURATION,Reviewed registry/deployment/dependency metadata or documentation. Dependency entries are not evidence of live-provider certification; see mobile advisory limitation.,True,False,False,False
src/lib/providers/catalog.mjs,70,FYLINGS,SAFE CONFIGURATION,Reviewed registry/deployment/dependency metadata or documentation. Dependency entries are not evidence of live-provider certification; see mobile advisory limitation.,True,False,False,False
src/lib/providers/catalog.mjs,70,fylings,SAFE CONFIGURATION,Reviewed registry/deployment/dependency metadata or documentation. Dependency entries are not evidence of live-provider certification; see mobile advisory limitation.,True,False,False,False
src/lib/providers/catalog.mjs,71,fcm,SAFE CONFIGURATION,Reviewed registry/deployment/dependency metadata or documentation. Dependency entries are not evidence of live-provider certification; see mobile advisory limitation.,True,False,False,False
src/lib/providers/catalog.mjs,75,fcm,SAFE CONFIGURATION,Reviewed registry/deployment/dependency metadata or documentation. Dependency entries are not evidence of live-provider certification; see mobile advisory limitation.,True,False,False,False
src/lib/providers/catalog.mjs,77,arkesel,SAFE CONFIGURATION,Reviewed registry/deployment/dependency metadata or documentation. Dependency entries are not evidence of live-provider certification; see mobile advisory limitation.,True,False,False,False
src/lib/providers/catalog.mjs,77,ARKESEL,SAFE CONFIGURATION,Reviewed registry/deployment/dependency metadata or documentation. Dependency entries are not evidence of live-provider certification; see mobile advisory limitation.,True,False,False,False
src/lib/security/internal-job-auth.server.ts,16,Vercel,SAFE CONFIGURATION,Transport/security standard or deployment-owned protocol configuration; no mandatory business vendor. Public STUN defaults remain absent.,True,False,False,False
src/lib/security/internal-job-auth.server.ts,29,vercel,SAFE CONFIGURATION,Transport/security standard or deployment-owned protocol configuration; no mandatory business vendor. Public STUN defaults remain absent.,True,False,False,False
src/lib/security/native-redis-rate-limit.server.ts,23,Redis,SAFE ADAPTER CODE,"Adapter or protocol implementation owns authentication, endpoint, response mapping, or transport. Does not make this service universally required.",True,True,False,False
src/lib/security/native-redis-rate-limit.server.ts,45,Redis,SAFE ADAPTER CODE,"Adapter or protocol implementation owns authentication, endpoint, response mapping, or transport. Does not make this service universally required.",True,True,False,False
src/lib/security/native-redis-rate-limit.server.ts,56,redis,SAFE ADAPTER CODE,"Adapter or protocol implementation owns authentication, endpoint, response mapping, or transport. Does not make this service universally required.",True,True,False,False
src/lib/security/native-redis-rate-limit.server.ts,57,redis,SAFE ADAPTER CODE,"Adapter or protocol implementation owns authentication, endpoint, response mapping, or transport. Does not make this service universally required.",True,True,False,False
src/lib/security/native-redis-rate-limit.server.ts,57,Render,SAFE ADAPTER CODE,"Adapter or protocol implementation owns authentication, endpoint, response mapping, or transport. Does not make this service universally required.",True,True,False,False
src/lib/security/native-redis-rate-limit.server.ts,58,RENDER,SAFE ADAPTER CODE,"Adapter or protocol implementation owns authentication, endpoint, response mapping, or transport. Does not make this service universally required.",True,True,False,False
src/lib/security/native-redis-rate-limit.server.ts,111,Redis,SAFE ADAPTER CODE,"Adapter or protocol implementation owns authentication, endpoint, response mapping, or transport. Does not make this service universally required.",True,True,False,False
src/lib/security/native-redis-rate-limit.server.ts,133,Redis,SAFE ADAPTER CODE,"Adapter or protocol implementation owns authentication, endpoint, response mapping, or transport. Does not make this service universally required.",True,True,False,False
src/lib/security/native-redis-rate-limit.server.ts,136,Redis,SAFE ADAPTER CODE,"Adapter or protocol implementation owns authentication, endpoint, response mapping, or transport. Does not make this service universally required.",True,True,False,False
src/lib/security/native-redis-rate-limit.server.ts,167,Redis,SAFE ADAPTER CODE,"Adapter or protocol implementation owns authentication, endpoint, response mapping, or transport. Does not make this service universally required.",True,True,False,False
src/lib/security/native-redis-rate-limit.server.ts,182,redis,SAFE ADAPTER CODE,"Adapter or protocol implementation owns authentication, endpoint, response mapping, or transport. Does not make this service universally required.",True,True,False,False
src/lib/security/native-redis-rate-limit.server.ts,184,Redis,SAFE ADAPTER CODE,"Adapter or protocol implementation owns authentication, endpoint, response mapping, or transport. Does not make this service universally required.",True,True,False,False
src/lib/security/native-redis-rate-limit.server.ts,187,Redis,SAFE ADAPTER CODE,"Adapter or protocol implementation owns authentication, endpoint, response mapping, or transport. Does not make this service universally required.",True,True,False,False
src/lib/security/rate-limit.server.ts,7,redis,SAFE CONFIGURATION,Transport/security standard or deployment-owned protocol configuration; no mandatory business vendor. Public STUN defaults remain absent.,True,False,False,False
src/lib/security/rate-limit.server.ts,24,VERCEL,SAFE CONFIGURATION,Transport/security standard or deployment-owned protocol configuration; no mandatory business vendor. Public STUN defaults remain absent.,True,False,False,False
src/lib/security/rate-limit.server.ts,29,vercel,SAFE CONFIGURATION,Transport/security standard or deployment-owned protocol configuration; no mandatory business vendor. Public STUN defaults remain absent.,True,False,False,False
src/lib/security/rate-limit.server.ts,29,Vercel,SAFE CONFIGURATION,Transport/security standard or deployment-owned protocol configuration; no mandatory business vendor. Public STUN defaults remain absent.,True,False,False,False
src/lib/security/rate-limit.server.ts,34,vercel,SAFE CONFIGURATION,Transport/security standard or deployment-owned protocol configuration; no mandatory business vendor. Public STUN defaults remain absent.,True,False,False,False
src/lib/security/rate-limit.server.ts,36,VERCEL,SAFE CONFIGURATION,Transport/security standard or deployment-owned protocol configuration; no mandatory business vendor. Public STUN defaults remain absent.,True,False,False,False
src/lib/security/rate-limit.server.ts,68,Redis,SAFE CONFIGURATION,Transport/security standard or deployment-owned protocol configuration; no mandatory business vendor. Public STUN defaults remain absent.,True,False,False,False
src/lib/security/rate-limit.server.ts,68,Render,SAFE CONFIGURATION,Transport/security standard or deployment-owned protocol configuration; no mandatory business vendor. Public STUN defaults remain absent.,True,False,False,False
src/lib/security/rate-limit.server.ts,68,Valkey,SAFE CONFIGURATION,Transport/security standard or deployment-owned protocol configuration; no mandatory business vendor. Public STUN defaults remain absent.,True,False,False,False
src/lib/security/rate-limit.server.ts,69,Upstash,SAFE CONFIGURATION,Transport/security standard or deployment-owned protocol configuration; no mandatory business vendor. Public STUN defaults remain absent.,True,False,False,False
src/lib/security/rate-limit.server.ts,70,REDIS,SAFE CONFIGURATION,Transport/security standard or deployment-owned protocol configuration; no mandatory business vendor. Public STUN defaults remain absent.,True,False,False,False
src/lib/security/rate-limit.server.ts,71,REDIS,SAFE CONFIGURATION,Transport/security standard or deployment-owned protocol configuration; no mandatory business vendor. Public STUN defaults remain absent.,True,False,False,False
src/lib/security/rate-limit.server.ts,77,Redis,SAFE CONFIGURATION,Transport/security standard or deployment-owned protocol configuration; no mandatory business vendor. Public STUN defaults remain absent.,True,False,False,False
src/lib/security/rate-limit.server.ts,81,redis,SAFE CONFIGURATION,Transport/security standard or deployment-owned protocol configuration; no mandatory business vendor. Public STUN defaults remain absent.,True,False,False,False
src/lib/security/rate-limit.server.ts,97,Redis,SAFE CONFIGURATION,Transport/security standard or deployment-owned protocol configuration; no mandatory business vendor. Public STUN defaults remain absent.,True,False,False,False
src/lib/storage/provider.ts,3,R2,SAFE CONFIGURATION,"Configured API origin, platform SDK import, protocol/interface documentation, placeholder URL, or standard namespace. No hard-coded server financial behavior.",True,False,False,False
src/lib/storage/provider.ts,3,S3,SAFE CONFIGURATION,"Configured API origin, platform SDK import, protocol/interface documentation, placeholder URL, or standard namespace. No hard-coded server financial behavior.",True,False,False,False
src/lib/storage/r2.server.ts,2,s3,SAFE ADAPTER CODE,"Adapter or protocol implementation owns authentication, endpoint, response mapping, or transport. Does not make this service universally required.",True,True,False,False
src/lib/storage/r2.server.ts,5,r2,SAFE ADAPTER CODE,"Adapter or protocol implementation owns authentication, endpoint, response mapping, or transport. Does not make this service universally required.",True,True,False,False
src/lib/storage/r2.server.ts,8,R2,SAFE ADAPTER CODE,"Adapter or protocol implementation owns authentication, endpoint, response mapping, or transport. Does not make this service universally required.",True,True,False,False
src/lib/storage/r2.server.ts,9,Cloudflare,SAFE ADAPTER CODE,"Adapter or protocol implementation owns authentication, endpoint, response mapping, or transport. Does not make this service universally required.",True,True,False,False
src/lib/storage/r2.server.ts,11,CLOUDFLARE,SAFE ADAPTER CODE,"Adapter or protocol implementation owns authentication, endpoint, response mapping, or transport. Does not make this service universally required.",True,True,False,False
src/lib/storage/r2.server.ts,12,CLOUDFLARE,SAFE ADAPTER CODE,"Adapter or protocol implementation owns authentication, endpoint, response mapping, or transport. Does not make this service universally required.",True,True,False,False
src/lib/storage/r2.server.ts,13,CLOUDFLARE,SAFE ADAPTER CODE,"Adapter or protocol implementation owns authentication, endpoint, response mapping, or transport. Does not make this service universally required.",True,True,False,False
src/lib/storage/r2.server.ts,14,cloudflare,SAFE ADAPTER CODE,"Adapter or protocol implementation owns authentication, endpoint, response mapping, or transport. Does not make this service universally required.",True,True,False,False
src/lib/storage/r2.server.ts,14,https://${bucket,SAFE ADAPTER CODE,"Adapter or protocol implementation owns authentication, endpoint, response mapping, or transport. Does not make this service universally required.",True,True,False,False
src/lib/storage/r2.server.ts,14,r2,SAFE ADAPTER CODE,"Adapter or protocol implementation owns authentication, endpoint, response mapping, or transport. Does not make this service universally required.",True,True,False,False
src/lib/storage/r2.server.ts,15,CLOUDFLARE,SAFE ADAPTER CODE,"Adapter or protocol implementation owns authentication, endpoint, response mapping, or transport. Does not make this service universally required.",True,True,False,False
src/lib/storage/registry.server.ts,2,Cloudflare,SAFE CONFIGURATION,Reviewed registry/deployment/dependency metadata or documentation. Dependency entries are not evidence of live-provider certification; see mobile advisory limitation.,True,False,False,False
src/lib/storage/registry.server.ts,2,r2,SAFE CONFIGURATION,Reviewed registry/deployment/dependency metadata or documentation. Dependency entries are not evidence of live-provider certification; see mobile advisory limitation.,True,False,False,False
src/lib/storage/registry.server.ts,3,s3,SAFE CONFIGURATION,Reviewed registry/deployment/dependency metadata or documentation. Dependency entries are not evidence of live-provider certification; see mobile advisory limitation.,True,False,False,False
src/lib/storage/registry.server.ts,6,Cloudflare,SAFE CONFIGURATION,Reviewed registry/deployment/dependency metadata or documentation. Dependency entries are not evidence of live-provider certification; see mobile advisory limitation.,True,False,False,False
src/lib/storage/registry.server.ts,6,r2,SAFE CONFIGURATION,Reviewed registry/deployment/dependency metadata or documentation. Dependency entries are not evidence of live-provider certification; see mobile advisory limitation.,True,False,False,False
src/lib/storage/registry.server.ts,7,s3,SAFE CONFIGURATION,Reviewed registry/deployment/dependency metadata or documentation. Dependency entries are not evidence of live-provider certification; see mobile advisory limitation.,True,False,False,False
src/lib/storage/s3.server.ts,52,AWS4,SAFE ADAPTER CODE,"Adapter or protocol implementation owns authentication, endpoint, response mapping, or transport. Does not make this service universally required.",True,True,False,False
src/lib/storage/s3.server.ts,54,s3,SAFE ADAPTER CODE,"Adapter or protocol implementation owns authentication, endpoint, response mapping, or transport. Does not make this service universally required.",True,True,False,False
src/lib/storage/s3.server.ts,55,aws4,SAFE ADAPTER CODE,"Adapter or protocol implementation owns authentication, endpoint, response mapping, or transport. Does not make this service universally required.",True,True,False,False
src/lib/storage/s3.server.ts,111,aws4,SAFE ADAPTER CODE,"Adapter or protocol implementation owns authentication, endpoint, response mapping, or transport. Does not make this service universally required.",True,True,False,False
src/lib/storage/s3.server.ts,111,s3,SAFE ADAPTER CODE,"Adapter or protocol implementation owns authentication, endpoint, response mapping, or transport. Does not make this service universally required.",True,True,False,False
src/lib/storage/s3.server.ts,114,AWS4,SAFE ADAPTER CODE,"Adapter or protocol implementation owns authentication, endpoint, response mapping, or transport. Does not make this service universally required.",True,True,False,False
src/lib/storage/s3.server.ts,139,aws4,SAFE ADAPTER CODE,"Adapter or protocol implementation owns authentication, endpoint, response mapping, or transport. Does not make this service universally required.",True,True,False,False
src/lib/storage/s3.server.ts,139,s3,SAFE ADAPTER CODE,"Adapter or protocol implementation owns authentication, endpoint, response mapping, or transport. Does not make this service universally required.",True,True,False,False
src/lib/storage/s3.server.ts,141,AWS4,SAFE ADAPTER CODE,"Adapter or protocol implementation owns authentication, endpoint, response mapping, or transport. Does not make this service universally required.",True,True,False,False
src/lib/storage/s3.server.ts,190,aws4,SAFE ADAPTER CODE,"Adapter or protocol implementation owns authentication, endpoint, response mapping, or transport. Does not make this service universally required.",True,True,False,False
src/lib/storage/s3.server.ts,190,s3,SAFE ADAPTER CODE,"Adapter or protocol implementation owns authentication, endpoint, response mapping, or transport. Does not make this service universally required.",True,True,False,False
src/lib/storage/s3.server.ts,207,AWS4,SAFE ADAPTER CODE,"Adapter or protocol implementation owns authentication, endpoint, response mapping, or transport. Does not make this service universally required.",True,True,False,False
src/lib/storage/s3.server.ts,222,AWS4,SAFE ADAPTER CODE,"Adapter or protocol implementation owns authentication, endpoint, response mapping, or transport. Does not make this service universally required.",True,True,False,False
src/lib/storage/s3.server.ts,234,aws4,SAFE ADAPTER CODE,"Adapter or protocol implementation owns authentication, endpoint, response mapping, or transport. Does not make this service universally required.",True,True,False,False
src/lib/storage/s3.server.ts,234,s3,SAFE ADAPTER CODE,"Adapter or protocol implementation owns authentication, endpoint, response mapping, or transport. Does not make this service universally required.",True,True,False,False
src/lib/storage/s3.server.ts,240,AWS4,SAFE ADAPTER CODE,"Adapter or protocol implementation owns authentication, endpoint, response mapping, or transport. Does not make this service universally required.",True,True,False,False
src/lib/storage/s3.server.ts,247,AWS4,SAFE ADAPTER CODE,"Adapter or protocol implementation owns authentication, endpoint, response mapping, or transport. Does not make this service universally required.",True,True,False,False
src/routes/login.tsx,139,resend,SAFE CONFIGURATION,"Ordinary UI resend/render wording, not the named external service.",True,False,False,False
src/routes/login.tsx,142,Resend,SAFE CONFIGURATION,"Ordinary UI resend/render wording, not the named external service.",True,False,False,False
src/routes/merchant/dashboard.tsx,113,https://erp.example.com/api/products,SAFE CONFIGURATION,"Configured API origin, platform SDK import, protocol/interface documentation, placeholder URL, or standard namespace. No hard-coded server financial behavior.",True,False,False,False
startup.sh,8,http://127.0.0.1:8080/,SAFE CONFIGURATION,Reviewed registry/deployment/dependency metadata or documentation. Dependency entries are not evidence of live-provider certification; see mobile advisory limitation.,True,False,False,False
vercel.json,2,https://openapi.vercel.sh/vercel.json,SAFE CONFIGURATION,Reviewed registry/deployment/dependency metadata or documentation. Dependency entries are not evidence of live-provider certification; see mobile advisory limitation.,True,False,False,False
